profile,seed,rating,policy,scenario,n_matches,prediction_log_loss,brier_score,rating_mae,rating_rmse,rating_volatility,expected_winprob_deviation,team_mmr_gap,role_mismatch_rate,within_team_variance,waiting_time_proxy,unfair_match_exposure,new_player_unfair_exposure,smurf_victimization,tail_unfairness_p95,cvar_unfairness_worst5,visible_rank_volatility,mmr_rank_divergence,churn_risk_proxy,loss_streak_exposure
medium,101,elo,random,baseline,966,0.6955549232221496,0.25121989575155024,360.2526942113246,471.79307078742033,0.11447208585107028,0.21065226876539922,28.06610473656178,0.0,5855.5400878428645,6.059627329192547,2.8805555555555555,2.5428571428571427,1.8125,0.44458144414255596,0.4646568094511941,138.19543990941708,14.814933002737366,0.23737178054736824,0.9125
medium,101,elo,nearest,baseline,1470,0.6944261092947281,0.2506287749446466,353.22464551945217,460.329742946433,0.1099648977074566,0.2299342038367878,27.65585410266739,0.0,80.75624859516633,6.126326530612245,3.6305555555555555,2.652173913043478,1.7277777777777779,0.4543233953407879,0.47193868183578136,139.0389800746095,14.026853896598091,0.2780485608291734,0.7486111111111111
medium,101,elo,expanding,baseline,1470,0.6944261092947281,0.2506287749446466,353.22464551945217,460.329742946433,0.1099648977074566,0.2299342038367878,27.65585410266739,0.0,80.75624859516633,6.126326530612245,3.6305555555555555,2.652173913043478,1.7277777777777779,0.4543233953407879,0.47193868183578136,139.0389800746095,14.026853896598091,0.2780485608291734,0.7486111111111111
medium,101,elo,role_aware,baseline,336,0.6930586198851938,0.24995087375808137,366.0783668363553,476.6311414344517,0.09339119523623923,0.1444775790094723,8.160954199261306,0.0,3790.8787590581196,5.968452380952381,2.0,0.3246753246753247,2.9069444444444446,0.30789146673423284,0.3402316792062823,138.5243948606202,8.015846695690804,0.13318151147389948,0.44583333333333336
medium,101,elo,fairness_constrained,baseline,1344,0.6938606943688457,0.2503524914559532,354.5354444392172,463.3274117450614,0.1089294649951782,0.2284490065646812,27.848726062240022,0.0,549.7069928141276,5.942410714285715,3.3916666666666666,2.5657894736842106,2.2819444444444446,0.4525376561144071,0.47344210796031583,139.07909599611094,12.879896421163918,0.2526945074084252,0.6597222222222222
medium,101,elo,multi_objective,baseline,336,0.6930586198851938,0.24995087375808137,366.0783668363553,476.6311414344517,0.09339119523623923,0.1444775790094723,8.160954199261306,0.0,3790.8787590581196,5.968452380952381,2.0,0.3246753246753247,2.9069444444444446,0.30789146673423284,0.3402316792062823,138.5243948606202,8.015846695690804,0.13318151147389948,0.44583333333333336
medium,101,dynamic_k,random,baseline,966,0.6969047168269787,0.2516720906947761,356.4085970079966,464.68777987935647,0.17932971313016494,0.20699553986137834,45.49920964618151,0.0,6158.785344330729,6.07360248447205,2.6333333333333333,2.3333333333333335,1.7902777777777779,0.4480298883878428,0.4711372744055902,140.9627252116184,25.61292702227965,0.23703319280075913,0.8833333333333333
medium,101,dynamic_k,nearest,baseline,1470,0.6937911453454871,0.25030006906509406,342.435349666898,448.25766598219735,0.16839221347300087,0.22975547646406158,47.9023724237806,0.0,87.4901934764375,6.126326530612245,3.533333333333333,2.357142857142857,2.0069444444444446,0.45736959931822685,0.47600285664676867,143.6318890792509,22.90267257198201,0.2774908140106851,0.6708333333333333
medium,101,dynamic_k,expanding,baseline,1470,0.6937911453454871,0.25030006906509406,342.435349666898,448.25766598219735,0.16839221347300087,0.22975547646406158,47.9023724237806,0.0,87.4901934764375,6.126326530612245,3.533333333333333,2.357142857142857,2.0069444444444446,0.45736959931822685,0.47600285664676867,143.6318890792509,22.90267257198201,0.2774908140106851,0.6708333333333333
medium,101,dynamic_k,role_aware,baseline,336,0.6967196145445295,0.25177639510967836,363.6277239079537,471.9532013124084,0.134039202269898,0.1371156643515349,8.18817894659154,0.0,4016.344858401157,5.942857142857143,1.9861111111111112,0.475,3.1819444444444445,0.2929690659913707,0.3273672715908653,142.61242719093275,15.23434556191202,0.1400505260148321,0.4222222222222222
medium,101,dynamic_k,fairness_constrained,baseline,1218,0.6935939199220114,0.2502078419452051,348.2431418779624,454.9880857441786,0.16295377169683134,0.22211156629068907,46.068698846368314,0.0,729.7597119191906,6.10911330049261,3.158333333333333,2.287671232876712,2.4069444444444446,0.4558668581459057,0.47462971721732894,142.7802788125282,22.30338611188022,0.24800749538400474,0.6652777777777777
medium,101,dynamic_k,multi_objective,baseline,336,0.6967196145445295,0.25177639510967836,363.6277239079537,471.9532013124084,0.134039202269898,0.1371156643515349,8.18817894659154,0.0,4016.344858401157,5.942857142857143,1.9861111111111112,0.475,3.1819444444444445,0.2929690659913707,0.3273672715908653,142.61242719093275,15.23434556191202,0.1400505260148321,0.4222222222222222
medium,101,glicko_like,random,baseline,966,0.6964659258251273,0.2515153836770579,355.3286122315212,465.3624405597845,0.1557897008216999,0.2170385784922773,38.09872713200154,0.0,6005.150032862282,6.03944099378882,2.811111111111111,2.515151515151515,1.8472222222222223,0.44101212094391884,0.46502395064411145,139.4270583692044,22.167967900103005,0.24015960694302382,0.8819444444444444
medium,101,glicko_like,nearest,baseline,1470,0.6937913973455041,0.25031621970390494,349.5217768640487,457.621629782583,0.13739579080633646,0.22956030409077505,37.59789489044185,0.0,88.6721117805535,6.126326530612245,3.6166666666666667,2.676056338028169,1.711111111111111,0.4576435847447658,0.4740386572625252,140.47245641440205,18.01996939944365,0.2794489898833667,0.6680555555555555
medium,101,glicko_like,expanding,baseline,1470,0.6937913973455041,0.25031621970390494,349.5217768640487,457.621629782583,0.13739579080633646,0.22956030409077505,37.59789489044185,0.0,88.6721117805535,6.126326530612245,3.6166666666666667,2.676056338028169,1.711111111111111,0.4576435847447658,0.4740386572625252,140.47245641440205,18.01996939944365,0.2794489898833667,0.6680555555555555
medium,101,glicko_like,role_aware,baseline,336,0.6957700688695888,0.25129174457046266,364.38217192359855,475.73946288928505,0.10915843606363092,0.13655594085687048,9.289518076956956,0.0,3993.9373490447883,5.944642857142857,1.8333333333333333,0.41025641025641024,3.154166666666667,0.3109069335029686,0.3578969645097855,139.96475789132955,10.666968900981864,0.12543546127793273,0.3875
medium,101,glicko_like,fairness_constrained,baseline,1092,0.6941175968559374,0.2504801733418366,351.50708017974137,459.9060070052524,0.1316933238981674,0.21750345263165985,36.16495330248508,0.0,805.4206077661967,6.069871794871795,2.9916666666666667,1.9733333333333334,2.448611111111111,0.45199818160236127,0.4742330639268975,140.15221925037324,18.34117746815642,0.23028619526126662,0.6486111111111111
medium,101,glicko_like,multi_objective,baseline,336,0.6957700688695888,0.25129174457046266,364.38217192359855,475.73946288928505,0.10915843606363092,0.13655594085687048,9.289518076956956,0.0,3993.9373490447883,5.944642857142857,1.8333333333333333,0.41025641025641024,3.154166666666667,0.3109069335029686,0.3578969645097855,139.96475789132955,10.666968900981864,0.12543546127793273,0.3875
medium,101,drift_aware,random,baseline,966,0.6940540815600377,0.2504792000223468,343.6310545662492,449.21558939650384,0.17882675375701199,0.21088698343321455,45.42421185359875,0.0,5244.354410420386,6.061180124223603,2.85,2.3692307692307693,1.9152777777777779,0.4442610210127229,0.4685135190873309,127.44463869958308,29.156761507409232,0.2583763212870459,0.9291666666666667
medium,101,drift_aware,nearest,baseline,1470,0.6940756746596207,0.25045898315535764,337.23601914393004,439.3469889576382,0.1694543965417382,0.22252290024239316,47.719556320777684,0.0,75.84577850837209,6.126326530612245,3.486111111111111,2.537313432835821,1.7583333333333333,0.456371532931438,0.4741728924727219,130.4388834486814,25.95568506821819,0.27269727479318223,0.6055555555555555
medium,101,drift_aware,expanding,baseline,1470,0.6940756746596207,0.25045898315535764,337.23601914393004,439.3469889576382,0.1694543965417382,0.22252290024239316,47.719556320777684,0.0,75.84577850837209,6.126326530612245,3.486111111111111,2.537313432835821,1.7583333333333333,0.456371532931438,0.4741728924727219,130.4388834486814,25.95568506821819,0.27269727479318223,0.6055555555555555
medium,101,drift_aware,role_aware,baseline,336,0.6962463159910295,0.25154455512474094,353.6316710483379,457.5197030415862,0.13543427479101827,0.1439315566833019,8.648166452529258,0.0,3596.8691592468886,5.951190476190476,2.0277777777777777,0.5569620253164557,3.2736111111111112,0.3222469781110667,0.35023259679828356,130.8852183933229,20.38160206710289,0.14965320394702317,0.3902777777777778
medium,101,drift_aware,fairness_constrained,baseline,1344,0.6939912738393251,0.2504200836346565,337.7145075747352,441.97910749975256,0.16736904977310638,0.2244226431313842,47.70122312477882,0.0,559.8786636579518,6.115252976190478,3.577777777777778,2.3529411764705883,2.2555555555555555,0.4544175321415858,0.47311967146907574,130.92863105307595,26.123231253514174,0.28117904593529663,0.5902777777777778
medium,101,drift_aware,multi_objective,baseline,336,0.6962463159910295,0.25154455512474094,353.6316710483379,457.5197030415862,0.13543427479101827,0.1439315566833019,8.648166452529258,0.0,3596.8691592468886,5.951190476190476,2.0277777777777777,0.5569620253164557,3.2736111111111112,0.3222469781110667,0.35023259679828356,130.8852183933229,20.38160206710289,0.14965320394702317,0.3902777777777778
medium,101,context_aware,random,baseline,966,0.6937909536327886,0.25020265748643356,352.00555852399515,461.76703732246784,0.17927233165569384,0.20924544837543158,45.994165351727126,0.0,6213.998918746605,6.090165631469979,2.7222222222222223,2.3970588235294117,1.898611111111111,0.44348988832201475,0.46585179799137166,141.487549628418,26.09038486404278,0.24199026956449565,0.9388888888888889
medium,101,context_aware,nearest,baseline,1470,0.6942504185866336,0.2505465517692507,339.99044086130203,444.3361797899658,0.17098646511157858,0.22911847989726164,48.50233489454273,0.0,76.976196328362,6.126326530612245,3.6555555555555554,2.739130434782609,1.9597222222222221,0.4559565896710664,0.4764520665772197,142.80215031130797,25.4104124864436,0.2975320848505285,0.7277777777777777
medium,101,context_aware,expanding,baseline,1470,0.6942504185866336,0.2505465517692507,339.99044086130203,444.3361797899658,0.17098646511157858,0.22911847989726164,48.50233489454273,0.0,76.976196328362,6.126326530612245,3.6555555555555554,2.739130434782609,1.9597222222222221,0.4559565896710664,0.4764520665772197,142.80215031130797,25.4104124864436,0.2975320848505285,0.7277777777777777
medium,101,context_aware,role_aware,baseline,336,0.6967196145445295,0.25177639510967836,363.6277239079537,471.9532013124084,0.134039202269898,0.1371156643515349,8.18817894659154,0.0,4016.344858401157,5.942857142857143,1.9861111111111112,0.475,3.1819444444444445,0.2929690659913707,0.3273672715908653,142.61242719093275,15.23434556191202,0.1400505260148321,0.4222222222222222
medium,101,context_aware,fairness_constrained,baseline,966,0.6941814157099216,0.2505138468305237,350.9078647260825,459.4730197322074,0.15743472971671085,0.21589846737508467,42.042983928190466,0.0,1022.7349819693684,6.098033126293996,2.852777777777778,2.012987012987013,2.6083333333333334,0.45120770855026904,0.4717017600012192,143.1423738305411,21.613872346935352,0.22511879594779038,0.6041666666666666
medium,101,context_aware,multi_objective,baseline,336,0.6967196145445295,0.25177639510967836,363.6277239079537,471.9532013124084,0.134039202269898,0.1371156643515349,8.18817894659154,0.0,4016.344858401157,5.942857142857143,1.9861111111111112,0.475,3.1819444444444445,0.2929690659913707,0.3273672715908653,142.61242719093275,15.23434556191202,0.1400505260148321,0.4222222222222222
medium,102,elo,random,baseline,1218,0.6953593465262476,0.25106826843867447,357.1919375482267,470.4235171086984,0.1170357309535538,0.23039884943262823,29.950614075957898,0.0,4862.776290376651,5.994499178981938,3.341666666666667,2.8333333333333335,1.4652777777777777,0.45586844427232637,0.47314240162240456,142.03774636753258,15.956966330589381,0.28279179730459686,0.9555555555555556
medium,102,elo,nearest,baseline,1722,0.6947533055907475,0.2507836225393582,352.4715889486426,465.6294717835392,0.11197099766080384,0.23712725547158867,28.896946745174272,0.0,76.59828174467565,5.980313588850175,4.091666666666667,2.984848484848485,0.9888888888888889,0.46609704045291306,0.4802406666348797,143.0260227419474,14.062808664894568,0.3165391303464879,0.7277777777777777
medium,102,elo,expanding,baseline,1722,0.6947533055907475,0.2507836225393582,352.4715889486426,465.6294717835392,0.11197099766080384,0.23712725547158867,28.896946745174272,0.0,76.59828174467565,5.980313588850175,4.091666666666667,2.984848484848485,0.9888888888888889,0.46609704045291306,0.4802406666348797,143.0260227419474,14.062808664894568,0.3165391303464879,0.7277777777777777
medium,102,elo,role_aware,baseline,336,0.6925372081393268,0.24967771998813293,367.52022794580364,483.1356386371019,0.09326758859434246,0.14203921334515726,8.839927263103588,0.0,6188.853554063363,5.835714285714286,2.0555555555555554,0.8369565217391305,2.4680555555555554,0.3084666541110272,0.3425230202155827,143.05289440079335,7.77662088582416,0.13060555980452743,0.37916666666666665
medium,102,elo,fairness_constrained,baseline,1848,0.6945399045100542,0.25066236026211974,353.36174719081987,466.16300246837176,0.11265461744387993,0.23416171877561945,29.992879057792308,0.0,436.2318287556521,5.992045454545454,4.247222222222222,2.9130434782608696,1.5138888888888888,0.46508297269418064,0.47974286369651437,143.40456922115098,13.734889470900741,0.3202585110041337,0.7180555555555556
medium,102,elo,multi_objective,baseline,336,0.6925372081393268,0.24967771998813293,367.52022794580364,483.1356386371019,0.09326758859434246,0.14203921334515726,8.839927263103588,0.0,6188.853554063363,5.835714285714286,2.0555555555555554,0.8369565217391305,2.4680555555555554,0.3084666541110272,0.3425230202155827,143.05289440079335,7.77662088582416,0.13060555980452743,0.37916666666666665
medium,102,dynamic_k,random,baseline,1218,0.69490362495355,0.2508471412840382,346.27093819347544,456.99434015352494,0.18509309182219735,0.22740790294304877,49.10069898682486,0.0,5086.712614536552,5.995730706075533,3.2944444444444443,2.9879518072289155,1.3888888888888888,0.4572662885728162,0.47605866110981165,145.19066290261836,27.80648727840083,0.2991102266259908,0.95
medium,102,dynamic_k,nearest,baseline,1722,0.6936044826935381,0.25021647695943555,339.873088827012,449.14413623505675,0.17330718367403647,0.23365440589178904,49.81884622013626,0.0,82.63904378208993,5.980313588850175,4.041666666666667,2.8405797101449277,1.1305555555555555,0.4597135716084124,0.47796318320404935,148.17764798151703,24.604698509948037,0.3242318370380583,0.6972222222222222
medium,102,dynamic_k,expanding,baseline,1722,0.6936044826935381,0.25021647695943555,339.873088827012,449.14413623505675,0.17330718367403647,0.23365440589178904,49.81884622013626,0.0,82.63904378208993,5.980313588850175,4.041666666666667,2.8405797101449277,1.1305555555555555,0.4597135716084124,0.47796318320404935,148.17764798151703,24.604698509948037,0.3242318370380583,0.6972222222222222
medium,102,dynamic_k,role_aware,baseline,336,0.694790595360846,0.25081763213686825,364.34333533993987,480.53233075259226,0.13443861849480038,0.14822383235416886,8.648517845403346,0.0,6201.706075363628,5.817261904761905,2.3055555555555554,1.2872340425531914,2.6680555555555556,0.3260167740189813,0.35921737987377433,146.2611633235368,15.516007114342134,0.16343699164772854,0.4486111111111111
medium,102,dynamic_k,fairness_constrained,baseline,1218,0.6948046555950707,0.25080396947260425,349.6970664908544,460.35961509807805,0.16275092655583676,0.2260640922782565,45.70631449445818,0.0,991.241319821855,5.892118226600986,3.3777777777777778,2.5,1.7277777777777779,0.4585878350571626,0.4743736001529039,147.10607625951766,23.546998722144806,0.2667524280957843,0.6930555555555555
medium,102,dynamic_k,multi_objective,baseline,336,0.694790595360846,0.25081763213686825,364.34333533993987,480.53233075259226,0.13443861849480038,0.14822383235416886,8.648517845403346,0.0,6201.706075363628,5.817261904761905,2.3055555555555554,1.2872340425531914,2.6680555555555556,0.3260167740189813,0.35921737987377433,146.2611633235368,15.516007114342134,0.16343699164772854,0.4486111111111111
medium,102,glicko_like,random,baseline,1218,0.6935392018589793,0.25017376696658417,348.78098055578295,463.89451775809613,0.15963320792322497,0.22767783659379046,41.82391491936887,0.0,4996.248084523448,5.998604269293923,3.2888888888888888,3.0963855421686746,1.4638888888888888,0.45709061690661273,0.4740703463225568,144.13035542129035,23.89423522672038,0.2850108027965853,0.9805555555555555
medium,102,glicko_like,nearest,baseline,1722,0.6932341815497389,0.2500197252340393,346.68079050249315,457.5838143820013,0.13916761581497447,0.23575716134172914,39.297869616777234,0.0,78.49255209300371,5.980313588850175,4.044444444444444,2.746268656716418,1.0152777777777777,0.46389323378108144,0.48016711075812274,144.99476058969142,19.91074903275171,0.3185226765771604,0.7402777777777778
medium,102,glicko_like,expanding,baseline,1722,0.6932341815497389,0.2500197252340393,346.68079050249315,457.5838143820013,0.13916761581497447,0.23575716134172914,39.297869616777234,0.0,78.49255209300371,5.980313588850175,4.044444444444444,2.746268656716418,1.0152777777777777,0.46389323378108144,0.48016711075812274,144.99476058969142,19.91074903275171,0.3185226765771604,0.7402777777777778
medium,102,glicko_like,role_aware,baseline,336,0.6913639484177102,0.24911329746238842,365.367407713287,481.16495430131454,0.10899889376670167,0.14055648208012136,8.26624353815122,0.0,5739.8265903328665,5.827976190476191,1.875,0.6179775280898876,2.441666666666667,0.3158733739232823,0.3644318343459162,144.08354496741404,11.263310329321188,0.1264004826033465,0.4
medium,102,glicko_like,fairness_constrained,baseline,1596,0.6941695886139938,0.250495166099657,349.68717439388803,463.70465918434115,0.1397704505687367,0.23095203373516673,38.99186873221174,0.0,678.2216073246065,5.964348370927318,3.7583333333333333,3.0933333333333333,1.5819444444444444,0.4618536179000824,0.4774178858691921,144.29903414780054,18.142632905972047,0.28800673090339685,0.6708333333333333
medium,102,glicko_like,multi_objective,baseline,336,0.6913639484177102,0.24911329746238842,365.367407713287,481.16495430131454,0.10899889376670167,0.14055648208012136,8.26624353815122,0.0,5739.8265903328665,5.827976190476191,1.875,0.6179775280898876,2.441666666666667,0.3158733739232823,0.3644318343459162,144.08354496741404,11.263310329321188,0.1264004826033465,0.4
medium,102,drift_aware,random,baseline,1218,0.6943543410724622,0.25056407766391836,339.73241945491833,447.6379062265566,0.18492541949631075,0.2258393554576406,49.26157637591188,0.0,4406.3133760000555,5.971921182266009,3.2055555555555557,2.775,1.301388888888889,0.4593921625307164,0.4774511841969013,130.53575883326593,29.912247007065595,0.2879173509856057,0.9166666666666666
medium,102,drift_aware,nearest,baseline,1722,0.6937051972874217,0.2502223932099381,332.0161023609593,437.4599462424624,0.1739364012903818,0.23730916017493908,50.27564981234861,0.0,80.5503332404839,5.980313588850175,4.013888888888889,2.578125,1.163888888888889,0.46355848620463064,0.479502369563995,134.23806194842982,28.583850861277025,0.3258939983555364,0.7361111111111112
medium,102,drift_aware,expanding,baseline,1722,0.6937051972874217,0.2502223932099381,332.0161023609593,437.4599462424624,0.1739364012903818,0.23730916017493908,50.27564981234861,0.0,80.5503332404839,5.980313588850175,4.013888888888889,2.578125,1.163888888888889,0.46355848620463064,0.479502369563995,134.23806194842982,28.583850861277025,0.3258939983555364,0.7361111111111112
medium,102,drift_aware,role_aware,baseline,336,0.6910166643228635,0.2489211921978436,359.05467537202344,470.54831310456035,0.13470772664452707,0.14188792804190328,9.824079950906,0.0,5879.949790990587,5.842261904761905,1.9444444444444444,0.8426966292134831,2.4763888888888888,0.3149696910840659,0.3610467775609925,134.74589268899956,19.440366100577574,0.14131314759763652,0.3972222222222222
medium,102,drift_aware,fairness_constrained,baseline,1470,0.6938489765256499,0.2503403467169536,342.30478418218604,449.96115233661214,0.16961700676010932,0.23118770261645932,48.98344508530877,0.0,677.3392694438986,5.96265306122449,3.797222222222222,3.012987012987013,1.7652777777777777,0.4595657532764271,0.47782013259374284,135.13707524195092,24.822059470278468,0.29552541401697613,0.5777777777777777
medium,102,drift_aware,multi_objective,baseline,336,0.6910166643228635,0.2489211921978436,359.05467537202344,470.54831310456035,0.13470772664452707,0.14188792804190328,9.824079950906,0.0,5879.949790990587,5.842261904761905,1.9444444444444444,0.8426966292134831,2.4763888888888888,0.3149696910840659,0.3610467775609925,134.74589268899956,19.440366100577574,0.14131314759763652,0.3972222222222222
medium,102,context_aware,random,baseline,1218,0.6945656752774928,0.25070074832089084,350.26062606542837,462.7912757889848,0.1860369251894031,0.2276469369137996,49.92899189862135,0.0,5069.32009417803,5.997372742200328,3.191666666666667,3.0689655172413794,1.4236111111111112,0.4549589166977805,0.4718057268645267,145.1247349977944,26.95592751264492,0.28495180657564184,0.9111111111111111
medium,102,context_aware,nearest,baseline,1722,0.6937696150208582,0.25029626623975293,341.1393623074954,450.22530651402695,0.1753999342809423,0.23207477694493256,50.58886115669924,0.0,84.53233975655705,5.980313588850175,3.9027777777777777,2.842857142857143,1.0555555555555556,0.46091898060729053,0.47685984889015604,147.58240809244575,25.81873423169713,0.31643188234993874,0.6958333333333333
medium,102,context_aware,expanding,baseline,1722,0.6937696150208582,0.25029626623975293,341.1393623074954,450.22530651402695,0.1753999342809423,0.23207477694493256,50.58886115669924,0.0,84.53233975655705,5.980313588850175,3.9027777777777777,2.842857142857143,1.0555555555555556,0.46091898060729053,0.47685984889015604,147.58240809244575,25.81873423169713,0.31643188234993874,0.6958333333333333
medium,102,context_aware,role_aware,baseline,336,0.694790595360846,0.25081763213686825,364.34333533993987,480.53233075259226,0.13443861849480038,0.14822383235416886,8.648517845403346,0.0,6201.706075363628,5.817261904761905,2.3055555555555554,1.2872340425531914,2.6680555555555556,0.3260167740189813,0.35921737987377433,146.2611633235368,15.516007114342134,0.16343699164772854,0.4486111111111111
medium,102,context_aware,fairness_constrained,baseline,1470,0.6947484050620482,0.25077053068522553,344.133074114391,454.7093603638925,0.17083646139104686,0.22953344701685116,49.39999197849081,0.0,895.6071218042574,6.047891156462586,3.7305555555555556,2.9066666666666667,1.6875,0.4572555279983084,0.4741286367313743,147.5438317606262,25.227943123393775,0.2959178304909124,0.6708333333333333
medium,102,context_aware,multi_objective,baseline,336,0.694790595360846,0.25081763213686825,364.34333533993987,480.53233075259226,0.13443861849480038,0.14822383235416886,8.648517845403346,0.0,6201.706075363628,5.817261904761905,2.3055555555555554,1.2872340425531914,2.6680555555555556,0.3260167740189813,0.35921737987377433,146.2611633235368,15.516007114342134,0.16343699164772854,0.4486111111111111
medium,103,elo,random,baseline,1470,0.6930201624634464,0.24993788481523763,352.0852787384134,452.1203220313351,0.11858960486759014,0.22737638577006863,30.648405067773012,0.0,3174.7183692781077,6.065442176870749,3.525,3.1176470588235294,1.55,0.45572564313484243,0.47307833231367286,139.90924732953022,15.675432706815126,0.28294126245424855,0.9611111111111111
medium,103,elo,nearest,baseline,1344,0.6939181762089274,0.2503806601932099,353.14795231922477,451.46865641302736,0.10725481208640841,0.23324552691965353,27.076849426372704,0.0,86.32149346160159,5.892633928571429,3.5555555555555554,2.7837837837837838,1.5611111111111111,0.46243381648188436,0.4757896301700723,140.39561911981136,13.64033440159527,0.27574020772894314,0.7055555555555556
medium,103,elo,expanding,baseline,1344,0.6939181762089274,0.2503806601932099,353.14795231922477,451.46865641302736,0.10725481208640841,0.23324552691965353,27.076849426372704,0.0,86.32149346160159,5.892633928571429,3.5555555555555554,2.7837837837837838,1.5611111111111111,0.46243381648188436,0.4757896301700723,140.39561911981136,13.64033440159527,0.27574020772894314,0.7055555555555556
medium,103,elo,role_aware,baseline,336,0.694648610301243,0.25074599265889547,364.7481458236519,464.7943675843651,0.09259909228077311,0.12626677231376973,8.503879720766102,0.0,4257.334058601746,5.999702380952381,1.5694444444444444,0.30864197530864196,2.65,0.3018948322047036,0.3463120601564152,140.5807327901381,7.5956914773654365,0.09859304470116048,0.35138888888888886
medium,103,elo,fairness_constrained,baseline,1092,0.6950789034268339,0.2508303641245996,357.3221276744026,457.12841253708467,0.10475986873789286,0.2153826178021847,26.861234934785216,0.0,968.3582692150621,6.0377289377289385,2.977777777777778,2.1538461538461537,2.2375,0.4466164343088208,0.4705783641113532,140.28736831016732,11.987418242870621,0.22422276048639964,0.6305555555555555
medium,103,elo,multi_objective,baseline,336,0.694648610301243,0.25074599265889547,364.7481458236519,464.7943675843651,0.09259909228077311,0.12626677231376973,8.503879720766102,0.0,4257.334058601746,5.999702380952381,1.5694444444444444,0.30864197530864196,2.65,0.3018948322047036,0.3463120601564152,140.5807327901381,7.5956914773654365,0.09859304470116048,0.35138888888888886
medium,103,dynamic_k,random,baseline,1470,0.6943049380733542,0.25057885683272585,343.6561232203113,440.60201164709656,0.18789728202237552,0.22373540213804194,50.832937857694034,0.0,3373.903100372735,6.035850340136055,3.5166666666666666,3.015151515151515,1.4625,0.45820108176088625,0.4759862906678389,143.1010686101349,27.845581202405945,0.3017032231020503,0.9736111111111111
medium,103,dynamic_k,nearest,baseline,1344,0.6938155195542371,0.25031506027304834,343.84214814517924,437.7490125600148,0.16248895449369244,0.23092556625317395,46.39491774346415,0.0,88.46419838952264,5.892633928571429,3.5388888888888888,2.536231884057971,1.636111111111111,0.4636623670713396,0.4781027570026934,144.48840990412043,24.16301967825209,0.28594796186569604,0.7111111111111111
medium,103,dynamic_k,expanding,baseline,1344,0.6938155195542371,0.25031506027304834,343.84214814517924,437.7490125600148,0.16248895449369244,0.23092556625317395,46.39491774346415,0.0,88.46419838952264,5.892633928571429,3.5388888888888888,2.536231884057971,1.636111111111111,0.4636623670713396,0.4781027570026934,144.48840990412043,24.16301967825209,0.28594796186569604,0.7111111111111111
medium,103,dynamic_k,role_aware,baseline,336,0.692474331001795,0.249665542152805,367.7390500348924,467.82010868937016,0.13190112793853656,0.1299722943912141,8.568384526828579,0.0,4568.555540362764,6.003273809523809,1.7916666666666667,0.4125,2.951388888888889,0.2846752192260479,0.33155481534508585,144.30943661174481,14.595982071924169,0.12610012231710646,0.38055555555555554
medium,103,dynamic_k,fairness_constrained,baseline,1218,0.693122505310087,0.24999330159240155,345.62625651887026,444.58804621927743,0.1613223091382377,0.22011111814654816,46.26552616938593,0.0,823.437942918599,5.93752052545156,3.1416666666666666,2.4545454545454546,2.176388888888889,0.4554129222031819,0.4734323097076672,144.6659389587191,22.7820024505441,0.2538051059717285,0.6125
medium,103,dynamic_k,multi_objective,baseline,336,0.692474331001795,0.249665542152805,367.7390500348924,467.82010868937016,0.13190112793853656,0.1299722943912141,8.568384526828579,0.0,4568.555540362764,6.003273809523809,1.7916666666666667,0.4125,2.951388888888889,0.2846752192260479,0.33155481534508585,144.30943661174481,14.595982071924169,0.12610012231710646,0.38055555555555554
medium,103,glicko_like,random,baseline,1470,0.6944884006852337,0.2506596122075089,346.5151678901696,446.901982718711,0.15979970173806698,0.22777688557099887,40.9516354886955,0.0,3281.8138888909766,6.061020408163266,3.5805555555555557,3.0555555555555554,1.6236111111111111,0.45923712422190416,0.47435795802097674,141.68712233188717,23.206650123970974,0.2993378506622613,0.9430555555555555
medium,103,glicko_like,nearest,baseline,1344,0.6929875868474844,0.24992191114667386,347.6632983092213,445.94934135714146,0.13158394731241058,0.22917208065841174,36.389513053718225,0.0,91.7097274047427,5.892633928571429,3.411111111111111,2.712328767123288,1.4916666666666667,0.4619605708876917,0.4772227575018073,142.04568707305157,19.056449625074233,0.2666136768995927,0.7430555555555556
medium,103,glicko_like,expanding,baseline,1344,0.6929875868474844,0.24992191114667386,347.6632983092213,445.94934135714146,0.13158394731241058,0.22917208065841174,36.389513053718225,0.0,91.7097274047427,5.892633928571429,3.411111111111111,2.712328767123288,1.4916666666666667,0.4619605708876917,0.4772227575018073,142.04568707305157,19.056449625074233,0.2666136768995927,0.7430555555555556
medium,103,glicko_like,role_aware,baseline,336,0.6919325439027969,0.24939648217104823,364.7205873385725,464.84084491489676,0.1071432916110374,0.13222570981472653,8.38241693569867,0.0,4390.798398604753,5.988988095238095,1.8333333333333333,0.6296296296296297,2.9097222222222223,0.29628266880608795,0.3390549251900795,141.89494456716812,10.241033379833555,0.12280779398850655,0.3472222222222222
medium,103,glicko_like,fairness_constrained,baseline,1470,0.6933986770367756,0.25009025387065265,349.43082488287087,447.6472908098159,0.1354839120129652,0.2319548693580636,38.39558610269465,0.0,510.8823424087516,5.977687074829933,3.591666666666667,3.1621621621621623,2.0347222222222223,0.46151504549149935,0.4777436113428241,142.0252947816979,19.01206760097846,0.2818379632373251,0.6972222222222222
medium,103,glicko_like,multi_objective,baseline,336,0.6919325439027969,0.24939648217104823,364.7205873385725,464.84084491489676,0.1071432916110374,0.13222570981472653,8.38241693569867,0.0,4390.798398604753,5.988988095238095,1.8333333333333333,0.6296296296296297,2.9097222222222223,0.29628266880608795,0.3390549251900795,141.89494456716812,10.241033379833555,0.12280779398850655,0.3472222222222222
medium,103,drift_aware,random,baseline,1470,0.6928857307012951,0.2499052175939447,335.02248185484126,428.2542770202405,0.18813997782799238,0.22836004385555714,50.805670987815894,0.0,2844.4837089483963,6.0776870748299325,3.716666666666667,2.9692307692307693,1.5055555555555555,0.4567036718571579,0.47460213484581715,129.0897589978146,28.778944337861795,0.3223834781211265,0.9194444444444444
medium,103,drift_aware,nearest,baseline,1344,0.6936591408734719,0.2502419679496505,335.78380803927206,428.58927617210975,0.16280440097320165,0.2328753429064585,46.339311743525876,0.0,72.15057027009891,5.892633928571429,3.3583333333333334,2.7941176470588234,1.5569444444444445,0.4641304195523743,0.479681271423004,131.63477524302397,26.35107087478413,0.26774420911716657,0.675
medium,103,drift_aware,expanding,baseline,1344,0.6936591408734719,0.2502419679496505,335.78380803927206,428.58927617210975,0.16280440097320165,0.2328753429064585,46.339311743525876,0.0,72.15057027009891,5.892633928571429,3.3583333333333334,2.7941176470588234,1.5569444444444445,0.4641304195523743,0.479681271423004,131.63477524302397,26.35107087478413,0.26774420911716657,0.675
medium,103,drift_aware,role_aware,baseline,336,0.6931499354410344,0.25000350690085477,357.99668358117293,453.6259052105482,0.13260661717150088,0.1360012185320843,8.062745384056402,0.0,3767.9932400819825,5.974702380952381,1.8611111111111112,0.3924050632911392,2.786111111111111,0.3047227952067538,0.33988226155292833,131.75109978771843,18.646621600436408,0.13721617453791274,0.39861111111111114
medium,103,drift_aware,fairness_constrained,baseline,1218,0.6944836392478682,0.25062173368688745,344.34988386021166,434.63530749118877,0.16024409606169512,0.22474856481767222,46.86615093500008,0.0,766.7176323011812,6.044581280788178,3.352777777777778,2.4583333333333335,2.352777777777778,0.46068455635429106,0.4769650547567293,132.92738905681185,23.884969347877405,0.2548562400534026,0.46944444444444444
medium,103,drift_aware,multi_objective,baseline,336,0.6931499354410344,0.25000350690085477,357.99668358117293,453.6259052105482,0.13260661717150088,0.1360012185320843,8.062745384056402,0.0,3767.9932400819825,5.974702380952381,1.8611111111111112,0.3924050632911392,2.786111111111111,0.3047227952067538,0.33988226155292833,131.75109978771843,18.646621600436408,0.13721617453791274,0.39861111111111114
medium,103,context_aware,random,baseline,1470,0.6962357270792128,0.2514702279276949,342.1967069824488,439.0680602821167,0.18998030372651312,0.22762884963223115,51.06811343238981,0.0,3404.342779256949,6.047414965986395,3.5,2.9411764705882355,1.5152777777777777,0.45778339145057395,0.4745896938533323,143.59277919797233,26.628964817520014,0.29600761905857026,0.8986111111111111
medium,103,context_aware,nearest,baseline,1344,0.6937166433593034,0.250270133577269,340.99129254998155,438.248629510987,0.16451321320232787,0.22890873013114948,47.34358644983929,0.0,94.2255790311921,5.892633928571429,3.361111111111111,2.732394366197183,1.6125,0.4574580183394362,0.47479172550086984,144.54574852995412,24.304127782000144,0.27738502501644446,0.7027777777777777
medium,103,context_aware,expanding,baseline,1344,0.6937166433593034,0.250270133577269,340.99129254998155,438.248629510987,0.16451321320232787,0.22890873013114948,47.34358644983929,0.0,94.2255790311921,5.892633928571429,3.361111111111111,2.732394366197183,1.6125,0.4574580183394362,0.47479172550086984,144.54574852995412,24.304127782000144,0.27738502501644446,0.7027777777777777
medium,103,context_aware,role_aware,baseline,336,0.692474331001795,0.249665542152805,367.7390500348924,467.82010868937016,0.13190112793853656,0.1299722943912141,8.568384526828579,0.0,4568.555540362764,6.003273809523809,1.7916666666666667,0.4125,2.951388888888889,0.2846752192260479,0.33155481534508585,144.30943661174481,14.595982071924169,0.12610012231710646,0.38055555555555554
medium,103,context_aware,fairness_constrained,baseline,1344,0.6937021719903294,0.2502949793542051,345.6163466539573,443.3060950547263,0.16499715001083445,0.22330455387937692,48.12555244301601,0.0,575.1652299831344,5.903050595238096,3.4305555555555554,2.675675675675676,2.2527777777777778,0.45646049623531854,0.47360565261749676,144.30765726627695,22.038626048055242,0.26660058680195575,0.6791666666666667
medium,103,context_aware,multi_objective,baseline,336,0.692474331001795,0.249665542152805,367.7390500348924,467.82010868937016,0.13190112793853656,0.1299722943912141,8.568384526828579,0.0,4568.555540362764,6.003273809523809,1.7916666666666667,0.4125,2.951388888888889,0.2846752192260479,0.33155481534508585,144.30943661174481,14.595982071924169,0.12610012231710646,0.38055555555555554
medium,104,elo,random,baseline,1848,0.6934015529014161,0.25013274090127025,362.9836451800203,469.1359014027174,0.12129520821422608,0.22761441215960454,30.927640585268403,0.0,2134.63942083452,5.93327922077922,4.002777777777778,3.3114754098360657,1.2986111111111112,0.45728745922456737,0.47494120255174016,141.67748354782165,16.893198333404072,0.3237022798937236,1.0458333333333334
medium,104,elo,nearest,baseline,1344,0.6933451902518942,0.2500992922976935,365.60650671908013,471.6516527893392,0.10773145469287676,0.22366501334504202,26.854772963482706,0.0,50.57210758894479,5.972470238095238,3.5166666666666666,2.242857142857143,1.4513888888888888,0.45597459151017566,0.4741493359057337,141.67701272500045,12.691255672065745,0.26207923534498306,0.6777777777777778
medium,104,elo,expanding,baseline,1344,0.6933451902518942,0.2500992922976935,365.60650671908013,471.6516527893392,0.10773145469287676,0.22366501334504202,26.854772963482706,0.0,50.57210758894479,5.972470238095238,3.5166666666666666,2.242857142857143,1.4513888888888888,0.45597459151017566,0.4741493359057337,141.67701272500045,12.691255672065745,0.26207923534498306,0.6777777777777778
medium,104,elo,role_aware,baseline,336,0.6917853083130824,0.24932500693064213,376.7066698317809,485.04576645553715,0.09303557977602975,0.13615930911084773,8.777024193041381,0.0,4723.018625593082,5.843452380952381,2.0,0.5365853658536586,2.6305555555555555,0.29649478854989425,0.3480639576026905,141.52845820528944,7.738331192906307,0.1312734905433757,0.3958333333333333
medium,104,elo,fairness_constrained,baseline,1218,0.6938122498184728,0.2503322172600152,367.3968509169757,474.35121135403983,0.10656077264584324,0.2241202286686173,27.253353440708654,0.0,797.2227282750731,6.052380952380952,3.3694444444444445,1.9583333333333333,2.077777777777778,0.4518416632855385,0.4729384194814849,141.7859699021334,11.684932400614846,0.24366846603395864,0.6208333333333333
medium,104,elo,multi_objective,baseline,336,0.6917853083130824,0.24932500693064213,376.7066698317809,485.04576645553715,0.09303557977602975,0.13615930911084773,8.777024193041381,0.0,4723.018625593082,5.843452380952381,2.0,0.5365853658536586,2.6305555555555555,0.29649478854989425,0.3480639576026905,141.52845820528944,7.738331192906307,0.1312734905433757,0.3958333333333333
medium,104,dynamic_k,random,baseline,1848,0.692773792860353,0.24983934992530943,347.7283957023283,452.5731104807773,0.1937621640185978,0.2304681300886632,52.51813071716398,0.0,2271.422847389631,5.916504329004329,4.1,2.8688524590163933,1.2513888888888889,0.4574632485769273,0.4744133136934151,145.98252765013783,29.080576016339148,0.3476455354803373,1.023611111111111
medium,104,dynamic_k,nearest,baseline,1344,0.6939928517343772,0.25042046933024215,357.6901484179692,459.96875854092184,0.16346865970195867,0.22687001324148484,46.05659995218054,0.0,63.12977988802467,5.972470238095238,3.5805555555555557,2.4857142857142858,1.5305555555555554,0.4557333839560933,0.47486900721843883,146.38717079290817,22.75005969523145,0.2822455933828276,0.6333333333333333
medium,104,dynamic_k,expanding,baseline,1344,0.6939928517343772,0.25042046933024215,357.6901484179692,459.96875854092184,0.16346865970195867,0.22687001324148484,46.05659995218054,0.0,63.12977988802467,5.972470238095238,3.5805555555555557,2.4857142857142858,1.5305555555555554,0.4557333839560933,0.47486900721843883,146.38717079290817,22.75005969523145,0.2822455933828276,0.6333333333333333
medium,104,dynamic_k,role_aware,baseline,336,0.6964487667111673,0.2516314087302324,376.7084610566091,486.2205402754898,0.13264042694311295,0.13269786363912534,9.020018947459237,0.0,5238.7275021515015,5.812202380952381,1.75,0.6463414634146342,2.8444444444444446,0.3021770960694263,0.33487968907512616,145.54723939927933,13.895357785579593,0.12360587541993177,0.3875
medium,104,dynamic_k,fairness_constrained,baseline,1722,0.6941359686194474,0.25047452811008164,352.22905999611436,452.3997236977119,0.17240133853578962,0.23263859854457578,50.54871164033224,0.0,433.77017712257475,6.02711962833914,4.088888888888889,3.0714285714285716,1.8319444444444444,0.45923592426012805,0.47754063535907265,146.5910399772041,23.654894836392387,0.320417088122997,0.6277777777777778
medium,104,dynamic_k,multi_objective,baseline,336,0.6964487667111673,0.2516314087302324,376.7084610566091,486.2205402754898,0.13264042694311295,0.13269786363912534,9.020018947459237,0.0,5238.7275021515015,5.812202380952381,1.75,0.6463414634146342,2.8444444444444446,0.3021770960694263,0.33487968907512616,145.54723939927933,13.895357785579593,0.12360587541993177,0.3875
medium,104,glicko_like,random,baseline,1848,0.6940734025620785,0.25043527146221456,357.17127546292403,460.19859556297666,0.16030143748785963,0.23162978067358048,42.43162168767733,0.0,2181.1226183590848,5.932467532467533,4.136111111111111,3.5538461538461537,1.3916666666666666,0.45095629663027453,0.472648850900366,143.02973359918317,23.20698566307988,0.34492408624134985,0.9333333333333333
medium,104,glicko_like,nearest,baseline,1344,0.6935427243346894,0.2501975841544698,364.5491483144343,467.4240331924279,0.13289939463843306,0.2244618133851372,36.16992050969892,0.0,53.1529133460129,5.972470238095238,3.5194444444444444,2.242857142857143,1.3375,0.45735470877647805,0.4755002786227655,142.9525072985654,18.3376963150446,0.26939520528176697,0.675
medium,104,glicko_like,expanding,baseline,1344,0.6935427243346894,0.2501975841544698,364.5491483144343,467.4240331924279,0.13289939463843306,0.2244618133851372,36.16992050969892,0.0,53.1529133460129,5.972470238095238,3.5194444444444444,2.242857142857143,1.3375,0.45735470877647805,0.4755002786227655,142.9525072985654,18.3376963150446,0.26939520528176697,0.675
medium,104,glicko_like,role_aware,baseline,336,0.695463711033115,0.2511528018838065,373.57664490254217,480.9074655237474,0.1085356390847437,0.14308290348308775,8.218434901317142,0.0,5134.470882614606,5.808333333333334,1.9583333333333333,0.5769230769230769,2.8055555555555554,0.3170875499481407,0.35257720257354774,141.62928752899901,11.019805197272458,0.12655454117392215,0.37777777777777777
medium,104,glicko_like,fairness_constrained,baseline,1722,0.6935654210534712,0.2502100093308938,353.7847449481232,461.17025216548916,0.13762532391862717,0.23240645678282346,39.130908914327435,0.0,452.0889492051643,5.995238095238095,4.080555555555556,2.8181818181818183,1.6694444444444445,0.4631342393898244,0.4786114858658078,142.6990509364369,19.05132356507171,0.3122698042109051,0.6875
medium,104,glicko_like,multi_objective,baseline,336,0.695463711033115,0.2511528018838065,373.57664490254217,480.9074655237474,0.1085356390847437,0.14308290348308775,8.218434901317142,0.0,5134.470882614606,5.808333333333334,1.9583333333333333,0.5769230769230769,2.8055555555555554,0.3170875499481407,0.35257720257354774,141.62928752899901,11.019805197272458,0.12655454117392215,0.37777777777777777
medium,104,drift_aware,random,baseline,1848,0.6913698593853589,0.24913962258752237,346.5092420382358,442.1083683758414,0.19324256957626657,0.22807597186989587,52.90521770058432,0.0,1936.2357496237846,5.948971861471861,4.088888888888889,2.9464285714285716,1.2875,0.4536398190992203,0.4727505621941221,131.68660101890143,30.41163521797008,0.34887076836382863,0.9763888888888889
medium,104,drift_aware,nearest,baseline,1344,0.6935524677816951,0.2501982680857348,348.12817176261836,444.94387848452953,0.16317304087775036,0.22739252797241677,46.36775025806959,0.0,65.06515692767228,5.972470238095238,3.558333333333333,2.2028985507246377,1.5972222222222223,0.4565500120861613,0.4765822683084559,133.3099382258817,26.768426793605705,0.283126118508438,0.6472222222222223
medium,104,drift_aware,expanding,baseline,1344,0.6935524677816951,0.2501982680857348,348.12817176261836,444.94387848452953,0.16317304087775036,0.22739252797241677,46.36775025806959,0.0,65.06515692767228,5.972470238095238,3.558333333333333,2.2028985507246377,1.5972222222222223,0.4565500120861613,0.4765822683084559,133.3099382258817,26.768426793605705,0.283126118508438,0.6472222222222223
medium,104,drift_aware,role_aware,baseline,336,0.6956821588783861,0.251260079668593,364.92628202421497,466.42833823539183,0.1344798239381608,0.13853126596598636,8.454356338385688,0.0,4633.5795275289065,5.818452380952381,1.9444444444444444,0.4605263157894737,2.876388888888889,0.3156079478794785,0.34864995293997436,132.59432088184022,19.674151758612595,0.13660916938758383,0.3736111111111111
medium,104,drift_aware,fairness_constrained,baseline,1344,0.6934909162438152,0.2501716853863116,352.0002289407362,448.20586943162436,0.1643942046419983,0.22678246195059176,47.600471132926806,0.0,544.613194419966,6.06875,3.525,2.357142857142857,2.0416666666666665,0.4585218635098729,0.4778250988358482,133.5460293288292,25.144499963245945,0.27294761285369346,0.5944444444444444
medium,104,drift_aware,multi_objective,baseline,336,0.6956821588783861,0.251260079668593,364.92628202421497,466.42833823539183,0.1344798239381608,0.13853126596598636,8.454356338385688,0.0,4633.5795275289065,5.818452380952381,1.9444444444444444,0.4605263157894737,2.876388888888889,0.3156079478794785,0.34864995293997436,132.59432088184022,19.674151758612595,0.13660916938758383,0.3736111111111111
medium,104,context_aware,random,baseline,1848,0.6934469761481646,0.25011901543331444,347.00345954417423,450.00198199621576,0.19617647148605116,0.23002378448860175,53.63347039739569,0.0,2285.110621939125,5.926785714285714,4.111111111111111,3.4375,1.1777777777777778,0.4540623282110608,0.47196987013464836,145.23584615843336,30.707809783766727,0.35474601920621934,0.9805555555555555
medium,104,context_aware,nearest,baseline,1344,0.6932366530146479,0.2500417889689075,355.470242631562,458.82972271974995,0.16429720720023072,0.22514118021985743,46.88143407923872,0.0,63.12227240828969,5.972470238095238,3.4833333333333334,2.267605633802817,1.5583333333333333,0.4524708675034712,0.4741506714334321,146.0439014564422,23.036264007024936,0.27282011951815477,0.6583333333333333
medium,104,context_aware,expanding,baseline,1344,0.6932366530146479,0.2500417889689075,355.470242631562,458.82972271974995,0.16429720720023072,0.22514118021985743,46.88143407923872,0.0,63.12227240828969,5.972470238095238,3.4833333333333334,2.267605633802817,1.5583333333333333,0.4524708675034712,0.4741506714334321,146.0439014564422,23.036264007024936,0.27282011951815477,0.6583333333333333
medium,104,context_aware,role_aware,baseline,336,0.6964487667111673,0.2516314087302324,376.7084610566091,486.2205402754898,0.13264042694311295,0.13269786363912534,9.020018947459237,0.0,5238.7275021515015,5.812202380952381,1.75,0.6463414634146342,2.8444444444444446,0.3021770960694263,0.33487968907512616,145.54723939927933,13.895357785579593,0.12360587541993177,0.3875
medium,104,context_aware,fairness_constrained,baseline,1470,0.6933681011999296,0.25011435707857116,354.5629119050563,457.14783661458523,0.16818657942785298,0.2292838178578526,49.311230972433044,0.0,590.5683028573195,6.048911564625851,3.602777777777778,2.436619718309859,1.9791666666666667,0.45833867284681523,0.4773481462862528,146.78603355818302,22.872876632560324,0.2746770514980666,0.5708333333333333
medium,104,context_aware,multi_objective,baseline,336,0.6964487667111673,0.2516314087302324,376.7084610566091,486.2205402754898,0.13264042694311295,0.13269786363912534,9.020018947459237,0.0,5238.7275021515015,5.812202380952381,1.75,0.6463414634146342,2.8444444444444446,0.3021770960694263,0.33487968907512616,145.54723939927933,13.895357785579593,0.12360587541993177,0.3875
medium,105,elo,random,baseline,1092,0.6926107014164503,0.24972106893757437,364.55478717558145,476.5942895226337,0.11461640222688878,0.2246906767470963,29.312893264023803,0.0,5055.5399972875375,6.108974358974359,3.1055555555555556,3.260869565217391,1.2819444444444446,0.4514304756003429,0.47158300820410237,138.58534043556458,15.321048752969443,0.25051590993782336,0.9625
medium,105,elo,nearest,baseline,966,0.693269651719331,0.2500688213032958,366.8557634767345,477.8854660654385,0.10357364238137592,0.2242716115627188,23.682778400762142,0.0,110.99090917569839,6.025776397515528,2.941666666666667,2.169230769230769,1.4277777777777778,0.4572629878985735,0.47535360418873385,139.404771385449,11.613142798245079,0.2109476581879603,0.5736111111111111
medium,105,elo,expanding,baseline,966,0.693269651719331,0.2500688213032958,366.8557634767345,477.8854660654385,0.10357364238137592,0.2242716115627188,23.682778400762142,0.0,110.99090917569839,6.025776397515528,2.941666666666667,2.169230769230769,1.4277777777777778,0.4572629878985735,0.47535360418873385,139.404771385449,11.613142798245079,0.2109476581879603,0.5736111111111111
medium,105,elo,role_aware,baseline,336,0.6913858929987219,0.24912098901107607,370.9611860640828,483.43119430341216,0.0932549675445202,0.14016504412006245,8.370829447513458,0.0,5509.45080128084,5.929464285714285,1.9583333333333333,0.875,2.591666666666667,0.3195404262375144,0.36117143861418044,139.21952942181125,8.311620527942445,0.12764129690575698,0.43472222222222223
medium,105,elo,fairness_constrained,baseline,1092,0.6936409982179528,0.2502520643462887,362.3831873900102,474.28314005708506,0.10573682932146215,0.2292461029806752,26.20288778840264,0.0,1136.4679176851098,6.12069597069597,3.025,2.4328358208955225,1.7722222222222221,0.45985880455613043,0.47480803018092926,139.541560370595,12.170619803893052,0.21962289960868508,0.6041666666666666
medium,105,elo,multi_objective,baseline,336,0.6913858929987219,0.24912098901107607,370.9611860640828,483.43119430341216,0.0932549675445202,0.14016504412006245,8.370829447513458,0.0,5509.45080128084,5.929464285714285,1.9583333333333333,0.875,2.591666666666667,0.3195404262375144,0.36117143861418044,139.21952942181125,8.311620527942445,0.12764129690575698,0.43472222222222223
medium,105,dynamic_k,random,baseline,1092,0.6939126873647647,0.25030038119753045,360.13128444156246,469.123002446886,0.18106849567797303,0.22238951051047381,47.4852935682582,0.0,5374.76289583784,6.1510989010989015,3.158333333333333,2.911764705882353,1.3763888888888889,0.45991805778317163,0.4770915044681055,141.6047243753216,27.311544247711485,0.27881187037378957,0.9763888888888889
medium,105,dynamic_k,nearest,baseline,966,0.6927726102765104,0.2498261831569946,358.46807731237186,467.5798835875448,0.15553227352691731,0.22021562950442392,41.04338124427823,0.0,141.9158332475146,6.025776397515528,2.6944444444444446,1.6229508196721312,1.475,0.4643124292752824,0.4805739078688278,143.71691667630265,21.197844416738242,0.2057743656653743,0.5638888888888889
medium,105,dynamic_k,expanding,baseline,966,0.6927726102765104,0.2498261831569946,358.46807731237186,467.5798835875448,0.15553227352691731,0.22021562950442392,41.04338124427823,0.0,141.9158332475146,6.025776397515528,2.6944444444444446,1.6229508196721312,1.475,0.4643124292752824,0.4805739078688278,143.71691667630265,21.197844416738242,0.2057743656653743,0.5638888888888889
medium,105,dynamic_k,role_aware,baseline,336,0.6967002151896308,0.25176872354659574,364.52065806078315,476.8147995321418,0.13407497028253582,0.15136397695479753,7.8805054165970105,0.0,5297.781679905856,5.957440476190476,2.236111111111111,0.7808219178082192,2.75,0.3280662929367696,0.36542579602902914,142.24280437076783,15.396524767104511,0.15725477735182652,0.4027777777777778
medium,105,dynamic_k,fairness_constrained,baseline,1092,0.6925336715972148,0.2497060833385432,353.1084789416357,461.0579990466716,0.16034993920759852,0.23044980100145823,44.37117335264217,0.0,1383.0618049939262,6.147893772893773,3.186111111111111,2.3943661971830985,1.8541666666666667,0.4585089726997452,0.4759485176410654,143.32736849947025,23.036984790740128,0.2678790451579512,0.6916666666666667
medium,105,dynamic_k,multi_objective,baseline,336,0.6967002151896308,0.25176872354659574,364.52065806078315,476.8147995321418,0.13407497028253582,0.15136397695479753,7.8805054165970105,0.0,5297.781679905856,5.957440476190476,2.236111111111111,0.7808219178082192,2.75,0.3280662929367696,0.36542579602902914,142.24280437076783,15.396524767104511,0.15725477735182652,0.4027777777777778
medium,105,glicko_like,random,baseline,1092,0.6942929720335139,0.25048881609984697,359.6265268923145,472.44022095961617,0.1543622262367457,0.22457581015496128,38.90047445689592,0.0,5253.646987975152,6.127747252747253,3.102777777777778,3.074626865671642,1.2986111111111112,0.46470207480454045,0.4789241040226264,140.52876615259373,21.642288881985273,0.26125930187225666,0.8805555555555555
medium,105,glicko_like,nearest,baseline,966,0.6946384771176982,0.2507415522831821,363.7855906926564,474.52136932735425,0.12707639540249638,0.2219539861047183,32.745883243097765,0.0,108.87363372753738,6.025776397515528,3.075,2.1515151515151514,1.461111111111111,0.463328849558493,0.47807144097555837,141.06728170014662,16.291705056826437,0.23026484549872508,0.5472222222222223
medium,105,glicko_like,expanding,baseline,966,0.6946384771176982,0.2507415522831821,363.7855906926564,474.52136932735425,0.12707639540249638,0.2219539861047183,32.745883243097765,0.0,108.87363372753738,6.025776397515528,3.075,2.1515151515151514,1.461111111111111,0.463328849558493,0.47807144097555837,141.06728170014662,16.291705056826437,0.23026484549872508,0.5472222222222223
medium,105,glicko_like,role_aware,baseline,336,0.6949425730297427,0.25089381861574217,368.5309477283288,480.0842271389505,0.10911948198366539,0.1530056661020612,8.13695399877906,0.0,5141.935177659857,5.970238095238095,2.0972222222222223,0.7534246575342466,2.577777777777778,0.33880061813465334,0.37458342167838604,140.08332347368452,11.78808841375936,0.1457815608107559,0.4597222222222222
medium,105,glicko_like,fairness_constrained,baseline,966,0.6924222386626899,0.24963850640886193,358.736798220272,471.4382087498111,0.128924907075992,0.23134732557588764,34.646208444052675,0.0,1617.2480772452443,6.137474120082815,3.058333333333333,2.2058823529411766,1.9736111111111112,0.4591981357500125,0.4734036200899223,140.7105690750571,18.151870679481604,0.24539298059342002,0.7
medium,105,glicko_like,multi_objective,baseline,336,0.6949425730297427,0.25089381861574217,368.5309477283288,480.0842271389505,0.10911948198366539,0.1530056661020612,8.13695399877906,0.0,5141.935177659857,5.970238095238095,2.0972222222222223,0.7534246575342466,2.577777777777778,0.33880061813465334,0.37458342167838604,140.08332347368452,11.78808841375936,0.1457815608107559,0.4597222222222222
medium,105,drift_aware,random,baseline,1092,0.6917620337179549,0.2491288374407436,350.39986478185773,457.6950850232454,0.18027462216388762,0.21798951031959324,47.59047791609431,0.0,4520.545098369026,6.146520146520147,3.013888888888889,2.927536231884058,1.325,0.4497747486123585,0.46696915088299834,128.19703862930047,27.68550027186298,0.2627895173245721,0.9666666666666667
medium,105,drift_aware,nearest,baseline,966,0.6929382844641429,0.24989920231948776,354.2222348992885,459.93075284474475,0.15538653133926114,0.21926009313784042,40.832987991493845,0.0,117.10766228966948,6.025776397515528,2.986111111111111,1.9672131147540983,1.5402777777777779,0.4561132152799857,0.47635425011284166,130.70070607702405,24.404603947599597,0.23501014609389095,0.5569444444444445
medium,105,drift_aware,expanding,baseline,966,0.6929382844641429,0.24989920231948776,354.2222348992885,459.93075284474475,0.15538653133926114,0.21926009313784042,40.832987991493845,0.0,117.10766228966948,6.025776397515528,2.986111111111111,1.9672131147540983,1.5402777777777779,0.4561132152799857,0.47635425011284166,130.70070607702405,24.404603947599597,0.23501014609389095,0.5569444444444445
medium,105,drift_aware,role_aware,baseline,336,0.6949205618717168,0.25088304177832643,361.62790616507056,464.8922683436859,0.13555543419324043,0.14014371315640387,7.871996496805012,0.0,4514.861446659178,5.9589285714285705,1.875,0.8194444444444444,2.5388888888888888,0.3269760304580012,0.3647861069747472,129.90015286805124,20.109124712297362,0.13356613123833214,0.4361111111111111
medium,105,drift_aware,fairness_constrained,baseline,1470,0.69268338143502,0.24978387377247466,345.155644448166,446.711360670979,0.17067548041056893,0.23821526623693978,49.21675384948725,0.0,565.36030179785,6.156054421768707,3.7111111111111112,3.3181818181818183,1.5986111111111112,0.4609861574276493,0.47881479368990476,131.1418299372113,26.19488601398138,0.2956277795125883,0.6111111111111112
medium,105,drift_aware,multi_objective,baseline,336,0.6949205618717168,0.25088304177832643,361.62790616507056,464.8922683436859,0.13555543419324043,0.14014371315640387,7.871996496805012,0.0,4514.861446659178,5.9589285714285705,1.875,0.8194444444444444,2.5388888888888888,0.3269760304580012,0.3647861069747472,129.90015286805124,20.109124712297362,0.13356613123833214,0.4361111111111111
medium,105,context_aware,random,baseline,1092,0.6928951140360722,0.24980545278500269,354.2048912004594,469.06453001960637,0.18179295908946572,0.22353588697456445,47.844813950639384,0.0,5393.992057278749,6.129578754578755,3.0416666666666665,2.652173913043478,1.2805555555555554,0.4535826627577998,0.4709035494759317,141.91951313871334,26.559951474439423,0.2625873246754561,0.9666666666666667
medium,105,context_aware,nearest,baseline,966,0.6916849371149767,0.24931769084988278,359.6911456769995,468.20243329475716,0.15681318251900497,0.21984884891296308,41.94035228726833,0.0,159.408212603282,6.025776397515528,2.8194444444444446,1.8833333333333333,1.5527777777777778,0.4656786428576142,0.47992570819554015,143.02489777231162,21.67543995611805,0.22419379031665734,0.5694444444444444
medium,105,context_aware,expanding,baseline,966,0.6916849371149767,0.24931769084988278,359.6911456769995,468.20243329475716,0.15681318251900497,0.21984884891296308,41.94035228726833,0.0,159.408212603282,6.025776397515528,2.8194444444444446,1.8833333333333333,1.5527777777777778,0.4656786428576142,0.47992570819554015,143.02489777231162,21.67543995611805,0.22419379031665734,0.5694444444444444
medium,105,context_aware,role_aware,baseline,336,0.6967002151896308,0.25176872354659574,364.52065806078315,476.8147995321418,0.13407497028253582,0.15136397695479753,7.8805054165970105,0.0,5297.781679905856,5.957440476190476,2.236111111111111,0.7808219178082192,2.75,0.3280662929367696,0.36542579602902914,142.24280437076783,15.396524767104511,0.15725477735182652,0.4027777777777778
medium,105,context_aware,fairness_constrained,baseline,1344,0.6930328071974405,0.24994403934356565,347.1379512590266,457.31224954375307,0.16795034441395185,0.23543929635097674,48.128915568639904,0.0,981.0241524877749,5.999702380952381,3.588888888888889,3.032258064516129,1.7375,0.46543681935236725,0.48062977944529833,143.16995869315247,24.361654728791482,0.28900022274898396,0.6875
medium,105,context_aware,multi_objective,baseline,336,0.6967002151896308,0.25176872354659574,364.52065806078315,476.8147995321418,0.13407497028253582,0.15136397695479753,7.8805054165970105,0.0,5297.781679905856,5.957440476190476,2.236111111111111,0.7808219178082192,2.75,0.3280662929367696,0.36542579602902914,142.24280437076783,15.396524767104511,0.15725477735182652,0.4027777777777778
medium,106,elo,random,baseline,1596,0.6956503302948515,0.25107374995700243,368.31941565409585,479.19790059339607,0.11998293387330194,0.22555853454848424,31.43496497497361,0.0,3105.9675818856417,6.023684210526316,3.611111111111111,3.2586206896551726,1.3388888888888888,0.450067775077666,0.4684960244206475,145.15701755135834,15.6610290367322,0.2875312758959393,0.9791666666666666
medium,106,elo,nearest,baseline,1470,0.6946287112421283,0.25067786681493204,365.38508497970696,474.36610292680734,0.10956092165835755,0.23340005965610447,28.12896057065526,0.0,96.70477634864153,6.0330612244897965,3.7555555555555555,2.966666666666667,1.6444444444444444,0.4538882726882342,0.4733730281375773,145.30821251352447,13.779636253363272,0.29366744417257235,0.7611111111111111
medium,106,elo,expanding,baseline,1470,0.6946287112421283,0.25067786681493204,365.38508497970696,474.36610292680734,0.10956092165835755,0.23340005965610447,28.12896057065526,0.0,96.70477634864153,6.0330612244897965,3.7555555555555555,2.966666666666667,1.6444444444444444,0.4538882726882342,0.4733730281375773,145.30821251352447,13.779636253363272,0.29366744417257235,0.7611111111111111
medium,106,elo,role_aware,baseline,336,0.6926027143564566,0.24973094691183959,380.0405767212074,491.2202783755128,0.0930572549565672,0.14118334625074722,8.750985689840613,0.0,6107.78666121365,5.90625,2.0555555555555554,0.7027027027027027,2.9305555555555554,0.2982651103868553,0.3391352785828291,145.3529885710762,8.041201348174193,0.1389996385632666,0.4222222222222222
medium,106,elo,fairness_constrained,baseline,1344,0.6950669801894582,0.25090398437458805,366.2574801837582,476.2891863282828,0.10829178592378531,0.2250130340426127,28.19773612531563,0.0,939.2169446342797,5.965029761904762,3.2666666666666666,2.5757575757575757,2.029166666666667,0.45067397530791287,0.46926705439967714,145.74168235034378,14.366348015555756,0.2565774623695564,0.7361111111111112
medium,106,elo,multi_objective,baseline,336,0.6926027143564566,0.24973094691183959,380.0405767212074,491.2202783755128,0.0930572549565672,0.14118334625074722,8.750985689840613,0.0,6107.78666121365,5.90625,2.0555555555555554,0.7027027027027027,2.9305555555555554,0.2982651103868553,0.3391352785828291,145.3529885710762,8.041201348174193,0.1389996385632666,0.4222222222222222
medium,106,dynamic_k,random,baseline,1596,0.6921440906551845,0.24952847479678103,356.20059348242825,463.8679431844442,0.19058265895307022,0.23008805361150345,52.41207591542252,0.0,3314.1794273914247,6.008646616541353,3.9138888888888888,3.793103448275862,1.5,0.45430380192944686,0.47054870031330925,148.47692225377747,27.179903882903343,0.3377297982636107,0.95
medium,106,dynamic_k,nearest,baseline,1470,0.6949511995072045,0.25085979433352995,355.7070889590084,462.05302517237743,0.16792594693160087,0.22979268101417913,47.59942526613938,0.0,102.76720898898463,6.0330612244897965,3.5388888888888888,2.76271186440678,1.773611111111111,0.45215430360275144,0.47294458231147085,149.9474497135087,24.40515820697611,0.28705237010305223,0.7666666666666667
medium,106,dynamic_k,expanding,baseline,1470,0.6949511995072045,0.25085979433352995,355.7070889590084,462.05302517237743,0.16792594693160087,0.22979268101417913,47.59942526613938,0.0,102.76720898898463,6.0330612244897965,3.5388888888888888,2.76271186440678,1.773611111111111,0.45215430360275144,0.47294458231147085,149.9474497135087,24.40515820697611,0.28705237010305223,0.7666666666666667
medium,106,dynamic_k,role_aware,baseline,336,0.6948245710243705,0.2508327004810872,381.6416981816815,492.12993150293465,0.1329442672333498,0.13253622426921022,8.057918098679682,0.0,5856.167200881453,5.908035714285714,1.7638888888888888,0.5072463768115942,2.879166666666667,0.29447747740731184,0.33568056045225864,148.76722902428642,14.228337279433926,0.12371824127327193,0.3861111111111111
medium,106,dynamic_k,fairness_constrained,baseline,1470,0.6946381495675473,0.2506727353633319,358.49197118805085,465.9795367402889,0.16934410329951877,0.22827808230553873,48.89330051565178,0.0,792.2675285185941,5.938163265306122,3.638888888888889,2.9365079365079363,1.9861111111111112,0.4533099140335178,0.46762467115526235,149.7251308282784,24.047806522319377,0.2972391847119065,0.6222222222222222
medium,106,dynamic_k,multi_objective,baseline,336,0.6948245710243705,0.2508327004810872,381.6416981816815,492.12993150293465,0.1329442672333498,0.13253622426921022,8.057918098679682,0.0,5856.167200881453,5.908035714285714,1.7638888888888888,0.5072463768115942,2.879166666666667,0.29447747740731184,0.33568056045225864,148.76722902428642,14.228337279433926,0.12371824127327193,0.3861111111111111
medium,106,glicko_like,random,baseline,1596,0.6935316657745035,0.25013620633231737,359.28054537424265,469.87695649777754,0.1599950845374354,0.23200491386371092,42.92273176293355,0.0,3225.765233355311,5.984523809523809,3.761111111111111,3.2241379310344827,1.3444444444444446,0.45306688412021573,0.46881298574733143,146.78020984377548,23.202915232186967,0.30910493510477405,0.9805555555555555
medium,106,glicko_like,nearest,baseline,1470,0.6949764264672612,0.250753695909183,356.85774403149225,466.07570290613575,0.13768900803387865,0.22956638307811345,38.7518473027141,0.0,107.69598403246246,6.0330612244897965,3.65,2.8615384615384616,1.6444444444444444,0.4597793013327703,0.474013524962521,146.75648699153027,20.948159375045087,0.29130576574503525,0.7694444444444445
medium,106,glicko_like,expanding,baseline,1470,0.6949764264672612,0.250753695909183,356.85774403149225,466.07570290613575,0.13768900803387865,0.22956638307811345,38.7518473027141,0.0,107.69598403246246,6.0330612244897965,3.65,2.8615384615384616,1.6444444444444444,0.4597793013327703,0.474013524962521,146.75648699153027,20.948159375045087,0.29130576574503525,0.7694444444444445
medium,106,glicko_like,role_aware,baseline,336,0.6947878573570565,0.2508164422500786,378.1143964553188,491.15666683959444,0.1088616052698029,0.13363111294442306,8.284395812903849,0.0,5881.953483208041,5.879464285714286,1.7638888888888888,0.6712328767123288,2.9402777777777778,0.3123830638654358,0.3463293902362743,146.39983675758194,10.636831397006024,0.11875177779874296,0.36527777777777776
medium,106,glicko_like,fairness_constrained,baseline,1470,0.6944331064633378,0.250500696593765,361.001643138672,470.7678134228141,0.13614478646384617,0.2226796355577754,39.045204647045004,0.0,837.6409443778616,5.863537414965988,3.6055555555555556,2.7777777777777777,2.0388888888888888,0.4477236693142329,0.469647428300164,147.15102161352013,18.241805557411894,0.2735287814230334,0.7027777777777777
medium,106,glicko_like,multi_objective,baseline,336,0.6947878573570565,0.2508164422500786,378.1143964553188,491.15666683959444,0.1088616052698029,0.13363111294442306,8.284395812903849,0.0,5881.953483208041,5.879464285714286,1.7638888888888888,0.6712328767123288,2.9402777777777778,0.3123830638654358,0.3463293902362743,146.39983675758194,10.636831397006024,0.11875177779874296,0.36527777777777776
medium,106,drift_aware,random,baseline,1596,0.6945943442308746,0.250646136674997,350.41651783595006,452.38902373418983,0.19103015402144613,0.22776717684306264,51.74474066028624,0.0,2809.6954852620065,5.98953634085213,3.8027777777777776,3.533333333333333,1.2930555555555556,0.45664877130289383,0.47465570084729786,134.6203410489927,30.15859907970858,0.32876396709223105,0.9958333333333333
medium,106,drift_aware,nearest,baseline,1470,0.694698484069554,0.2507664528023132,344.92847456293197,447.93275467192495,0.16901169171331026,0.22768645491321562,47.49379127922485,0.0,92.6371411377865,6.0330612244897965,3.7472222222222222,2.76271186440678,1.7666666666666666,0.4511188930094813,0.47069594878364185,135.20697253812904,27.417165218662223,0.3074970889777553,0.7180555555555556
medium,106,drift_aware,expanding,baseline,1470,0.694698484069554,0.2507664528023132,344.92847456293197,447.93275467192495,0.16901169171331026,0.22768645491321562,47.49379127922485,0.0,92.6371411377865,6.0330612244897965,3.7472222222222222,2.76271186440678,1.7666666666666666,0.4511188930094813,0.47069594878364185,135.20697253812904,27.417165218662223,0.3074970889777553,0.7180555555555556
medium,106,drift_aware,role_aware,baseline,336,0.6949074990625644,0.2508724958854255,369.18100296988695,473.6531242935142,0.13381069122011627,0.12881973239819075,9.408409508651651,0.0,6011.010529513436,5.9089285714285715,1.7083333333333333,0.5205479452054794,2.9902777777777776,0.3050295052665798,0.34062078917307276,136.19990682156546,19.154619465632514,0.12789376069872713,0.3875
medium,106,drift_aware,fairness_constrained,baseline,1470,0.6933053589139364,0.2501025451888971,346.7408172385825,448.58170892072286,0.1686243239129642,0.22759706640683863,48.82514530901521,0.0,648.8189193503791,5.921020408163265,3.7111111111111112,3.1044776119402986,2.0416666666666665,0.45283099825468853,0.4704879660480917,135.95230680056213,26.88378843059031,0.2968587962453367,0.6375
medium,106,drift_aware,multi_objective,baseline,336,0.6949074990625644,0.2508724958854255,369.18100296988695,473.6531242935142,0.13381069122011627,0.12881973239819075,9.408409508651651,0.0,6011.010529513436,5.9089285714285715,1.7083333333333333,0.5205479452054794,2.9902777777777776,0.3050295052665798,0.34062078917307276,136.19990682156546,19.154619465632514,0.12789376069872713,0.3875
medium,106,context_aware,random,baseline,1596,0.694548236831185,0.25050208848538064,355.11218988411514,465.1478423580836,0.19273040796137164,0.22966120489343547,52.605429465541604,0.0,3314.1422489717997,6.0171052631578945,3.7444444444444445,3.4482758620689653,1.4013888888888888,0.4552599172341872,0.47084735563877705,148.41884417169499,28.668912127499972,0.31768531475452055,0.9680555555555556
medium,106,context_aware,nearest,baseline,1470,0.694818184357016,0.2508003427462511,356.069278337567,458.4368100367193,0.16964047034472318,0.23101304740522507,48.465510009653514,0.0,102.76037026477782,6.0330612244897965,3.8916666666666666,2.76271186440678,1.6819444444444445,0.45243208120706074,0.47053370960996505,150.00973659311867,25.097988947790654,0.32347658453342626,0.6958333333333333
medium,106,context_aware,expanding,baseline,1470,0.694818184357016,0.2508003427462511,356.069278337567,458.4368100367193,0.16964047034472318,0.23101304740522507,48.465510009653514,0.0,102.76037026477782,6.0330612244897965,3.8916666666666666,2.76271186440678,1.6819444444444445,0.45243208120706074,0.47053370960996505,150.00973659311867,25.097988947790654,0.32347658453342626,0.6958333333333333
medium,106,context_aware,role_aware,baseline,336,0.6948245710243705,0.2508327004810872,381.6416981816815,492.12993150293465,0.1329442672333498,0.13253622426921022,8.057918098679682,0.0,5856.167200881453,5.908035714285714,1.7638888888888888,0.5072463768115942,2.879166666666667,0.29447747740731184,0.33568056045225864,148.76722902428642,14.228337279433926,0.12371824127327193,0.3861111111111111
medium,106,context_aware,fairness_constrained,baseline,1344,0.6948730702584742,0.25079674219999193,360.6668959403818,469.19433939018745,0.1672277845443218,0.22081389152528424,48.22706558342494,0.0,803.6312595752272,6.004166666666667,3.25,2.380952380952381,2.0236111111111112,0.45140546144464394,0.4698158116994551,149.0868543969133,24.13185148580674,0.2671682888640797,0.6791666666666667
medium,106,context_aware,multi_objective,baseline,336,0.6948245710243705,0.2508327004810872,381.6416981816815,492.12993150293465,0.1329442672333498,0.13253622426921022,8.057918098679682,0.0,5856.167200881453,5.908035714285714,1.7638888888888888,0.5072463768115942,2.879166666666667,0.29447747740731184,0.33568056045225864,148.76722902428642,14.228337279433926,0.12371824127327193,0.3861111111111111
medium,107,elo,random,baseline,1470,0.6961247247079704,0.25138716514912407,370.5355676716827,484.232819843093,0.11920585675441255,0.23281682611367766,30.649897187881606,0.0,3535.895160154962,6.0896598639455775,3.525,2.75,1.523611111111111,0.45870905403630274,0.47625562028424584,142.0608222316445,16.181158673100327,0.2905842348418336,0.9930555555555556
medium,107,elo,nearest,baseline,1218,0.6943081029869705,0.25057306386334205,374.14364635578573,487.4269450580191,0.10713384930739485,0.22635148110041667,25.944155713239216,0.0,114.58102134530981,6.0657635467980295,3.3666666666666667,2.3714285714285714,1.5361111111111112,0.45397414022815397,0.4730791206184742,142.87753189327464,12.919289912464485,0.2519728618656619,0.6902777777777778
medium,107,elo,expanding,baseline,1218,0.6943081029869705,0.25057306386334205,374.14364635578573,487.4269450580191,0.10713384930739485,0.22635148110041667,25.944155713239216,0.0,114.58102134530981,6.0657635467980295,3.3666666666666667,2.3714285714285714,1.5361111111111112,0.45397414022815397,0.4730791206184742,142.87753189327464,12.919289912464485,0.2519728618656619,0.6902777777777778
medium,107,elo,role_aware,baseline,336,0.6942197758057516,0.2505318298533937,384.5662157907394,498.21224297971133,0.09345388528875295,0.14449148392790787,8.447810449957084,0.0,5188.7736791016805,5.853869047619047,2.013888888888889,0.4177215189873418,2.584722222222222,0.32305372682310285,0.35718995962111594,142.71201755723686,7.8756381478406965,0.13954854820383208,0.4041666666666667
medium,107,elo,fairness_constrained,baseline,1848,0.6941218786346168,0.2504831474211934,366.23652187611475,478.42276817750036,0.11344803349368156,0.23555984561469842,30.03669017784978,0.0,479.49728013004443,5.993181818181818,4.141666666666667,2.8225806451612905,1.6527777777777777,0.46877625138674595,0.48262279762915267,142.83216183838863,14.968564785928379,0.3156065752153065,0.8388888888888889
medium,107,elo,multi_objective,baseline,336,0.6942197758057516,0.2505318298533937,384.5662157907394,498.21224297971133,0.09345388528875295,0.14449148392790787,8.447810449957084,0.0,5188.7736791016805,5.853869047619047,2.013888888888889,0.4177215189873418,2.584722222222222,0.32305372682310285,0.35718995962111594,142.71201755723686,7.8756381478406965,0.13954854820383208,0.4041666666666667
medium,107,dynamic_k,random,baseline,1470,0.6954020546011378,0.2510440066040083,364.8180994621617,477.38141239158693,0.18871708467422452,0.22507642234913885,50.77364762676074,0.0,3782.4472029689714,6.066190476190476,3.4972222222222222,2.4461538461538463,1.4847222222222223,0.457611893704861,0.4760710555983421,145.22357527715047,28.242902811720917,0.3060903490526616,1.0361111111111112
medium,107,dynamic_k,nearest,baseline,1218,0.6936594258147144,0.2502529756705916,364.26235021450765,477.582676099053,0.16357640417281438,0.2213231419695104,44.86573373949452,0.0,105.57271590977388,6.0657635467980295,3.3666666666666667,2.4,1.7722222222222221,0.4593961529997847,0.4757534478825484,146.59375418441974,22.74510367670348,0.27108602933672754,0.6986111111111111
medium,107,dynamic_k,expanding,baseline,1218,0.6936594258147144,0.2502529756705916,364.26235021450765,477.582676099053,0.16357640417281438,0.2213231419695104,44.86573373949452,0.0,105.57271590977388,6.0657635467980295,3.3666666666666667,2.4,1.7722222222222221,0.4593961529997847,0.4757534478825484,146.59375418441974,22.74510367670348,0.27108602933672754,0.6986111111111111
medium,107,dynamic_k,role_aware,baseline,336,0.6924997858392026,0.24969285449351925,381.0001510546868,492.4858020496092,0.13446376799484422,0.1433040853719886,9.906759106021022,0.0,6055.339451360617,5.847619047619047,2.0555555555555554,0.4805194805194805,2.9277777777777776,0.3232735112873457,0.37588664208831474,146.23694144892593,14.829685876408137,0.14247529256700608,0.36527777777777776
medium,107,dynamic_k,fairness_constrained,baseline,1218,0.6940600104045488,0.2504527024508464,362.7477088396327,475.3043440005937,0.1646352785038068,0.22795504879764192,46.11058350648958,0.0,1090.5278337348152,6.023727422003284,3.3777777777777778,2.4078947368421053,2.275,0.4589573126925698,0.4779303918488892,146.64607348978458,23.18988877301784,0.2659899884851422,0.6361111111111111
medium,107,dynamic_k,multi_objective,baseline,336,0.6924997858392026,0.24969285449351925,381.0001510546868,492.4858020496092,0.13446376799484422,0.1433040853719886,9.906759106021022,0.0,6055.339451360617,5.847619047619047,2.0555555555555554,0.4805194805194805,2.9277777777777776,0.3232735112873457,0.37588664208831474,146.23694144892593,14.829685876408137,0.14247529256700608,0.36527777777777776
medium,107,glicko_like,random,baseline,1470,0.6957347432393033,0.25119698526894485,360.5291662686417,475.71233590542306,0.16036582709622818,0.23118398831656964,42.51205800958653,0.0,3636.055753509035,6.093741496598639,3.611111111111111,3.0579710144927534,1.5652777777777778,0.4562830925030023,0.4770745921146228,143.665805272624,25.14980549667513,0.31224780404779984,0.9916666666666667
medium,107,glicko_like,nearest,baseline,1218,0.69420439962462,0.2505272900311155,371.4332035772191,485.44845533929987,0.13300734533654343,0.22725650192066163,35.421066058146195,0.0,121.63562489736434,6.0657635467980295,3.227777777777778,2.1527777777777777,1.7222222222222223,0.4591907154728018,0.4761627860990213,144.30986391581453,17.644685544483995,0.24616418200398033,0.6555555555555556
medium,107,glicko_like,expanding,baseline,1218,0.69420439962462,0.2505272900311155,371.4332035772191,485.44845533929987,0.13300734533654343,0.22725650192066163,35.421066058146195,0.0,121.63562489736434,6.0657635467980295,3.227777777777778,2.1527777777777777,1.7222222222222223,0.4591907154728018,0.4761627860990213,144.30986391581453,17.644685544483995,0.24616418200398033,0.6555555555555556
medium,107,glicko_like,role_aware,baseline,336,0.6920029045685473,0.2494349547832919,385.19799216661,497.8740004146848,0.1103760758755913,0.14565889205749735,9.886549981477973,0.0,5566.17741101751,5.8238095238095235,2.111111111111111,0.5569620253164557,2.863888888888889,0.3145914264726081,0.3722422206660538,144.00904981934838,11.106500484153274,0.14573190939300015,0.3972222222222222
medium,107,glicko_like,fairness_constrained,baseline,1596,0.6943664078069071,0.2506000959700118,366.39352346370026,477.2838033712425,0.13775701304174415,0.2355567782898076,38.12242951524014,0.0,531.2048506959443,6.141290726817043,3.9472222222222224,2.9726027397260273,1.8736111111111111,0.4598178601833901,0.4774661092286178,144.53927131871362,18.348195896521347,0.3063626455853052,0.7013888888888888
medium,107,glicko_like,multi_objective,baseline,336,0.6920029045685473,0.2494349547832919,385.19799216661,497.8740004146848,0.1103760758755913,0.14565889205749735,9.886549981477973,0.0,5566.17741101751,5.8238095238095235,2.111111111111111,0.5569620253164557,2.863888888888889,0.3145914264726081,0.3722422206660538,144.00904981934838,11.106500484153274,0.14573190939300015,0.3972222222222222
medium,107,drift_aware,random,baseline,1470,0.6954180537953485,0.2511315928931811,350.14716825562937,455.8068881899489,0.18947414237990015,0.22893474517645673,50.31813289120211,0.0,3115.2036370775563,6.100204081632652,3.4472222222222224,2.830769230769231,1.6569444444444446,0.46297180407839444,0.48063818072155956,129.450569167136,30.398022592375728,0.305848657570863,0.9388888888888889
medium,107,drift_aware,nearest,baseline,1218,0.6939705614350681,0.25040652660282237,354.872709301162,459.6023150171731,0.16306478503717647,0.22539340616257422,44.805533476777065,0.0,84.23061473778063,6.0657635467980295,3.341666666666667,2.414285714285714,1.7666666666666666,0.46211067851001775,0.4780057653349267,132.29910779206267,25.971028845272716,0.2638287849179038,0.6375
medium,107,drift_aware,expanding,baseline,1218,0.6939705614350681,0.25040652660282237,354.872709301162,459.6023150171731,0.16306478503717647,0.22539340616257422,44.805533476777065,0.0,84.23061473778063,6.0657635467980295,3.341666666666667,2.414285714285714,1.7666666666666666,0.46211067851001775,0.4780057653349267,132.29910779206267,25.971028845272716,0.2638287849179038,0.6375
medium,107,drift_aware,role_aware,baseline,336,0.6989511888487714,0.2528879082670546,373.0777199026753,478.585667260683,0.13631399299434446,0.14445497144381447,9.674999892819411,0.0,4910.518707244057,5.840773809523809,2.0,0.825,2.9055555555555554,0.3260472019161422,0.37134097450027737,132.46112405663789,20.07074879513334,0.14809868740182447,0.40555555555555556
medium,107,drift_aware,fairness_constrained,baseline,1218,0.6935150238236157,0.25019429443289326,354.89225126779377,459.0731484136657,0.16374083021919972,0.2287063474230339,46.01982307666401,0.0,940.0488925068167,5.97192118226601,3.2527777777777778,2.157142857142857,2.3402777777777777,0.45887270216651727,0.47807048761020715,131.3252026430512,27.219661312629448,0.2674626273308256,0.6805555555555556
medium,107,drift_aware,multi_objective,baseline,336,0.6989511888487714,0.2528879082670546,373.0777199026753,478.585667260683,0.13631399299434446,0.14445497144381447,9.674999892819411,0.0,4910.518707244057,5.840773809523809,2.0,0.825,2.9055555555555554,0.3260472019161422,0.37134097450027737,132.46112405663789,20.07074879513334,0.14809868740182447,0.40555555555555556
medium,107,context_aware,random,baseline,1470,0.6953945923449513,0.2510267370338316,354.50746407291734,468.1965133686365,0.18946502352859185,0.23149059014255377,51.40444444784179,0.0,3831.1834815352768,6.085578231292517,3.647222222222222,3.0,1.5138888888888888,0.45847167880742856,0.4786064313552409,145.98338808263782,29.41240021928367,0.32555382469304656,1.0319444444444446
medium,107,context_aware,nearest,baseline,1218,0.6937467943970695,0.2502979839837704,362.8628532619733,475.7566274645937,0.16357759488873092,0.22322624807101166,45.23456963359205,0.0,104.49227743001703,6.0657635467980295,3.3583333333333334,2.361111111111111,1.6611111111111112,0.44980891451713567,0.47483692351957657,146.84266212115676,22.825545633648684,0.26594918017650687,0.6486111111111111
medium,107,context_aware,expanding,baseline,1218,0.6937467943970695,0.2502979839837704,362.8628532619733,475.7566274645937,0.16357759488873092,0.22322624807101166,45.23456963359205,0.0,104.49227743001703,6.0657635467980295,3.3583333333333334,2.361111111111111,1.6611111111111112,0.44980891451713567,0.47483692351957657,146.84266212115676,22.825545633648684,0.26594918017650687,0.6486111111111111
medium,107,context_aware,role_aware,baseline,336,0.6924997858392026,0.24969285449351925,381.0001510546868,492.4858020496092,0.13446376799484422,0.1433040853719886,9.906759106021022,0.0,6055.339451360617,5.847619047619047,2.0555555555555554,0.4805194805194805,2.9277777777777776,0.3232735112873457,0.37588664208831474,146.23694144892593,14.829685876408137,0.14247529256700608,0.36527777777777776
medium,107,context_aware,fairness_constrained,baseline,1344,0.693544872220961,0.250196123752176,363.73757531993215,471.9415910546411,0.16805879614814756,0.23086885039382168,48.49678464472178,0.0,946.9850206231799,5.970238095238095,3.672222222222222,2.8055555555555554,2.113888888888889,0.4566968118808226,0.47751465898164086,147.04254145278009,24.030763675212114,0.29575691612094507,0.6569444444444444
medium,107,context_aware,multi_objective,baseline,336,0.6924997858392026,0.24969285449351925,381.0001510546868,492.4858020496092,0.13446376799484422,0.1433040853719886,9.906759106021022,0.0,6055.339451360617,5.847619047619047,2.0555555555555554,0.4805194805194805,2.9277777777777776,0.3232735112873457,0.37588664208831474,146.23694144892593,14.829685876408137,0.14247529256700608,0.36527777777777776
medium,108,elo,random,baseline,1218,0.6948928675293231,0.2508111194247107,367.9864506706535,473.8499236748627,0.11672081263328818,0.22518827734338936,29.37896035845932,0.0,4085.089091102033,5.9972085385878495,3.272222222222222,2.816666666666667,1.4902777777777778,0.45195052824082316,0.4710050624330761,136.317416505498,14.707778260894116,0.265174862890328,0.9402777777777778
medium,108,elo,nearest,baseline,1218,0.6940976527300061,0.2504519012175998,366.8959483223125,470.7425958156041,0.10684422855851348,0.22366475285166698,26.197795763155785,0.0,69.16274992567122,5.997126436781609,3.1694444444444443,2.2580645161290325,1.4347222222222222,0.4562048389915362,0.4731348146207564,137.24075811693262,12.812655611205567,0.23671288661256762,0.6583333333333333
medium,108,elo,expanding,baseline,1218,0.6940976527300061,0.2504519012175998,366.8959483223125,470.7425958156041,0.10684422855851348,0.22366475285166698,26.197795763155785,0.0,69.16274992567122,5.997126436781609,3.1694444444444443,2.2580645161290325,1.4347222222222222,0.4562048389915362,0.4731348146207564,137.24075811693262,12.812655611205567,0.23671288661256762,0.6583333333333333
medium,108,elo,role_aware,baseline,336,0.6905855534753171,0.2487243930179033,374.75849831498823,478.1074917420924,0.09302275753393202,0.1376299373896052,8.17877807711108,0.0,3304.2828063566244,5.892261904761905,1.8055555555555556,0.4492753623188406,2.661111111111111,0.32273150406707335,0.36417649981231215,137.0384896725189,7.77361164056238,0.11770415238114865,0.4041666666666667
medium,108,elo,fairness_constrained,baseline,1470,0.6934120849101711,0.25011957350105407,363.71411336688,465.9520190069229,0.1093421800765322,0.23026659473280145,28.859342584734325,0.0,512.36154936097,5.930544217687075,3.7416666666666667,3.03125,1.9291666666666667,0.4592020191146198,0.47598361809182743,137.41660592985787,13.773168548466128,0.2881203766624478,0.6930555555555555
medium,108,elo,multi_objective,baseline,336,0.6905855534753171,0.2487243930179033,374.75849831498823,478.1074917420924,0.09302275753393202,0.1376299373896052,8.17877807711108,0.0,3304.2828063566244,5.892261904761905,1.8055555555555556,0.4492753623188406,2.661111111111111,0.32273150406707335,0.36417649981231215,137.0384896725189,7.77361164056238,0.11770415238114865,0.4041666666666667
medium,108,dynamic_k,random,baseline,1218,0.6960551853004538,0.25136909833444177,360.4020680007515,464.0480699118587,0.18544137527879043,0.22451102905821727,48.9302595276405,0.0,4355.314257036102,5.9676518883415435,3.1972222222222224,2.9642857142857144,1.4972222222222222,0.45406369975092353,0.47140513424392183,140.04780444425663,26.593039597469506,0.2751651941747315,0.9638888888888889
medium,108,dynamic_k,nearest,baseline,1218,0.692871039811564,0.2498712883635182,359.3052665260682,461.3250700958465,0.16147598474876262,0.22373455437935835,45.275855427452136,0.0,71.93227948642499,5.997126436781609,3.2333333333333334,2.1904761904761907,1.5305555555555554,0.4563347897842929,0.47155573183468324,142.07210457111768,21.759577793191138,0.254598947220423,0.5777777777777777
medium,108,dynamic_k,expanding,baseline,1218,0.692871039811564,0.2498712883635182,359.3052665260682,461.3250700958465,0.16147598474876262,0.22373455437935835,45.275855427452136,0.0,71.93227948642499,5.997126436781609,3.2333333333333334,2.1904761904761907,1.5305555555555554,0.4563347897842929,0.47155573183468324,142.07210457111768,21.759577793191138,0.254598947220423,0.5777777777777777
medium,108,dynamic_k,role_aware,baseline,336,0.6960020134278911,0.25142567581295844,373.99535362341476,476.79557978500833,0.13423633767164067,0.14176879844475176,8.318766759926142,0.0,4177.162914132588,5.923809523809524,2.013888888888889,0.5,2.7263888888888888,0.3160850896225771,0.34665987794194025,140.71621873812705,14.603743452298078,0.140507080365422,0.37222222222222223
medium,108,dynamic_k,fairness_constrained,baseline,1470,0.6942467355517165,0.25044265976543484,355.6400355216703,456.01905927571136,0.16769812105223236,0.2289542037662648,48.570048120242305,0.0,554.7909010742048,5.882176870748299,3.7194444444444446,2.901639344262295,1.9791666666666667,0.45831828364736926,0.47706590056244536,141.17262493740648,23.206136974710155,0.30123000280326706,0.7513888888888889
medium,108,dynamic_k,multi_objective,baseline,336,0.6960020134278911,0.25142567581295844,373.99535362341476,476.79557978500833,0.13423633767164067,0.14176879844475176,8.318766759926142,0.0,4177.162914132588,5.923809523809524,2.013888888888889,0.5,2.7263888888888888,0.3160850896225771,0.34665987794194025,140.71621873812705,14.603743452298078,0.140507080365422,0.37222222222222223
medium,108,glicko_like,random,baseline,1218,0.6960313204329411,0.2513955737848683,360.74557474753203,466.9502632730037,0.1589186429293133,0.22455234993118758,40.61497618631786,0.0,4226.434789441766,6.005418719211823,3.2222222222222223,3.142857142857143,1.575,0.45141177372261443,0.4693635412471879,138.127149925963,22.597816601284492,0.27164172701937606,0.8944444444444445
medium,108,glicko_like,nearest,baseline,1218,0.6924116703447867,0.24965883774933523,364.46536012235947,466.1442129025311,0.13282799895268496,0.22453554864465677,37.0232740965625,0.0,75.84163699547443,5.997126436781609,3.311111111111111,2.492063492063492,1.3944444444444444,0.4577110843206716,0.4764255155772654,138.54831754937103,18.287411554180103,0.25821894064697093,0.6333333333333333
medium,108,glicko_like,expanding,baseline,1218,0.6924116703447867,0.24965883774933523,364.46536012235947,466.1442129025311,0.13282799895268496,0.22453554864465677,37.0232740965625,0.0,75.84163699547443,5.997126436781609,3.311111111111111,2.492063492063492,1.3944444444444444,0.4577110843206716,0.4764255155772654,138.54831754937103,18.287411554180103,0.25821894064697093,0.6333333333333333
medium,108,glicko_like,role_aware,baseline,336,0.6962339867057497,0.2515431188734099,376.09973585777465,479.70096666595174,0.10941877348975804,0.13712287052768637,8.955757995049348,0.0,3653.5926507735476,5.863392857142857,2.0277777777777777,0.4794520547945205,2.823611111111111,0.30867095871154365,0.36159275589568785,137.99433346691447,10.55945118185456,0.13174305583655463,0.35694444444444445
medium,108,glicko_like,fairness_constrained,baseline,1596,0.6947514342831511,0.25071045669829695,358.60064460302453,458.52822876395294,0.13772145350618048,0.23245963679204415,39.18677841223598,0.0,458.0159464596752,5.928571428571429,3.8694444444444445,2.896551724137931,1.8027777777777778,0.45900527724911083,0.47694223793789936,138.43074343032035,19.450626335921378,0.30297433593537365,0.7194444444444444
medium,108,glicko_like,multi_objective,baseline,336,0.6962339867057497,0.2515431188734099,376.09973585777465,479.70096666595174,0.10941877348975804,0.13712287052768637,8.955757995049348,0.0,3653.5926507735476,5.863392857142857,2.0277777777777777,0.4794520547945205,2.823611111111111,0.30867095871154365,0.36159275589568785,137.99433346691447,10.55945118185456,0.13174305583655463,0.35694444444444445
medium,108,drift_aware,random,baseline,1218,0.6942900530282285,0.2505334065487035,349.60913894440523,448.2671738846056,0.18387187296068244,0.22415843770285623,48.30955439067244,0.0,3688.5907080785205,6.005008210180624,3.05,2.8548387096774195,1.5347222222222223,0.4492201324432688,0.4718455192552437,126.32058210114387,30.475481789092008,0.26552086247157863,0.9458333333333333
medium,108,drift_aware,nearest,baseline,1218,0.6930921017722842,0.2499797000880998,354.18964721361357,452.0386834619791,0.16253703625521104,0.21740480129892067,45.16557169992184,0.0,61.50896448983854,5.997126436781609,3.136111111111111,2.3559322033898304,1.6347222222222222,0.45447938938639687,0.4726239880032948,128.82828357447372,25.118823154830114,0.2470616989390837,0.5722222222222222
medium,108,drift_aware,expanding,baseline,1218,0.6930921017722842,0.2499797000880998,354.18964721361357,452.0386834619791,0.16253703625521104,0.21740480129892067,45.16557169992184,0.0,61.50896448983854,5.997126436781609,3.136111111111111,2.3559322033898304,1.6347222222222222,0.45447938938639687,0.4726239880032948,128.82828357447372,25.118823154830114,0.2470616989390837,0.5722222222222222
medium,108,drift_aware,role_aware,baseline,336,0.6957817425108866,0.25131282770291835,358.05885275068425,458.11428562512356,0.13485774711261936,0.14038527375373083,6.7434303037130165,0.0,3701.60702405971,5.877083333333333,1.875,0.5694444444444444,2.879166666666667,0.34871170699750464,0.38392581902921563,128.80461981605313,20.458278580078442,0.1359164929969741,0.41944444444444445
medium,108,drift_aware,fairness_constrained,baseline,1470,0.694438443766766,0.2506055903284756,347.62808119671456,440.01600707664426,0.16774255066593985,0.22481051292255666,48.6950102178727,0.0,551.9643850913195,6.115442176870749,3.6277777777777778,2.457627118644068,1.9833333333333334,0.45520487294139234,0.4749068423069516,129.20082400428808,26.333799800399458,0.29333749545830334,0.6888888888888889
medium,108,drift_aware,multi_objective,baseline,336,0.6957817425108866,0.25131282770291835,358.05885275068425,458.11428562512356,0.13485774711261936,0.14038527375373083,6.7434303037130165,0.0,3701.60702405971,5.877083333333333,1.875,0.5694444444444444,2.879166666666667,0.34871170699750464,0.38392581902921563,128.80461981605313,20.458278580078442,0.1359164929969741,0.41944444444444445
medium,108,context_aware,random,baseline,1218,0.6948756653519385,0.2507723887165367,356.44363367664926,461.9683004215341,0.1850767535080653,0.227958753290342,49.42447347578783,0.0,4338.908440504896,5.997619047619048,3.2666666666666666,2.909090909090909,1.4125,0.454292907970124,0.47190584720898915,140.16707938200426,27.70954300846403,0.2842736225772152,0.9597222222222223
medium,108,context_aware,nearest,baseline,1218,0.6932850485576179,0.25007454811416996,358.12090828943064,459.2210354873497,0.16356722444662972,0.22558347184992197,45.77816342422227,0.0,75.31067271017392,5.997126436781609,3.225,2.1864406779661016,1.7277777777777779,0.4607031649830293,0.4768135242845306,142.1116088854207,23.412299121539714,0.2530429095745053,0.6097222222222223
medium,108,context_aware,expanding,baseline,1218,0.6932850485576179,0.25007454811416996,358.12090828943064,459.2210354873497,0.16356722444662972,0.22558347184992197,45.77816342422227,0.0,75.31067271017392,5.997126436781609,3.225,2.1864406779661016,1.7277777777777779,0.4607031649830293,0.4768135242845306,142.1116088854207,23.412299121539714,0.2530429095745053,0.6097222222222223
medium,108,context_aware,role_aware,baseline,336,0.6960020134278911,0.25142567581295844,373.99535362341476,476.79557978500833,0.13423633767164067,0.14176879844475176,8.318766759926142,0.0,4177.162914132588,5.923809523809524,2.013888888888889,0.5,2.7263888888888888,0.3160850896225771,0.34665987794194025,140.71621873812705,14.603743452298078,0.140507080365422,0.37222222222222223
medium,108,context_aware,fairness_constrained,baseline,1092,0.6947948905054108,0.2507539798646916,363.9499910916948,464.33561265124763,0.15870618043426563,0.22491999767390305,44.704721170828556,0.0,775.0545015957977,5.88040293040293,3.375,2.253968253968254,2.2194444444444446,0.45486089276058717,0.47285355793199946,141.32863933855626,21.521178037870463,0.26487316610980766,0.5986111111111111
medium,108,context_aware,multi_objective,baseline,336,0.6960020134278911,0.25142567581295844,373.99535362341476,476.79557978500833,0.13423633767164067,0.14176879844475176,8.318766759926142,0.0,4177.162914132588,5.923809523809524,2.013888888888889,0.5,2.7263888888888888,0.3160850896225771,0.34665987794194025,140.71621873812705,14.603743452298078,0.140507080365422,0.37222222222222223
medium,109,elo,random,baseline,1470,0.6939008800733227,0.25036564740321554,366.4615998249356,469.0314498281366,0.11791768363785281,0.22407505521147994,30.9499012529884,0.0,3054.213168875045,5.93625850340136,3.6,2.9838709677419355,1.2194444444444446,0.45541206652308186,0.47193255070015383,137.67594208369292,15.473948235621434,0.2816027203638807,0.9694444444444444
medium,109,elo,nearest,baseline,1470,0.6940228579708442,0.2504290368584181,362.40461755008863,466.8905891222693,0.10970953963090804,0.22427842843391665,27.788064212054426,0.0,79.63859631391786,5.910544217687074,3.4138888888888888,2.8133333333333335,1.1027777777777779,0.4565180232247393,0.4713423736224606,138.31915105171527,14.189069639251663,0.26197127199627873,0.7569444444444444
medium,109,elo,expanding,baseline,1470,0.6940228579708442,0.2504290368584181,362.40461755008863,466.8905891222693,0.10970953963090804,0.22427842843391665,27.788064212054426,0.0,79.63859631391786,5.910544217687074,3.4138888888888888,2.8133333333333335,1.1027777777777779,0.4565180232247393,0.4713423736224606,138.31915105171527,14.189069639251663,0.26197127199627873,0.7569444444444444
medium,109,elo,role_aware,baseline,336,0.6922409603748589,0.24954548824126208,372.82302000664833,478.9356514489922,0.0937627994041295,0.12876957733015132,7.900929940167833,0.0,4010.992687448884,5.870833333333333,1.75,0.5641025641025641,2.2625,0.3062194812082667,0.3546377372848122,138.0476888950082,7.877507725656628,0.11220580722296655,0.4041666666666667
medium,109,elo,fairness_constrained,baseline,1848,0.6944474567721627,0.2506377607561185,357.468618628442,461.38135973955906,0.11319233715602511,0.23065637888935767,29.797132899351414,0.0,397.19302985293916,5.937175324675325,4.086111111111111,3.0344827586206895,1.3611111111111112,0.4548661957658146,0.4732237048528915,138.74636105280672,13.689255363501132,0.30673774681791055,0.6777777777777778
medium,109,elo,multi_objective,baseline,336,0.6922409603748589,0.24954548824126208,372.82302000664833,478.9356514489922,0.0937627994041295,0.12876957733015132,7.900929940167833,0.0,4010.992687448884,5.870833333333333,1.75,0.5641025641025641,2.2625,0.3062194812082667,0.3546377372848122,138.0476888950082,7.877507725656628,0.11220580722296655,0.4041666666666667
medium,109,dynamic_k,random,baseline,1470,0.6940264111383332,0.2504238887783644,358.1795700554231,457.05007380360877,0.18802663791149973,0.21868476895064023,51.400104302411464,0.0,3260.929812150013,5.893061224489795,3.5083333333333333,3.161290322580645,1.2791666666666666,0.4478478219102782,0.4692424057327348,141.44218461232268,27.157941906442566,0.29780934917766433,1.0
medium,109,dynamic_k,nearest,baseline,1470,0.6937655094155453,0.25028261869680324,351.6303137222018,455.3516454095021,0.16765040734260386,0.22239312554001778,47.51290879328758,0.0,82.38812305614036,5.910544217687074,3.658333333333333,2.7916666666666665,1.3625,0.45649726863312196,0.47133799391485,142.6095818867674,22.15307054094442,0.28981455159950803,0.6875
medium,109,dynamic_k,expanding,baseline,1470,0.6937655094155453,0.25028261869680324,351.6303137222018,455.3516454095021,0.16765040734260386,0.22239312554001778,47.51290879328758,0.0,82.38812305614036,5.910544217687074,3.658333333333333,2.7916666666666665,1.3625,0.45649726863312196,0.47133799391485,142.6095818867674,22.15307054094442,0.28981455159950803,0.6875
medium,109,dynamic_k,role_aware,baseline,336,0.6951376842233914,0.25099262085615803,371.14224863789474,475.6738503101456,0.13491482187601764,0.14083840155317573,8.490438636170646,0.0,4253.37397525626,5.893452380952381,1.9861111111111112,0.810126582278481,2.4722222222222223,0.3113149713907431,0.3392438230786085,141.05091826520723,15.543436297710237,0.14396627016282373,0.4236111111111111
medium,109,dynamic_k,fairness_constrained,baseline,1596,0.6935813392613923,0.2501940791433343,348.17243575327683,451.02001617992175,0.1702391246857012,0.22558369812138931,49.739025068688214,0.0,565.1126767549266,5.967857142857143,3.8222222222222224,3.289855072463768,1.55,0.45625170143121413,0.4741068419151497,142.89163834062762,22.38453262501714,0.2909882998083527,0.6083333333333333
medium,109,dynamic_k,multi_objective,baseline,336,0.6951376842233914,0.25099262085615803,371.14224863789474,475.6738503101456,0.13491482187601764,0.14083840155317573,8.490438636170646,0.0,4253.37397525626,5.893452380952381,1.9861111111111112,0.810126582278481,2.4722222222222223,0.3113149713907431,0.3392438230786085,141.05091826520723,15.543436297710237,0.14396627016282373,0.4236111111111111
medium,109,glicko_like,random,baseline,1470,0.6947756519947488,0.25074400927813295,360.45453113411094,462.7425067315469,0.15942319017698112,0.22260313921903785,42.0219353858961,0.0,3147.453154641785,5.9413605442176864,3.5694444444444446,2.716417910447761,1.2333333333333334,0.4506867290446245,0.47029855246357205,139.01740618983337,23.241005533403964,0.2943754092591187,0.9555555555555556
medium,109,glicko_like,nearest,baseline,1470,0.6943943178804293,0.2506102319701272,359.5894927118369,463.22180678024205,0.13746323742953978,0.22075040446474425,37.127851064880076,0.0,80.4186980148262,5.910544217687074,3.436111111111111,2.591549295774648,1.0944444444444446,0.45664925405599005,0.4730316324810888,139.34644305250222,19.464763237003567,0.267388866664713,0.7305555555555555
medium,109,glicko_like,expanding,baseline,1470,0.6943943178804293,0.2506102319701272,359.5894927118369,463.22180678024205,0.13746323742953978,0.22075040446474425,37.127851064880076,0.0,80.4186980148262,5.910544217687074,3.436111111111111,2.591549295774648,1.0944444444444446,0.45664925405599005,0.4730316324810888,139.34644305250222,19.464763237003567,0.267388866664713,0.7305555555555555
medium,109,glicko_like,role_aware,baseline,336,0.6944692976254702,0.2506556821132647,372.6802949018812,478.07732326464736,0.11199283562133192,0.1391138066264311,7.331925502218955,0.0,4025.612981521134,5.883928571428571,1.9722222222222223,0.7974683544303798,2.2444444444444445,0.3054963380198009,0.35369924110216727,139.50769638151877,11.563900801472268,0.13608428974552714,0.43472222222222223
medium,109,glicko_like,fairness_constrained,baseline,1344,0.6945801568613381,0.2506969226962691,362.92322206306255,465.244494389596,0.1361245015389501,0.2244039326160345,37.26666001565861,0.0,683.4464042804598,5.908407738095238,3.283333333333333,2.88,1.7402777777777778,0.45410357193629025,0.4703007329136639,139.51392031346225,17.48845236716662,0.2448191091716965,0.6361111111111111
medium,109,glicko_like,multi_objective,baseline,336,0.6944692976254702,0.2506556821132647,372.6802949018812,478.07732326464736,0.11199283562133192,0.1391138066264311,7.331925502218955,0.0,4025.612981521134,5.883928571428571,1.9722222222222223,0.7974683544303798,2.2444444444444445,0.3054963380198009,0.35369924110216727,139.50769638151877,11.563900801472268,0.13608428974552714,0.43472222222222223
medium,109,drift_aware,random,baseline,1470,0.6936779457592626,0.2502766700764328,345.67808679360263,446.4810153153597,0.18775325991368055,0.2151752953028432,50.923008422074595,0.0,2738.5434171962893,5.931156462585034,3.4166666666666665,2.9322033898305087,1.0902777777777777,0.451885924034953,0.46996831316194476,127.50384232138116,29.374864837446562,0.29096046338942244,0.9555555555555556
medium,109,drift_aware,nearest,baseline,1470,0.6938963431674491,0.2503668459619161,344.2839653706743,444.5043814106037,0.16791209219764644,0.22123840858825575,47.499400927277605,0.0,88.19646666316031,5.910544217687074,3.477777777777778,2.585714285714286,1.275,0.4525563536874878,0.47009965181715474,129.6265260449549,27.47776745936586,0.28801225710753364,0.7722222222222223
medium,109,drift_aware,expanding,baseline,1470,0.6938963431674491,0.2503668459619161,344.2839653706743,444.5043814106037,0.16791209219764644,0.22123840858825575,47.499400927277605,0.0,88.19646666316031,5.910544217687074,3.477777777777778,2.585714285714286,1.275,0.4525563536874878,0.47009965181715474,129.6265260449549,27.47776745936586,0.28801225710753364,0.7722222222222223
medium,109,drift_aware,role_aware,baseline,336,0.6920958164131614,0.24947357424573224,360.99998404793183,462.5986094294145,0.13680228009064846,0.13193940008003824,7.855461552451665,0.0,3910.365227804931,5.815773809523809,1.6944444444444444,0.6794871794871795,2.316666666666667,0.3160590706863193,0.34923479235122384,129.80927250842407,19.988580630156857,0.12192471151063826,0.3819444444444444
medium,109,drift_aware,fairness_constrained,baseline,1596,0.6945572136145085,0.2506915926332925,346.6715091339127,446.44902433816713,0.17138197485049536,0.22188113157161213,49.55140865764428,0.0,530.0200016188724,5.88389724310777,3.6694444444444443,2.7681159420289854,1.5902777777777777,0.45248530621585004,0.4708024804148545,130.45493001192835,26.36116393031039,0.2915881106639242,0.6527777777777778
medium,109,drift_aware,multi_objective,baseline,336,0.6920958164131614,0.24947357424573224,360.99998404793183,462.5986094294145,0.13680228009064846,0.13193940008003824,7.855461552451665,0.0,3910.365227804931,5.815773809523809,1.6944444444444444,0.6794871794871795,2.316666666666667,0.3160590706863193,0.34923479235122384,129.80927250842407,19.988580630156857,0.12192471151063826,0.3819444444444444
medium,109,context_aware,random,baseline,1470,0.6932487345300319,0.2499566144177822,355.97589892128275,457.83520818872734,0.1880340695371963,0.21826798645623613,51.99955438789582,0.0,3280.020211846843,5.925714285714285,3.6416666666666666,2.9464285714285716,1.2138888888888888,0.4490459387365937,0.468779538349286,141.56448066834835,26.72111325845457,0.3048425797375623,0.9444444444444444
medium,109,context_aware,nearest,baseline,1470,0.6929504574840327,0.24989484682022878,353.91241804584956,455.0931917231208,0.1698953525514677,0.2208012273024529,48.59577154051681,0.0,83.80674555088171,5.910544217687074,3.591666666666667,2.9295774647887325,1.363888888888889,0.45468567922103104,0.470056188673848,142.83324632365853,24.466586338812117,0.29050011832241057,0.7097222222222223
medium,109,context_aware,expanding,baseline,1470,0.6929504574840327,0.24989484682022878,353.91241804584956,455.0931917231208,0.1698953525514677,0.2208012273024529,48.59577154051681,0.0,83.80674555088171,5.910544217687074,3.591666666666667,2.9295774647887325,1.363888888888889,0.45468567922103104,0.470056188673848,142.83324632365853,24.466586338812117,0.29050011832241057,0.7097222222222223
medium,109,context_aware,role_aware,baseline,336,0.6951376842233914,0.25099262085615803,371.14224863789474,475.6738503101456,0.13491482187601764,0.14083840155317573,8.490438636170646,0.0,4253.37397525626,5.893452380952381,1.9861111111111112,0.810126582278481,2.4722222222222223,0.3113149713907431,0.3392438230786085,141.05091826520723,15.543436297710237,0.14396627016282373,0.4236111111111111
medium,109,context_aware,fairness_constrained,baseline,1470,0.6939648370193018,0.2503894595229185,358.4257110563564,460.1357116651407,0.16936059168922887,0.22670581621664723,49.06327096946948,0.0,611.6466008447106,5.90843537414966,3.5833333333333335,2.9714285714285715,1.7694444444444444,0.45290940328835994,0.47199154858666553,142.4608477071675,23.32823428264764,0.2831081876007032,0.6416666666666667
medium,109,context_aware,multi_objective,baseline,336,0.6951376842233914,0.25099262085615803,371.14224863789474,475.6738503101456,0.13491482187601764,0.14083840155317573,8.490438636170646,0.0,4253.37397525626,5.893452380952381,1.9861111111111112,0.810126582278481,2.4722222222222223,0.3113149713907431,0.3392438230786085,141.05091826520723,15.543436297710237,0.14396627016282373,0.4236111111111111
medium,110,elo,random,baseline,1722,0.6937361549060124,0.25026525367523994,357.1662588328436,470.4984560581127,0.12084959742973342,0.23169079023185474,31.38082306975654,0.0,2664.2734253661474,5.985540069686411,4.016666666666667,3.087719298245614,1.2458333333333333,0.45805513260317854,0.4747019014773805,146.09645403127988,15.819863789590995,0.32386877516621515,0.9861111111111112
medium,110,elo,nearest,baseline,966,0.6933819313693547,0.2501167557270423,365.0849368277575,482.3578796902189,0.1050780637484348,0.21204797242954543,23.90169210867192,0.0,146.6286550083271,6.086024844720497,2.9194444444444443,1.826086956521739,1.0041666666666667,0.45583467875957057,0.4738135886144868,146.29892943308985,12.104267904336265,0.2116254838203292,0.65
medium,110,elo,expanding,baseline,966,0.6933819313693547,0.2501167557270423,365.0849368277575,482.3578796902189,0.1050780637484348,0.21204797242954543,23.90169210867192,0.0,146.6286550083271,6.086024844720497,2.9194444444444443,1.826086956521739,1.0041666666666667,0.45583467875957057,0.4738135886144868,146.29892943308985,12.104267904336265,0.2116254838203292,0.65
medium,110,elo,role_aware,baseline,336,0.6967090654667097,0.2517620312612138,373.80680725074603,488.50745783867745,0.09480284431585494,0.14349509604536864,9.620956071019165,0.0,6006.505035826246,5.871130952380952,2.0277777777777777,0.6,2.425,0.3028693539666504,0.33509643496166946,145.86693791465916,8.52621227045803,0.13337575638504837,0.4097222222222222
medium,110,elo,fairness_constrained,baseline,1092,0.6941102254988795,0.25048339432687267,362.6633315639071,478.50840214175855,0.10636088451456847,0.22104657577611583,26.38593317015492,0.0,1220.3790329690542,5.923809523809524,3.1333333333333333,1.971830985915493,1.8680555555555556,0.4445715597063438,0.467735696069579,146.22395312326293,12.05715082363004,0.225557629860494,0.6180555555555556
medium,110,elo,multi_objective,baseline,336,0.6967090654667097,0.2517620312612138,373.80680725074603,488.50745783867745,0.09480284431585494,0.14349509604536864,9.620956071019165,0.0,6006.505035826246,5.871130952380952,2.0277777777777777,0.6,2.425,0.3028693539666504,0.33509643496166946,145.86693791465916,8.52621227045803,0.13337575638504837,0.4097222222222222
medium,110,dynamic_k,random,baseline,1722,0.6937079724160509,0.25028449121815977,344.36453350175043,454.10724011507995,0.19228702602048198,0.23742694918439888,52.312866931752914,0.0,2846.8958369805514,6.007026713124273,3.9583333333333335,2.9166666666666665,1.3263888888888888,0.46519612525073206,0.47936156605902236,149.8601339075548,27.940216523200395,0.3322010793134323,1.0041666666666667
medium,110,dynamic_k,nearest,baseline,966,0.6942143702248107,0.2505281549621771,357.78200753104767,474.8266833391208,0.1584150802799041,0.2081166211934048,40.81864524449487,0.0,155.22217026426793,6.086024844720497,2.7,1.9130434782608696,1.211111111111111,0.44380618377287406,0.4690587625859508,149.9553143596689,21.407826777749126,0.21010472787175957,0.5875
medium,110,dynamic_k,expanding,baseline,966,0.6942143702248107,0.2505281549621771,357.78200753104767,474.8266833391208,0.1584150802799041,0.2081166211934048,40.81864524449487,0.0,155.22217026426793,6.086024844720497,2.7,1.9130434782608696,1.211111111111111,0.44380618377287406,0.4690587625859508,149.9553143596689,21.407826777749126,0.21010472787175957,0.5875
medium,110,dynamic_k,role_aware,baseline,336,0.6998804378269562,0.2533461463748684,369.394454011322,484.1721533190573,0.13765686960714688,0.13066632646512605,9.615585174222655,0.0,6505.11224230785,5.883630952380953,1.8333333333333333,0.6842105263157895,2.397222222222222,0.3128820976339943,0.3562576852003933,149.51190769484612,15.669670037345327,0.12831525031867866,0.41388888888888886
medium,110,dynamic_k,fairness_constrained,baseline,1218,0.695134045060001,0.2509764436898188,352.54413873727174,464.7726927188793,0.1656192027868875,0.22279758819396353,46.02692008048545,0.0,1064.5212253761285,6.108210180623974,3.2805555555555554,2.2318840579710146,1.725,0.45994100413986,0.47438302693586415,149.7313429867338,22.83706253540321,0.26645144509125757,0.6694444444444444
medium,110,dynamic_k,multi_objective,baseline,336,0.6998804378269562,0.2533461463748684,369.394454011322,484.1721533190573,0.13765686960714688,0.13066632646512605,9.615585174222655,0.0,6505.11224230785,5.883630952380953,1.8333333333333333,0.6842105263157895,2.397222222222222,0.3128820976339943,0.3562576852003933,149.51190769484612,15.669670037345327,0.12831525031867866,0.41388888888888886
medium,110,glicko_like,random,baseline,1722,0.6953749444187752,0.2511010065980025,350.31287541382187,461.3074796328229,0.16169233102069122,0.237580452572274,42.27938437056672,0.0,2691.625029399278,5.988443670150986,3.897222222222222,2.9672131147540983,1.2708333333333333,0.4581697941813058,0.4737500449482602,146.9385941550918,24.31383850978164,0.3228900152376397,0.9819444444444444
medium,110,glicko_like,nearest,baseline,966,0.6930143575348455,0.24994654762896654,361.1400773301156,477.39716237971567,0.13172421338182577,0.21359347888135102,33.234007341143126,0.0,178.9162579301639,6.086024844720497,3.047222222222222,2.0285714285714285,1.25,0.44585401997185065,0.4711222862108157,147.88445150035443,17.24264447392047,0.23346976692224722,0.6375
medium,110,glicko_like,expanding,baseline,966,0.6930143575348455,0.24994654762896654,361.1400773301156,477.39716237971567,0.13172421338182577,0.21359347888135102,33.234007341143126,0.0,178.9162579301639,6.086024844720497,3.047222222222222,2.0285714285714285,1.25,0.44585401997185065,0.4711222862108157,147.88445150035443,17.24264447392047,0.23346976692224722,0.6375
medium,110,glicko_like,role_aware,baseline,336,0.6968030318710029,0.251829881904327,371.59463438395727,486.5607868934983,0.11415440485108443,0.13988208881252814,10.021729315379323,0.0,6486.935259140803,5.841369047619048,1.8055555555555556,0.6081081081081081,2.345833333333333,0.3249200737734145,0.3625741258195102,146.80304918666602,12.627460076825736,0.12412860369970057,0.4375
medium,110,glicko_like,fairness_constrained,baseline,1974,0.692771799029964,0.24982215919956224,345.91925028456194,458.5703737420563,0.14788803288898736,0.23444343963411168,40.89255947959942,0.0,476.4988758019133,5.9389057750759875,4.280555555555556,3.3793103448275863,1.3277777777777777,0.46465420135914637,0.4788093469122936,147.45137081139907,22.05429062013893,0.3391124332321129,0.8277777777777777
medium,110,glicko_like,multi_objective,baseline,336,0.6968030318710029,0.251829881904327,371.59463438395727,486.5607868934983,0.11415440485108443,0.13988208881252814,10.021729315379323,0.0,6486.935259140803,5.841369047619048,1.8055555555555556,0.6081081081081081,2.345833333333333,0.3249200737734145,0.3625741258195102,146.80304918666602,12.627460076825736,0.12412860369970057,0.4375
medium,110,drift_aware,random,baseline,1722,0.6947043560600812,0.25059400977836865,337.97825476837806,441.92407016309176,0.19332430730568906,0.23219623012915586,52.40583649536233,0.0,2298.577585834203,5.989024390243902,4.061111111111111,3.6363636363636362,1.1611111111111112,0.4622200904614479,0.4794291393335437,132.3658970719904,29.899893662951946,0.3459653139812462,0.9819444444444444
medium,110,drift_aware,nearest,baseline,966,0.6923028863041664,0.24960595207476513,351.9961894886678,459.44302286354554,0.15925718093448096,0.213914187317025,41.45118923190883,0.0,152.5937519680962,6.086024844720497,2.8666666666666667,2.130434782608696,1.488888888888889,0.4541837843559615,0.47402002885101385,135.95287951012244,24.423506552303408,0.22213994811316337,0.5486111111111112
medium,110,drift_aware,expanding,baseline,966,0.6923028863041664,0.24960595207476513,351.9961894886678,459.44302286354554,0.15925718093448096,0.213914187317025,41.45118923190883,0.0,152.5937519680962,6.086024844720497,2.8666666666666667,2.130434782608696,1.488888888888889,0.4541837843559615,0.47402002885101385,135.95287951012244,24.423506552303408,0.22213994811316337,0.5486111111111112
medium,110,drift_aware,role_aware,baseline,336,0.6941625730918103,0.25050642681985275,363.3836256934552,471.40150939036636,0.13772264815703608,0.14554682942819414,8.872708744560642,0.0,5097.942687487476,5.872619047619048,2.0277777777777777,0.972972972972973,2.5541666666666667,0.31099346037484654,0.35701773491544475,135.3650242115454,21.321970635301337,0.1490160004515632,0.45694444444444443
medium,110,drift_aware,fairness_constrained,baseline,1596,0.6938839576719232,0.2503531558242286,341.93350794681066,444.17325685047973,0.17635584991699688,0.22869367429130524,49.74289803004725,0.0,603.6306421003197,5.980827067669173,3.875,3.4242424242424243,1.6666666666666667,0.45890084737573833,0.47600939023147065,136.5549382696174,28.681488426194107,0.3102835882869724,0.6986111111111111
medium,110,drift_aware,multi_objective,baseline,336,0.6941625730918103,0.25050642681985275,363.3836256934552,471.40150939036636,0.13772264815703608,0.14554682942819414,8.872708744560642,0.0,5097.942687487476,5.872619047619048,2.0277777777777777,0.972972972972973,2.5541666666666667,0.31099346037484654,0.35701773491544475,135.3650242115454,21.321970635301337,0.1490160004515632,0.45694444444444443
medium,110,context_aware,random,baseline,1722,0.6933186668659735,0.25006799127054713,344.33192018255505,454.9554351894745,0.19397057857809316,0.23660071539993138,53.164628629114084,0.0,2833.98943827972,5.966957026713123,4.05,3.180327868852459,1.2861111111111112,0.4584441913871336,0.4756636724152331,150.06230706552338,29.087847094572922,0.348817596338117,0.9888888888888889
medium,110,context_aware,nearest,baseline,966,0.6939941949316395,0.25041833412869835,360.9247577190775,474.3561642099571,0.1589752931566495,0.21641996904529442,41.23984061447728,0.0,150.82903083952357,6.086024844720497,2.8333333333333335,2.0303030303030303,1.3569444444444445,0.44825662625304297,0.4687032696476659,150.27778300868658,20.640770561217945,0.2150616285741391,0.5319444444444444
medium,110,context_aware,expanding,baseline,966,0.6939941949316395,0.25041833412869835,360.9247577190775,474.3561642099571,0.1589752931566495,0.21641996904529442,41.23984061447728,0.0,150.82903083952357,6.086024844720497,2.8333333333333335,2.0303030303030303,1.3569444444444445,0.44825662625304297,0.4687032696476659,150.27778300868658,20.640770561217945,0.2150616285741391,0.5319444444444444
medium,110,context_aware,role_aware,baseline,336,0.6998804378269562,0.2533461463748684,369.394454011322,484.1721533190573,0.13765686960714688,0.13066632646512605,9.615585174222655,0.0,6505.11224230785,5.883630952380953,1.8333333333333333,0.6842105263157895,2.397222222222222,0.3128820976339943,0.3562576852003933,149.51190769484612,15.669670037345327,0.12831525031867866,0.41388888888888886
medium,110,context_aware,fairness_constrained,baseline,1470,0.6939026215612359,0.2503801504880717,350.8852914513459,464.7179483402544,0.17358324907173334,0.22608036909767884,49.320995880203576,0.0,776.1726402921472,5.9689115646258495,3.513888888888889,2.9130434782608696,1.6777777777777778,0.4620879159617558,0.47835538963737256,150.21456725366113,24.683319456820218,0.27919927204964584,0.7194444444444444
medium,110,context_aware,multi_objective,baseline,336,0.6998804378269562,0.2533461463748684,369.394454011322,484.1721533190573,0.13765686960714688,0.13066632646512605,9.615585174222655,0.0,6505.11224230785,5.883630952380953,1.8333333333333333,0.6842105263157895,2.397222222222222,0.3128820976339943,0.3562576852003933,149.51190769484612,15.669670037345327,0.12831525031867866,0.41388888888888886
medium,101,dynamic_k,nearest,cold_start,1218,0.6914737223910606,0.24922874260470987,380.51524039303024,484.9150114601672,0.16288485925724389,0.23678262445319675,46.05201563060177,0.0,119.99848902660555,6.016666666666666,3.4472222222222224,2.5074626865671643,1.8666666666666667,0.4601038072348587,0.4747458175388802,141.20756122250847,21.60083696181042,0.2636997603581326,0.5680555555555555
medium,101,dynamic_k,role_aware,cold_start,336,0.6919126602464785,0.24939244619159806,397.26225315260734,507.40581120920484,0.13391618495893265,0.1436001081270749,9.066972647984796,0.0,5047.38123432575,5.934226190476191,2.125,0.6598639455782312,3.061111111111111,0.30512236797360437,0.3327803088544742,140.13858081060815,14.513174094746278,0.14666146593324536,0.4027777777777778
medium,101,dynamic_k,multi_objective,cold_start,336,0.6919126602464785,0.24939244619159806,397.26225315260734,507.40581120920484,0.13391618495893265,0.1436001081270749,9.066972647984796,0.0,5047.38123432575,5.934226190476191,2.125,0.6598639455782312,3.061111111111111,0.30512236797360437,0.3327803088544742,140.13858081060815,14.513174094746278,0.14666146593324536,0.4027777777777778
medium,101,dynamic_k,nearest,smurf_disruption,1344,0.6926860697027758,0.2497604195333995,427.16195498199767,549.4533520844591,0.16329051613145196,0.24574597656964728,46.63790428881172,0.0,126.17892747841528,6.121279761904762,3.7694444444444444,2.671232876712329,1.9902777777777778,0.46883308262164525,0.48386103889472354,170.89717864715277,23.48916895946386,0.3081909366592566,0.7083333333333334
medium,101,dynamic_k,role_aware,smurf_disruption,336,0.6957103236881704,0.25128156620591985,446.02939276132935,571.9901159942783,0.13264704227666466,0.15166502890076267,10.053412473724643,0.0,7266.905873727199,5.8848214285714295,2.0972222222222223,0.20270270270270271,2.629166666666667,0.3599618219117565,0.39074919136066877,170.1775964434773,13.957307961636383,0.13779472282422875,0.4111111111111111
medium,101,dynamic_k,multi_objective,smurf_disruption,336,0.6957103236881704,0.25128156620591985,446.02939276132935,571.9901159942783,0.13264704227666466,0.15166502890076267,10.053412473724643,0.0,7266.905873727199,5.8848214285714295,2.0972222222222223,0.20270270270270271,2.629166666666667,0.3599618219117565,0.39074919136066877,170.1775964434773,13.957307961636383,0.13779472282422875,0.4111111111111111
medium,101,dynamic_k,nearest,skill_drift,1470,0.6934001768536479,0.25012148834017306,340.63266896811314,448.12731822948723,0.16868428970029228,0.227654782695838,48.140726781912875,0.0,93.47374765826754,6.126326530612245,3.575,2.788732394366197,1.8583333333333334,0.45716425759498536,0.475908664778766,143.6142157617153,22.780890337990492,0.28246596828100534,0.6569444444444444
medium,101,dynamic_k,role_aware,skill_drift,336,0.6948597592280032,0.2508480988438486,365.6292917600491,474.8839501114935,0.1336888806171895,0.13802984526919806,8.45547520624539,0.0,3912.7748012922652,5.954464285714287,1.9305555555555556,0.46835443037974683,3.201388888888889,0.2952455125122482,0.3311931249139644,142.7074268208709,15.12015433507417,0.13708051335518845,0.4125
medium,101,dynamic_k,multi_objective,skill_drift,336,0.6948597592280032,0.2508480988438486,365.6292917600491,474.8839501114935,0.1336888806171895,0.13802984526919806,8.45547520624539,0.0,3912.7748012922652,5.954464285714287,1.9305555555555556,0.46835443037974683,3.201388888888889,0.2952455125122482,0.3311931249139644,142.7074268208709,15.12015433507417,0.13708051335518845,0.4125
medium,101,dynamic_k,nearest,seasonal_reset,1470,0.6933063614808936,0.2500786488771643,339.1389861177728,443.56602157096665,0.16887309174895318,0.2327704010207871,48.028468396961266,0.0,89.45544880492956,6.126326530612245,3.8666666666666667,2.6,2.0305555555555554,0.45681324163429715,0.4748790330502211,143.64870017349156,24.12893047431241,0.3132567067474478,0.6805555555555556
medium,101,dynamic_k,role_aware,seasonal_reset,336,0.6942629586700076,0.2505543531433514,363.02915491223905,472.6204712122092,0.13387548722991013,0.14245193172258339,8.990623913822875,0.0,4280.046821230195,5.931547619047619,2.013888888888889,0.5641025641025641,3.198611111111111,0.3187980320744256,0.345626164204038,142.86676762430162,14.921061724804973,0.14603978147214733,0.3958333333333333
medium,101,dynamic_k,multi_objective,seasonal_reset,336,0.6942629586700076,0.2505543531433514,363.02915491223905,472.6204712122092,0.13387548722991013,0.14245193172258339,8.990623913822875,0.0,4280.046821230195,5.931547619047619,2.013888888888889,0.5641025641025641,3.198611111111111,0.3187980320744256,0.345626164204038,142.86676762430162,14.921061724804973,0.14603978147214733,0.3958333333333333
medium,101,dynamic_k,nearest,role_scarcity,1470,0.6937911453454871,0.25030006906509406,342.435349666898,448.25766598219735,0.16839221347300087,0.22975547646406158,47.9023724237806,0.0,87.4901934764375,6.126326530612245,3.533333333333333,2.357142857142857,2.0069444444444446,0.45736959931822685,0.47600285664676867,143.6318890792509,22.90267257198201,0.2774908140106851,0.6708333333333333
medium,101,dynamic_k,role_aware,role_scarcity,336,0.6967196145445295,0.25177639510967836,363.6277239079537,471.9532013124084,0.134039202269898,0.1371156643515349,8.18817894659154,0.0,4016.344858401157,5.942857142857143,1.9861111111111112,0.475,3.1819444444444445,0.2929690659913707,0.3273672715908653,142.61242719093275,15.23434556191202,0.1400505260148321,0.4222222222222222
medium,101,dynamic_k,multi_objective,role_scarcity,336,0.6967196145445295,0.25177639510967836,363.6277239079537,471.9532013124084,0.134039202269898,0.1371156643515349,8.18817894659154,0.0,4016.344858401157,5.942857142857143,1.9861111111111112,0.475,3.1819444444444445,0.2929690659913707,0.3273672715908653,142.61242719093275,15.23434556191202,0.1400505260148321,0.4222222222222222
medium,101,dynamic_k,nearest,rank_mmr_divergence,1470,0.6936478174830152,0.2502479961155414,337.28560392991074,440.41204357304855,0.16927202632131683,0.22449404982452859,47.760550779865405,0.0,69.37931159538421,6.126326530612245,3.4833333333333334,2.585714285714286,1.9333333333333333,0.45216063864023964,0.47227168938323727,120.38153426631737,34.089986444966776,0.28901614222895927,0.6388888888888888
medium,101,dynamic_k,role_aware,rank_mmr_divergence,336,0.6950401983340826,0.25093991069946664,355.8684117744795,461.19079172591427,0.1347645720185357,0.1406124667475721,8.077653623082744,0.0,4022.020971960257,5.956547619047619,2.0,0.47435897435897434,3.2569444444444446,0.30073592658737824,0.34382163028387663,120.80905154202048,22.52264129872944,0.1564027350060179,0.41944444444444445
medium,101,dynamic_k,multi_objective,rank_mmr_divergence,336,0.6950401983340826,0.25093991069946664,355.8684117744795,461.19079172591427,0.1347645720185357,0.1406124667475721,8.077653623082744,0.0,4022.020971960257,5.956547619047619,2.0,0.47435897435897434,3.2569444444444446,0.30073592658737824,0.34382163028387663,120.80905154202048,22.52264129872944,0.1564027350060179,0.41944444444444445
medium,101,dynamic_k,nearest,pareto_strict,1470,0.6937911453454871,0.25030006906509406,342.435349666898,448.25766598219735,0.16839221347300087,0.22975547646406158,47.9023724237806,0.0,87.4901934764375,6.126326530612245,3.533333333333333,2.357142857142857,2.0069444444444446,0.45736959931822685,0.47600285664676867,143.6318890792509,22.90267257198201,0.2774908140106851,0.6708333333333333
medium,101,dynamic_k,role_aware,pareto_strict,336,0.6950791272049688,0.25096315257388524,360.7369327650263,472.34182310782734,0.13445606015030517,0.1493066688985377,6.1491553420845815,0.0,3990.3446211246787,6.0529761904761905,2.1944444444444446,0.625,3.120833333333333,0.3061312523486337,0.34292045696441853,142.12376922270977,15.564225377711725,0.16307804103856216,0.43194444444444446
medium,101,dynamic_k,multi_objective,pareto_strict,336,0.6950791272049688,0.25096315257388524,360.7369327650263,472.34182310782734,0.13445606015030517,0.1493066688985377,6.1491553420845815,0.0,3990.3446211246787,6.0529761904761905,2.1944444444444446,0.625,3.120833333333333,0.3061312523486337,0.34292045696441853,142.12376922270977,15.564225377711725,0.16307804103856216,0.43194444444444446
medium,101,dynamic_k,nearest,pareto_fast,1470,0.6937911453454871,0.25030006906509406,342.435349666898,448.25766598219735,0.16839221347300087,0.22975547646406158,47.9023724237806,0.0,87.4901934764375,6.126326530612245,3.533333333333333,2.357142857142857,2.0069444444444446,0.45736959931822685,0.47600285664676867,143.6318890792509,22.90267257198201,0.2774908140106851,0.6708333333333333
medium,101,dynamic_k,role_aware,pareto_fast,336,0.7022233141372114,0.2544844723477366,363.98954827535545,474.4753494818102,0.1356439239928809,0.1463585518878483,12.938450041997173,0.0,4418.2452012583035,5.852380952380953,2.0,0.42857142857142855,3.0166666666666666,0.3197455719075248,0.35260511502936004,142.10339435644718,15.5918278071651,0.13974485905325656,0.4166666666666667
medium,101,dynamic_k,multi_objective,pareto_fast,336,0.7022233141372114,0.2544844723477366,363.98954827535545,474.4753494818102,0.1356439239928809,0.1463585518878483,12.938450041997173,0.0,4418.2452012583035,5.852380952380953,2.0,0.42857142857142855,3.0166666666666666,0.3197455719075248,0.35260511502936004,142.10339435644718,15.5918278071651,0.13974485905325656,0.4166666666666667
medium,102,dynamic_k,nearest,cold_start,1722,0.69445688865024,0.2505872352760062,336.2161674285213,428.7132835197583,0.17334800057347247,0.23993992468679493,50.20144065824497,0.0,70.28429302018256,5.988792102206736,4.083333333333333,3.053435114503817,1.2138888888888888,0.4665123322203699,0.4792031931051688,136.96834837136888,24.8763040397403,0.326566674269378,0.6666666666666666
medium,102,dynamic_k,role_aware,cold_start,336,0.6993112976866461,0.25306736033566263,362.7978961168914,460.1999460304433,0.13315200332156865,0.14076591932263227,8.484106110905852,0.0,4314.724617957447,5.810119047619048,1.9027777777777777,0.63125,2.5861111111111112,0.31302608481925354,0.3464441269802694,135.98948015569886,15.457483076194594,0.13412401255564366,0.39305555555555555
medium,102,dynamic_k,multi_objective,cold_start,336,0.6993112976866461,0.25306736033566263,362.7978961168914,460.1999460304433,0.13315200332156865,0.14076591932263227,8.484106110905852,0.0,4314.724617957447,5.810119047619048,1.9027777777777777,0.63125,2.5861111111111112,0.31302608481925354,0.3464441269802694,135.98948015569886,15.457483076194594,0.13412401255564366,0.39305555555555555
medium,102,dynamic_k,nearest,smurf_disruption,1722,0.6931062688144043,0.2499761159829107,417.0321769631503,541.8367871538364,0.17207428245732798,0.2562883853669796,49.87740888862802,0.0,31.520672764227452,5.95458768873403,4.35,2.719298245614035,1.7569444444444444,0.4737668893031954,0.48524695300079757,171.16888165094758,24.67895268868216,0.3523599265450317,0.7416666666666667
medium,102,dynamic_k,role_aware,smurf_disruption,336,0.6903047080790403,0.24858423281275177,446.54795821499056,576.6950901925011,0.13162933780172087,0.14809550431196267,8.613360779753314,0.0,6260.1526699941705,5.954761904761905,2.0555555555555554,0.5441176470588235,2.5944444444444446,0.319265771396965,0.361773380773634,170.72668721872694,13.494094909041305,0.14415375961722,0.40694444444444444
medium,102,dynamic_k,multi_objective,smurf_disruption,336,0.6903047080790403,0.24858423281275177,446.54795821499056,576.6950901925011,0.13162933780172087,0.14809550431196267,8.613360779753314,0.0,6260.1526699941705,5.954761904761905,2.0555555555555554,0.5441176470588235,2.5944444444444446,0.319265771396965,0.361773380773634,170.72668721872694,13.494094909041305,0.14415375961722,0.40694444444444444
medium,102,dynamic_k,nearest,skill_drift,1722,0.6938775669690691,0.25034979390456197,340.60446185300214,450.17718374204156,0.17347508857198168,0.23626539205088715,49.73722980312952,0.0,81.45801209344901,5.980313588850175,4.186111111111111,3.074626865671642,1.1666666666666667,0.45948977809388525,0.4770334121041449,147.64409200575741,24.664906686802887,0.34328649938994793,0.7680555555555556
medium,102,dynamic_k,role_aware,skill_drift,336,0.6951515007379572,0.25099575177691724,368.889000784321,484.25496649908877,0.13444016104790155,0.1402925429250131,8.62721117849517,0.0,6042.106214443635,5.8026785714285705,1.9722222222222223,0.9347826086956522,2.6083333333333334,0.30808575229361823,0.34875504442185157,146.61040237573567,15.165933297353426,0.13306344197656816,0.3972222222222222
medium,102,dynamic_k,multi_objective,skill_drift,336,0.6951515007379572,0.25099575177691724,368.889000784321,484.25496649908877,0.13444016104790155,0.1402925429250131,8.62721117849517,0.0,6042.106214443635,5.8026785714285705,1.9722222222222223,0.9347826086956522,2.6083333333333334,0.30808575229361823,0.34875504442185157,146.61040237573567,15.165933297353426,0.13306344197656816,0.3972222222222222
medium,102,dynamic_k,nearest,seasonal_reset,1722,0.6932489005027133,0.2500429140743627,336.5570913820564,444.53972775245376,0.17291118880854575,0.2380047678779505,49.90772741351169,0.0,78.72828356924958,5.980313588850175,4.169444444444444,2.8805970149253732,1.1833333333333333,0.4609157739027737,0.4776598230578038,147.93219587664137,26.20269324607902,0.3405886357094154,0.725
medium,102,dynamic_k,role_aware,seasonal_reset,336,0.6946533260449138,0.2507452012575473,364.8265943314988,480.4280112506878,0.1338523952731161,0.1462523754993508,8.27406128630777,0.0,5673.515878346086,5.833333333333333,2.111111111111111,1.032258064516129,2.623611111111111,0.3147722186197723,0.35833679526106343,146.96548347796326,15.518692114769859,0.1500303264154785,0.4375
medium,102,dynamic_k,multi_objective,seasonal_reset,336,0.6946533260449138,0.2507452012575473,364.8265943314988,480.4280112506878,0.1338523952731161,0.1462523754993508,8.27406128630777,0.0,5673.515878346086,5.833333333333333,2.111111111111111,1.032258064516129,2.623611111111111,0.3147722186197723,0.35833679526106343,146.96548347796326,15.518692114769859,0.1500303264154785,0.4375
medium,102,dynamic_k,nearest,role_scarcity,1722,0.6936044826935381,0.25021647695943555,339.873088827012,449.14413623505675,0.17330718367403647,0.23365440589178904,49.81884622013626,0.0,82.63904378208993,5.980313588850175,4.041666666666667,2.8405797101449277,1.1305555555555555,0.4597135716084124,0.47796318320404935,148.17764798151703,24.604698509948037,0.3242318370380583,0.6972222222222222
medium,102,dynamic_k,role_aware,role_scarcity,336,0.694790595360846,0.25081763213686825,364.34333533993987,480.53233075259226,0.13443861849480038,0.14822383235416886,8.648517845403346,0.0,6201.706075363628,5.817261904761905,2.3055555555555554,1.2872340425531914,2.6680555555555556,0.3260167740189813,0.35921737987377433,146.2611633235368,15.516007114342134,0.16343699164772854,0.4486111111111111
medium,102,dynamic_k,multi_objective,role_scarcity,336,0.694790595360846,0.25081763213686825,364.34333533993987,480.53233075259226,0.13443861849480038,0.14822383235416886,8.648517845403346,0.0,6201.706075363628,5.817261904761905,2.3055555555555554,1.2872340425531914,2.6680555555555556,0.3260167740189813,0.35921737987377433,146.2611633235368,15.516007114342134,0.16343699164772854,0.4486111111111111
medium,102,dynamic_k,nearest,rank_mmr_divergence,1722,0.6933229262776307,0.2500799543935078,333.1612293100965,441.1342190794844,0.1735869479267451,0.2341401770034717,49.91286534315321,0.0,77.42411516086806,5.980313588850175,4.075,2.838235294117647,1.1875,0.46168768547578887,0.4777694112342192,124.07026082825014,36.855365393659824,0.3453988329361924,0.7027777777777777
medium,102,dynamic_k,role_aware,rank_mmr_divergence,336,0.6929252847942904,0.2498932135585545,359.7400198935019,471.7224020546385,0.13453949154158454,0.1536001638956536,8.15216671657515,0.0,5698.631426894966,5.824999999999999,2.2083333333333335,1.1235955056179776,2.683333333333333,0.3399939750009463,0.3796188786506327,124.37230253515946,21.644580121995038,0.16912768382140633,0.3861111111111111
medium,102,dynamic_k,multi_objective,rank_mmr_divergence,336,0.6929252847942904,0.2498932135585545,359.7400198935019,471.7224020546385,0.13453949154158454,0.1536001638956536,8.15216671657515,0.0,5698.631426894966,5.824999999999999,2.2083333333333335,1.1235955056179776,2.683333333333333,0.3399939750009463,0.3796188786506327,124.37230253515946,21.644580121995038,0.16912768382140633,0.3861111111111111
medium,102,dynamic_k,nearest,pareto_strict,1722,0.6936044826935381,0.25021647695943555,339.873088827012,449.14413623505675,0.17330718367403647,0.23365440589178904,49.81884622013626,0.0,82.63904378208993,5.980313588850175,4.041666666666667,2.8405797101449277,1.1305555555555555,0.4597135716084124,0.47796318320404935,148.17764798151703,24.604698509948037,0.3242318370380583,0.6972222222222222
medium,102,dynamic_k,role_aware,pareto_strict,336,0.6924130981196405,0.24963380993475962,362.99716424357314,477.61682020809803,0.1351190245638951,0.14715016057320038,6.336896902691843,0.0,6318.6941894992615,5.872023809523809,2.0972222222222223,0.7209302325581395,2.4791666666666665,0.3124376137741264,0.35019610263562606,146.98611838935884,16.133388803105177,0.1482434755839077,0.3763888888888889
medium,102,dynamic_k,multi_objective,pareto_strict,336,0.6924130981196405,0.24963380993475962,362.99716424357314,477.61682020809803,0.1351190245638951,0.14715016057320038,6.336896902691843,0.0,6318.6941894992615,5.872023809523809,2.0972222222222223,0.7209302325581395,2.4791666666666665,0.3124376137741264,0.35019610263562606,146.98611838935884,16.133388803105177,0.1482434755839077,0.3763888888888889
medium,102,dynamic_k,nearest,pareto_fast,1722,0.6936044826935381,0.25021647695943555,339.873088827012,449.14413623505675,0.17330718367403647,0.23365440589178904,49.81884622013626,0.0,82.63904378208993,5.980313588850175,4.041666666666667,2.8405797101449277,1.1305555555555555,0.4597135716084124,0.47796318320404935,148.17764798151703,24.604698509948037,0.3242318370380583,0.6972222222222222
medium,102,dynamic_k,role_aware,pareto_fast,336,0.6972344302191006,0.2520256114368668,367.8008386221783,481.7037171957358,0.13411436199048452,0.1383530546213301,15.191974214548335,0.0,6891.881725752643,5.713690476190477,1.8472222222222223,0.6702127659574468,2.3986111111111112,0.31101232871229967,0.34046609622309904,146.25451746129787,14.994512791416797,0.1351796937217658,0.4444444444444444
medium,102,dynamic_k,multi_objective,pareto_fast,336,0.6972344302191006,0.2520256114368668,367.8008386221783,481.7037171957358,0.13411436199048452,0.1383530546213301,15.191974214548335,0.0,6891.881725752643,5.713690476190477,1.8472222222222223,0.6702127659574468,2.3986111111111112,0.31101232871229967,0.34046609622309904,146.25451746129787,14.994512791416797,0.1351796937217658,0.4444444444444444
medium,103,dynamic_k,nearest,cold_start,1344,0.6917481348106461,0.2493096334620534,356.41851197322853,466.12720206643223,0.16412408271215875,0.2306500219084509,47.70222154920312,0.0,165.535820913321,6.0329613095238095,3.4555555555555557,2.437086092715232,1.6388888888888888,0.4633032267986275,0.47678350964675037,144.69001584123356,20.990664722022437,0.2595923980671045,0.5819444444444445
medium,103,dynamic_k,role_aware,cold_start,336,0.6946365321768649,0.25074425506204484,375.3768992544829,487.1654830938532,0.13428148900428577,0.14490541699114182,9.715183516283638,0.0,5868.277353784096,5.916369047619048,2.0694444444444446,0.6975308641975309,2.8444444444444446,0.30792561524148465,0.3504397752495876,143.02474510204692,15.245494778050851,0.1485322402195372,0.39861111111111114
medium,103,dynamic_k,multi_objective,cold_start,336,0.6946365321768649,0.25074425506204484,375.3768992544829,487.1654830938532,0.13428148900428577,0.14490541699114182,9.715183516283638,0.0,5868.277353784096,5.916369047619048,2.0694444444444446,0.6975308641975309,2.8444444444444446,0.30792561524148465,0.3504397752495876,143.02474510204692,15.245494778050851,0.1485322402195372,0.39861111111111114
medium,103,dynamic_k,nearest,smurf_disruption,1092,0.6934716551190613,0.25015851542991896,423.2621501227663,552.8701538121051,0.15717022946372375,0.22544216756033583,43.13170087355872,0.0,69.92429762238959,6.158150183150184,3.2666666666666666,1.893939393939394,2.0597222222222222,0.46061012971970416,0.4762993088410742,170.69117682371387,21.52867852027092,0.2579220816502163,0.5722222222222222
medium,103,dynamic_k,role_aware,smurf_disruption,336,0.6933924679970632,0.2501213952977451,434.2050556508211,567.2900217384296,0.13315993483741229,0.1438167802472701,8.44744771222695,0.0,6306.768953114471,5.852380952380952,2.0277777777777777,0.3972602739726027,2.6819444444444445,0.32313873596203363,0.3700465031897836,169.9213205255732,14.302003576424863,0.14072778803337452,0.41388888888888886
medium,103,dynamic_k,multi_objective,smurf_disruption,336,0.6933924679970632,0.2501213952977451,434.2050556508211,567.2900217384296,0.13315993483741229,0.1438167802472701,8.44744771222695,0.0,6306.768953114471,5.852380952380952,2.0277777777777777,0.3972602739726027,2.6819444444444445,0.32313873596203363,0.3700465031897836,169.9213205255732,14.302003576424863,0.14072778803337452,0.41388888888888886
medium,103,dynamic_k,nearest,skill_drift,1344,0.6941988316263442,0.2505214593264388,345.5779026757178,441.85667357773747,0.16280287479854053,0.2282579299596813,46.15048851732079,0.0,87.70746776263142,5.892633928571429,3.5027777777777778,2.3636363636363638,1.5555555555555556,0.4639688066086244,0.47947876035158904,144.34628206710153,24.55263046443188,0.2857066170197503,0.7277777777777777
medium,103,dynamic_k,role_aware,skill_drift,336,0.6944466266840124,0.25064829742736067,367.8077655620726,467.37669075394075,0.13179609060974687,0.12954612269727347,8.769721720509882,0.0,4559.37843700102,5.974702380952381,1.7777777777777777,0.47560975609756095,2.7777777777777777,0.28951541822679777,0.34106918098406824,144.0051918584807,14.602371958691577,0.13118364452231376,0.40555555555555556
medium,103,dynamic_k,multi_objective,skill_drift,336,0.6944466266840124,0.25064829742736067,367.8077655620726,467.37669075394075,0.13179609060974687,0.12954612269727347,8.769721720509882,0.0,4559.37843700102,5.974702380952381,1.7777777777777777,0.47560975609756095,2.7777777777777777,0.28951541822679777,0.34106918098406824,144.0051918584807,14.602371958691577,0.13118364452231376,0.40555555555555556
medium,103,dynamic_k,nearest,seasonal_reset,1344,0.6931710083089002,0.25001365602998193,341.9578768755892,439.08232182321075,0.16187428380103666,0.23115920059901077,46.2926578475542,0.0,83.21635330922999,5.892633928571429,3.5416666666666665,2.6338028169014085,1.7305555555555556,0.4603624307602762,0.47573530749250503,145.08700245785263,23.64916925363627,0.28531708761372543,0.7375
medium,103,dynamic_k,role_aware,seasonal_reset,336,0.6984204302750718,0.252624949804174,365.2806539698192,466.2153228630939,0.1329536989515008,0.12545089570017656,8.557097832873662,0.0,4432.383568324099,5.977380952380952,1.7361111111111112,0.5569620253164557,2.9833333333333334,0.27772443691383786,0.3089014873959576,143.39713547484084,15.638005336443358,0.12741333650213468,0.44305555555555554
medium,103,dynamic_k,multi_objective,seasonal_reset,336,0.6984204302750718,0.252624949804174,365.2806539698192,466.2153228630939,0.1329536989515008,0.12545089570017656,8.557097832873662,0.0,4432.383568324099,5.977380952380952,1.7361111111111112,0.5569620253164557,2.9833333333333334,0.27772443691383786,0.3089014873959576,143.39713547484084,15.638005336443358,0.12741333650213468,0.44305555555555554
medium,103,dynamic_k,nearest,role_scarcity,1344,0.6938155195542371,0.25031506027304834,343.84214814517924,437.7490125600148,0.16248895449369244,0.23092556625317395,46.39491774346415,0.0,88.46419838952264,5.892633928571429,3.5388888888888888,2.536231884057971,1.636111111111111,0.4636623670713396,0.4781027570026934,144.48840990412043,24.16301967825209,0.28594796186569604,0.7111111111111111
medium,103,dynamic_k,role_aware,role_scarcity,336,0.692474331001795,0.249665542152805,367.7390500348924,467.82010868937016,0.13190112793853656,0.1299722943912141,8.568384526828579,0.0,4568.555540362764,6.003273809523809,1.7916666666666667,0.4125,2.951388888888889,0.2846752192260479,0.33155481534508585,144.30943661174481,14.595982071924169,0.12610012231710646,0.38055555555555554
medium,103,dynamic_k,multi_objective,role_scarcity,336,0.692474331001795,0.249665542152805,367.7390500348924,467.82010868937016,0.13190112793853656,0.1299722943912141,8.568384526828579,0.0,4568.555540362764,6.003273809523809,1.7916666666666667,0.4125,2.951388888888889,0.2846752192260479,0.33155481534508585,144.30943661174481,14.595982071924169,0.12610012231710646,0.38055555555555554
medium,103,dynamic_k,nearest,rank_mmr_divergence,1344,0.6938716636859548,0.25036021344739534,337.1389064666661,429.9964163825288,0.16300273055403558,0.2261570311758351,46.1116073509403,0.0,79.7047953733629,5.892633928571429,3.5944444444444446,2.485294117647059,1.636111111111111,0.45640078229668024,0.47615712169486035,121.27525262151187,34.09961073363586,0.30351533566685895,0.6930555555555555
medium,103,dynamic_k,role_aware,rank_mmr_divergence,336,0.6920694847329889,0.2494657685627756,362.3758270446556,458.4897850019298,0.13231979662461915,0.11992344507456758,8.44363314956269,0.0,4092.1838868495224,5.971130952380952,1.5833333333333333,0.35802469135802467,2.952777777777778,0.27608857972773415,0.3127881868695866,122.38475230609166,21.261433250748567,0.11949459270722618,0.3347222222222222
medium,103,dynamic_k,multi_objective,rank_mmr_divergence,336,0.6920694847329889,0.2494657685627756,362.3758270446556,458.4897850019298,0.13231979662461915,0.11992344507456758,8.44363314956269,0.0,4092.1838868495224,5.971130952380952,1.5833333333333333,0.35802469135802467,2.952777777777778,0.27608857972773415,0.3127881868695866,122.38475230609166,21.261433250748567,0.11949459270722618,0.3347222222222222
medium,103,dynamic_k,nearest,pareto_strict,1344,0.6938155195542371,0.25031506027304834,343.84214814517924,437.7490125600148,0.16248895449369244,0.23092556625317395,46.39491774346415,0.0,88.46419838952264,5.892633928571429,3.5388888888888888,2.536231884057971,1.636111111111111,0.4636623670713396,0.4781027570026934,144.48840990412043,24.16301967825209,0.28594796186569604,0.7111111111111111
medium,103,dynamic_k,role_aware,pareto_strict,336,0.6914803159676071,0.2491667590309993,363.78409919913724,463.71662185846395,0.13236700799178114,0.13963109696456996,6.968701936412845,0.0,4405.241392146234,6.05,2.0277777777777777,0.6097560975609756,2.841666666666667,0.295959646149049,0.3422001904733232,144.16125373166005,14.841659144702206,0.14598274747217224,0.39305555555555555
medium,103,dynamic_k,multi_objective,pareto_strict,336,0.6914803159676071,0.2491667590309993,363.78409919913724,463.71662185846395,0.13236700799178114,0.13963109696456996,6.968701936412845,0.0,4405.241392146234,6.05,2.0277777777777777,0.6097560975609756,2.841666666666667,0.295959646149049,0.3422001904733232,144.16125373166005,14.841659144702206,0.14598274747217224,0.39305555555555555
medium,103,dynamic_k,nearest,pareto_fast,1344,0.6938155195542371,0.25031506027304834,343.84214814517924,437.7490125600148,0.16248895449369244,0.23092556625317395,46.39491774346415,0.0,88.46419838952264,5.892633928571429,3.5388888888888888,2.536231884057971,1.636111111111111,0.4636623670713396,0.4781027570026934,144.48840990412043,24.16301967825209,0.28594796186569604,0.7111111111111111
medium,103,dynamic_k,role_aware,pareto_fast,336,0.6950954034070435,0.25095550941679196,366.7578717917034,464.2702660907083,0.13222887009499026,0.12914743618122998,11.731344236131857,0.0,4592.019087937346,5.85297619047619,1.7222222222222223,0.5375,2.904166666666667,0.30465045126560897,0.3344103833314899,143.8442922745778,14.17107590126717,0.12207583285677957,0.38333333333333336
medium,103,dynamic_k,multi_objective,pareto_fast,336,0.6950954034070435,0.25095550941679196,366.7578717917034,464.2702660907083,0.13222887009499026,0.12914743618122998,11.731344236131857,0.0,4592.019087937346,5.85297619047619,1.7222222222222223,0.5375,2.904166666666667,0.30465045126560897,0.3344103833314899,143.8442922745778,14.17107590126717,0.12207583285677957,0.38333333333333336
medium,104,dynamic_k,nearest,cold_start,1596,0.6937765061166218,0.25028366380632777,353.4808041277508,449.9957182542887,0.1723764316374969,0.23636715193589125,49.0192843894567,0.0,75.8746422414794,6.017669172932331,3.841666666666667,3.060344827586207,1.1916666666666667,0.4645042806999564,0.4800667027992917,140.95059707232016,24.248690228393976,0.3092981478871958,0.6791666666666667
medium,104,dynamic_k,role_aware,cold_start,336,0.6918222525156665,0.24933752222253788,374.50147501060434,475.1828244591214,0.13501395478965794,0.14493437341634974,8.449283676952595,0.0,5113.702251630578,5.788690476190476,2.0833333333333335,0.8581560283687943,2.6041666666666665,0.3219204999678211,0.3616002308667826,140.02934321180365,15.668267901455627,0.15027564488922363,0.4013888888888889
medium,104,dynamic_k,multi_objective,cold_start,336,0.6918222525156665,0.24933752222253788,374.50147501060434,475.1828244591214,0.13501395478965794,0.14493437341634974,8.449283676952595,0.0,5113.702251630578,5.788690476190476,2.0833333333333335,0.8581560283687943,2.6041666666666665,0.3219204999678211,0.3616002308667826,140.02934321180365,15.668267901455627,0.15027564488922363,0.4013888888888889
medium,104,dynamic_k,nearest,smurf_disruption,1596,0.6942757141104811,0.2505369991714251,411.8671118815318,548.3379852939968,0.17185100801142156,0.244542378836704,48.79814330328075,0.0,67.28471323439231,6.020363408521304,4.105555555555555,3.452054794520548,1.926388888888889,0.46896288183727686,0.48254423244805494,171.4132200381469,25.62720344711573,0.34958442039589893,0.8180555555555555
medium,104,dynamic_k,role_aware,smurf_disruption,336,0.6948892400042465,0.25086245561310794,440.2577594216725,579.4571061011537,0.13368040541240214,0.14847961553535746,9.921245033609884,0.0,7481.220836463959,5.802976190476191,2.138888888888889,0.9166666666666666,2.6777777777777776,0.3322574658088032,0.3656676991240317,171.15520089650587,14.188880135176886,0.13986790335660185,0.375
medium,104,dynamic_k,multi_objective,smurf_disruption,336,0.6948892400042465,0.25086245561310794,440.2577594216725,579.4571061011537,0.13368040541240214,0.14847961553535746,9.921245033609884,0.0,7481.220836463959,5.802976190476191,2.138888888888889,0.9166666666666666,2.6777777777777776,0.3322574658088032,0.3656676991240317,171.15520089650587,14.188880135176886,0.13986790335660185,0.375
medium,104,dynamic_k,nearest,skill_drift,1344,0.6942162711543147,0.2505321691678339,360.6982753837056,463.86825418494215,0.1631932831740131,0.2262894279959317,45.96118895097096,0.0,63.07916203746308,5.972470238095238,3.4611111111111112,2.625,1.4694444444444446,0.4565269245571148,0.47395042349113425,146.07560291498766,22.346660123712716,0.268965456256201,0.6527777777777778
medium,104,dynamic_k,role_aware,skill_drift,336,0.6954182176081247,0.2511172503312181,380.9148238804113,491.2157603842219,0.13245580333816648,0.13278554625744862,9.021580428611733,0.0,5239.409168160741,5.812202380952381,1.8333333333333333,0.6585365853658537,2.8444444444444446,0.3005594833957794,0.3292191344923162,145.53065515741,14.005189557705524,0.13052062307812065,0.40694444444444444
medium,104,dynamic_k,multi_objective,skill_drift,336,0.6954182176081247,0.2511172503312181,380.9148238804113,491.2157603842219,0.13245580333816648,0.13278554625744862,9.021580428611733,0.0,5239.409168160741,5.812202380952381,1.8333333333333333,0.6585365853658537,2.8444444444444446,0.3005594833957794,0.3292191344923162,145.53065515741,14.005189557705524,0.13052062307812065,0.40694444444444444
medium,104,dynamic_k,nearest,seasonal_reset,1344,0.6933126356648079,0.2500831717152594,358.15559578283853,462.79003836280606,0.1628506270431745,0.2296599615235134,46.20070310821346,0.0,63.56769797261749,5.972470238095238,3.6777777777777776,2.36231884057971,1.5944444444444446,0.4617547722107554,0.4775890234135291,146.211020854233,21.97985083038012,0.29134771514562174,0.6388888888888888
medium,104,dynamic_k,role_aware,seasonal_reset,336,0.6946769489814043,0.25076194774048843,376.2285171170892,483.4021673582022,0.13224560019568166,0.1352186652307467,8.368804880874908,0.0,4794.167426745074,5.8220238095238095,1.7361111111111112,0.46835443037974683,2.7055555555555557,0.30101221572865067,0.35505430806789623,145.38174896254418,14.572100830130788,0.12173976853721245,0.37083333333333335
medium,104,dynamic_k,multi_objective,seasonal_reset,336,0.6946769489814043,0.25076194774048843,376.2285171170892,483.4021673582022,0.13224560019568166,0.1352186652307467,8.368804880874908,0.0,4794.167426745074,5.8220238095238095,1.7361111111111112,0.46835443037974683,2.7055555555555557,0.30101221572865067,0.35505430806789623,145.38174896254418,14.572100830130788,0.12173976853721245,0.37083333333333335
medium,104,dynamic_k,nearest,role_scarcity,1344,0.6939928517343772,0.25042046933024215,357.6901484179692,459.96875854092184,0.16346865970195867,0.22687001324148484,46.05659995218054,0.0,63.12977988802467,5.972470238095238,3.5805555555555557,2.4857142857142858,1.5305555555555554,0.4557333839560933,0.47486900721843883,146.38717079290817,22.75005969523145,0.2822455933828276,0.6333333333333333
medium,104,dynamic_k,role_aware,role_scarcity,336,0.6964487667111673,0.2516314087302324,376.7084610566091,486.2205402754898,0.13264042694311295,0.13269786363912534,9.020018947459237,0.0,5238.7275021515015,5.812202380952381,1.75,0.6463414634146342,2.8444444444444446,0.3021770960694263,0.33487968907512616,145.54723939927933,13.895357785579593,0.12360587541993177,0.3875
medium,104,dynamic_k,multi_objective,role_scarcity,336,0.6964487667111673,0.2516314087302324,376.7084610566091,486.2205402754898,0.13264042694311295,0.13269786363912534,9.020018947459237,0.0,5238.7275021515015,5.812202380952381,1.75,0.6463414634146342,2.8444444444444446,0.3021770960694263,0.33487968907512616,145.54723939927933,13.895357785579593,0.12360587541993177,0.3875
medium,104,dynamic_k,nearest,rank_mmr_divergence,1344,0.6946458587228429,0.25073677384292353,349.8153121156823,449.79612095452273,0.16388642762266262,0.23235659683544702,46.00174370341211,0.0,53.330529217161974,5.972470238095238,3.7194444444444446,2.5072463768115942,1.5680555555555555,0.45260093521868167,0.4730005198202833,122.82870727873868,32.52556592297247,0.3087735826356897,0.6444444444444445
medium,104,dynamic_k,role_aware,rank_mmr_divergence,336,0.6924664436032908,0.24965785130706422,368.1517368109271,472.3140803657532,0.13333763066311302,0.1404703719858927,8.947783843977087,0.0,4621.947974220585,5.816369047619047,1.9027777777777777,0.5802469135802469,2.9694444444444446,0.30576202061498586,0.34911801202325143,123.49453868803162,20.696004286822806,0.14047448394534234,0.4027777777777778
medium,104,dynamic_k,multi_objective,rank_mmr_divergence,336,0.6924664436032908,0.24965785130706422,368.1517368109271,472.3140803657532,0.13333763066311302,0.1404703719858927,8.947783843977087,0.0,4621.947974220585,5.816369047619047,1.9027777777777777,0.5802469135802469,2.9694444444444446,0.30576202061498586,0.34911801202325143,123.49453868803162,20.696004286822806,0.14047448394534234,0.4027777777777778
medium,104,dynamic_k,nearest,pareto_strict,1344,0.6939928517343772,0.25042046933024215,357.6901484179692,459.96875854092184,0.16346865970195867,0.22687001324148484,46.05659995218054,0.0,63.12977988802467,5.972470238095238,3.5805555555555557,2.4857142857142858,1.5305555555555554,0.4557333839560933,0.47486900721843883,146.38717079290817,22.75005969523145,0.2822455933828276,0.6333333333333333
medium,104,dynamic_k,role_aware,pareto_strict,336,0.6967952360631953,0.2518180680180427,372.6045526929305,481.1651727949876,0.13332707828995718,0.13990213072205307,6.595876208839838,0.0,5373.122425417175,5.873214285714286,1.9305555555555556,0.625,2.7194444444444446,0.2987776004243735,0.3283520512575968,145.50002569663283,15.123718627822829,0.1363408414425574,0.4027777777777778
medium,104,dynamic_k,multi_objective,pareto_strict,336,0.6967952360631953,0.2518180680180427,372.6045526929305,481.1651727949876,0.13332707828995718,0.13990213072205307,6.595876208839838,0.0,5373.122425417175,5.873214285714286,1.9305555555555556,0.625,2.7194444444444446,0.2987776004243735,0.3283520512575968,145.50002569663283,15.123718627822829,0.1363408414425574,0.4027777777777778
medium,104,dynamic_k,nearest,pareto_fast,1344,0.6939928517343772,0.25042046933024215,357.6901484179692,459.96875854092184,0.16346865970195867,0.22687001324148484,46.05659995218054,0.0,63.12977988802467,5.972470238095238,3.5805555555555557,2.4857142857142858,1.5305555555555554,0.4557333839560933,0.47486900721843883,146.38717079290817,22.75005969523145,0.2822455933828276,0.6333333333333333
medium,104,dynamic_k,role_aware,pareto_fast,336,0.6952412849825748,0.25103239380545983,372.95354942569895,481.68887896296667,0.13393749732391105,0.13659935631245462,12.84891277186634,0.0,5780.038145674617,5.713690476190476,1.9305555555555556,0.5714285714285714,2.7055555555555557,0.3046319771141861,0.36004692000223987,145.04636817420524,15.77745880205221,0.1355910368062084,0.4125
medium,104,dynamic_k,multi_objective,pareto_fast,336,0.6952412849825748,0.25103239380545983,372.95354942569895,481.68887896296667,0.13393749732391105,0.13659935631245462,12.84891277186634,0.0,5780.038145674617,5.713690476190476,1.9305555555555556,0.5714285714285714,2.7055555555555557,0.3046319771141861,0.36004692000223987,145.04636817420524,15.77745880205221,0.1355910368062084,0.4125
medium,105,dynamic_k,nearest,cold_start,840,0.6934324303855371,0.2501422156604184,363.00256870670086,470.59580280962314,0.15142310712761092,0.21373099115845873,37.10015483074006,0.0,113.55498664590044,5.9888095238095245,2.675,1.5103448275862068,1.9041666666666666,0.438002577537343,0.46371893785488977,142.77709535888084,20.192740827185,0.21289069490802995,0.575
medium,105,dynamic_k,role_aware,cold_start,336,0.6919583791137436,0.24940407527811145,370.08393293027865,480.6340832498779,0.13249361038566518,0.13706200854542022,7.677555246163625,0.0,4521.153849761099,5.9261904761904765,1.9305555555555556,0.5740740740740741,3.1083333333333334,0.3300391128748011,0.363823046443694,142.49704381335388,14.483553823179156,0.13484075665925832,0.3875
medium,105,dynamic_k,multi_objective,cold_start,336,0.6919583791137436,0.24940407527811145,370.08393293027865,480.6340832498779,0.13249361038566518,0.13706200854542022,7.677555246163625,0.0,4521.153849761099,5.9261904761904765,1.9305555555555556,0.5740740740740741,3.1083333333333334,0.3300391128748011,0.363823046443694,142.49704381335388,14.483553823179156,0.13484075665925832,0.3875
medium,105,dynamic_k,nearest,smurf_disruption,1092,0.6936561219270647,0.2502520060857721,408.57106347182787,541.4089971546737,0.15991057826329103,0.22930327408739212,42.744490906044824,0.0,77.47442811414369,6.105128205128205,3.15,2.088235294117647,2.036111111111111,0.46660517148378133,0.4784336485808717,163.49945294579808,22.789328641978322,0.2659346526696208,0.6958333333333333
medium,105,dynamic_k,role_aware,smurf_disruption,336,0.6994906824927779,0.25315980168590035,421.1689128838428,556.850423498052,0.13427710305145954,0.1476531800655561,9.303111456618188,0.0,6257.385273297051,5.800892857142857,2.0416666666666665,0.3561643835616438,2.6791666666666667,0.33638310158934637,0.3868485090019429,162.6103735780313,15.551803394954874,0.15063904801360772,0.4527777777777778
medium,105,dynamic_k,multi_objective,smurf_disruption,336,0.6994906824927779,0.25315980168590035,421.1689128838428,556.850423498052,0.13427710305145954,0.1476531800655561,9.303111456618188,0.0,6257.385273297051,5.800892857142857,2.0416666666666665,0.3561643835616438,2.6791666666666667,0.33638310158934637,0.3868485090019429,162.6103735780313,15.551803394954874,0.15063904801360772,0.4527777777777778
medium,105,dynamic_k,nearest,skill_drift,966,0.6926568229391561,0.24976904646127202,359.5212891084327,469.9467160520119,0.15546043568486823,0.22060675885154366,41.00413629726225,0.0,136.13808236153102,6.025776397515528,2.6555555555555554,1.8125,1.5430555555555556,0.465167426135157,0.4805917661427237,143.70629642872635,20.327382995867012,0.20058980742486665,0.5222222222222223
medium,105,dynamic_k,role_aware,skill_drift,336,0.6984064424036132,0.2526185412535859,371.15839729007035,479.4569836335105,0.1346459098530472,0.14764743467720484,7.682151372269611,0.0,4978.427510613126,5.969047619047619,2.1666666666666665,0.7671232876712328,2.6666666666666665,0.31773868718117215,0.3558730880319043,141.85664492075117,14.996473802925639,0.15724009471307016,0.4263888888888889
medium,105,dynamic_k,multi_objective,skill_drift,336,0.6984064424036132,0.2526185412535859,371.15839729007035,479.4569836335105,0.1346459098530472,0.14764743467720484,7.682151372269611,0.0,4978.427510613126,5.969047619047619,2.1666666666666665,0.7671232876712328,2.6666666666666665,0.31773868718117215,0.3558730880319043,141.85664492075117,14.996473802925639,0.15724009471307016,0.4263888888888889
medium,105,dynamic_k,nearest,seasonal_reset,966,0.6949953501009002,0.2509072637899686,360.08876878498165,469.13670431246373,0.15529013807041434,0.22444820730461873,40.483913602953756,0.0,123.29826173631966,6.025776397515528,3.0527777777777776,1.875,1.5347222222222223,0.4496323740570355,0.4754597965351577,143.69098278668986,21.599623773921312,0.24143632198673884,0.5347222222222222
medium,105,dynamic_k,role_aware,seasonal_reset,336,0.694822069716764,0.2508386639706582,367.8415998021818,477.69489830144084,0.13358302120057522,0.13864562217848087,7.089582151181479,0.0,4948.26342037386,5.993154761904761,1.9444444444444444,0.7945205479452054,2.484722222222222,0.3063804622482637,0.35211239618298346,142.78307009740698,15.1689053071592,0.13923016479886308,0.40694444444444444
medium,105,dynamic_k,multi_objective,seasonal_reset,336,0.694822069716764,0.2508386639706582,367.8415998021818,477.69489830144084,0.13358302120057522,0.13864562217848087,7.089582151181479,0.0,4948.26342037386,5.993154761904761,1.9444444444444444,0.7945205479452054,2.484722222222222,0.3063804622482637,0.35211239618298346,142.78307009740698,15.1689053071592,0.13923016479886308,0.40694444444444444
medium,105,dynamic_k,nearest,role_scarcity,966,0.6927726102765104,0.2498261831569946,358.46807731237186,467.5798835875448,0.15553227352691731,0.22021562950442392,41.04338124427823,0.0,141.9158332475146,6.025776397515528,2.6944444444444446,1.6229508196721312,1.475,0.4643124292752824,0.4805739078688278,143.71691667630265,21.197844416738242,0.2057743656653743,0.5638888888888889
medium,105,dynamic_k,role_aware,role_scarcity,336,0.6967002151896308,0.25176872354659574,364.52065806078315,476.8147995321418,0.13407497028253582,0.15136397695479753,7.8805054165970105,0.0,5297.781679905856,5.957440476190476,2.236111111111111,0.7808219178082192,2.75,0.3280662929367696,0.36542579602902914,142.24280437076783,15.396524767104511,0.15725477735182652,0.4027777777777778
medium,105,dynamic_k,multi_objective,role_scarcity,336,0.6967002151896308,0.25176872354659574,364.52065806078315,476.8147995321418,0.13407497028253582,0.15136397695479753,7.8805054165970105,0.0,5297.781679905856,5.957440476190476,2.236111111111111,0.7808219178082192,2.75,0.3280662929367696,0.36542579602902914,142.24280437076783,15.396524767104511,0.15725477735182652,0.4027777777777778
medium,105,dynamic_k,nearest,rank_mmr_divergence,966,0.6930516468687515,0.24996134018108618,355.568245280533,460.9998548267367,0.15577208249295726,0.22181381213402618,40.824821353665726,0.0,116.16556834485927,6.025776397515528,2.8777777777777778,1.9047619047619047,1.5263888888888888,0.46030081715363125,0.47853087562609914,121.13868064168659,29.43056065817566,0.23417266912536444,0.5291666666666667
medium,105,dynamic_k,role_aware,rank_mmr_divergence,336,0.6990994068655701,0.2529689391121351,364.2940333135065,471.86140553658805,0.13388782914465536,0.14397993729231967,7.465387272127567,0.0,4874.987624760002,5.971726190476191,2.2222222222222223,0.8055555555555556,2.661111111111111,0.31508439050894643,0.3603861011462117,120.90439690806642,21.182419886501158,0.16949933600338302,0.35833333333333334
medium,105,dynamic_k,multi_objective,rank_mmr_divergence,336,0.6990994068655701,0.2529689391121351,364.2940333135065,471.86140553658805,0.13388782914465536,0.14397993729231967,7.465387272127567,0.0,4874.987624760002,5.971726190476191,2.2222222222222223,0.8055555555555556,2.661111111111111,0.31508439050894643,0.3603861011462117,120.90439690806642,21.182419886501158,0.16949933600338302,0.35833333333333334
medium,105,dynamic_k,nearest,pareto_strict,966,0.6927726102765104,0.2498261831569946,358.46807731237186,467.5798835875448,0.15553227352691731,0.22021562950442392,41.04338124427823,0.0,141.9158332475146,6.025776397515528,2.6944444444444446,1.6229508196721312,1.475,0.4643124292752824,0.4805739078688278,143.71691667630265,21.197844416738242,0.2057743656653743,0.5638888888888889
medium,105,dynamic_k,role_aware,pareto_strict,336,0.6970028548477242,0.2519242933774232,368.3757550691771,477.0298785793687,0.13452724556674112,0.14770700388894417,6.176443188432893,0.0,5330.317420957789,6.033035714285713,2.1944444444444446,0.9444444444444444,2.636111111111111,0.31388056244858087,0.3427518994882932,142.82984266712953,15.039878346727058,0.15798851626174734,0.3861111111111111
medium,105,dynamic_k,multi_objective,pareto_strict,336,0.6970028548477242,0.2519242933774232,368.3757550691771,477.0298785793687,0.13452724556674112,0.14770700388894417,6.176443188432893,0.0,5330.317420957789,6.033035714285713,2.1944444444444446,0.9444444444444444,2.636111111111111,0.31388056244858087,0.3427518994882932,142.82984266712953,15.039878346727058,0.15798851626174734,0.3861111111111111
medium,105,dynamic_k,nearest,pareto_fast,966,0.6927726102765104,0.2498261831569946,358.46807731237186,467.5798835875448,0.15553227352691731,0.22021562950442392,41.04338124427823,0.0,141.9158332475146,6.025776397515528,2.6944444444444446,1.6229508196721312,1.475,0.4643124292752824,0.4805739078688278,143.71691667630265,21.197844416738242,0.2057743656653743,0.5638888888888889
medium,105,dynamic_k,role_aware,pareto_fast,336,0.6976592812686423,0.25224856770127674,368.02782907575664,477.4478980483768,0.13445854328596205,0.15439641777932986,12.893887870720881,0.0,5863.2693397046605,5.811904761904762,2.2916666666666665,0.927536231884058,2.5527777777777776,0.3326866927698126,0.3723653548150714,142.920064633394,15.192136292503351,0.16132233751500458,0.39444444444444443
medium,105,dynamic_k,multi_objective,pareto_fast,336,0.6976592812686423,0.25224856770127674,368.02782907575664,477.4478980483768,0.13445854328596205,0.15439641777932986,12.893887870720881,0.0,5863.2693397046605,5.811904761904762,2.2916666666666665,0.927536231884058,2.5527777777777776,0.3326866927698126,0.3723653548150714,142.920064633394,15.192136292503351,0.16132233751500458,0.39444444444444443
medium,106,dynamic_k,nearest,cold_start,1092,0.6944552200390951,0.2506123681470782,383.17940564828,492.7290723032162,0.1603197478349919,0.2311199931900934,43.180558296107144,0.0,98.85071352031274,5.985714285714286,3.3361111111111112,2.365217391304348,1.6111111111111112,0.46193908302319403,0.4800882417613163,135.2460715805526,22.115716619831158,0.26384476036691945,0.6263888888888889
medium,106,dynamic_k,role_aware,cold_start,336,0.6957847553463413,0.25131649371244563,399.4152060381143,514.6550234389093,0.1369862802312286,0.15444690033228547,8.062468778650182,0.0,5196.778544589116,5.8255952380952385,2.2222222222222223,1.0827067669172932,2.709722222222222,0.3311068846762365,0.3547499005838899,134.4554050764319,16.919427182680177,0.16501152667291513,0.4166666666666667
medium,106,dynamic_k,multi_objective,cold_start,336,0.6957847553463413,0.25131649371244563,399.4152060381143,514.6550234389093,0.1369862802312286,0.15444690033228547,8.062468778650182,0.0,5196.778544589116,5.8255952380952385,2.2222222222222223,1.0827067669172932,2.709722222222222,0.3311068846762365,0.3547499005838899,134.4554050764319,16.919427182680177,0.16501152667291513,0.4166666666666667
medium,106,dynamic_k,nearest,smurf_disruption,1218,0.6931658475393295,0.25000991280615115,440.744258943369,566.8965247681524,0.16143191301116033,0.24267756926296796,44.631870338773744,0.0,72.94873393720191,5.922988505747127,3.441666666666667,2.5,2.176388888888889,0.47108099719885294,0.48372055976589373,161.66548853030815,23.458365432982852,0.28450543723851857,0.7222222222222222
medium,106,dynamic_k,role_aware,smurf_disruption,336,0.6950379929606522,0.25094382635026546,457.44116060585156,589.2857540158656,0.1345296397598119,0.15880036186256832,8.507010305983638,0.0,5435.501153402361,5.9375,2.388888888888889,0.5063291139240507,2.861111111111111,0.34387593313307924,0.3713867545593925,160.75563243554478,14.663770097588142,0.16861358688634318,0.39305555555555555
medium,106,dynamic_k,multi_objective,smurf_disruption,336,0.6950379929606522,0.25094382635026546,457.44116060585156,589.2857540158656,0.1345296397598119,0.15880036186256832,8.507010305983638,0.0,5435.501153402361,5.9375,2.388888888888889,0.5063291139240507,2.861111111111111,0.34387593313307924,0.3713867545593925,160.75563243554478,14.663770097588142,0.16861358688634318,0.39305555555555555
medium,106,dynamic_k,nearest,skill_drift,1470,0.6951392195782704,0.25095382442974984,356.86334164390104,463.0971445276577,0.16795436323173665,0.23364312947419877,47.55393455017729,0.0,102.6760100199305,6.0330612244897965,3.7694444444444444,2.85,1.711111111111111,0.45529245043610883,0.4745834711658433,149.84125467539047,24.611268468151007,0.31351486707970755,0.7277777777777777
medium,106,dynamic_k,role_aware,skill_drift,336,0.6941705878309646,0.2505132553226271,382.4284377262528,494.28290720228733,0.1331203164405641,0.12331476297801618,8.991110309663426,0.0,6045.170388933615,5.916071428571428,1.5833333333333333,0.6027397260273972,2.9625,0.29014647753164863,0.32766751817250994,148.8287472430699,15.50432975274563,0.11486556331657281,0.4152777777777778
medium,106,dynamic_k,multi_objective,skill_drift,336,0.6941705878309646,0.2505132553226271,382.4284377262528,494.28290720228733,0.1331203164405641,0.12331476297801618,8.991110309663426,0.0,6045.170388933615,5.916071428571428,1.5833333333333333,0.6027397260273972,2.9625,0.29014647753164863,0.32766751817250994,148.8287472430699,15.50432975274563,0.11486556331657281,0.4152777777777778
medium,106,dynamic_k,nearest,seasonal_reset,1470,0.6949264633322721,0.2508761570205841,353.7941012184371,461.06498167114796,0.16781705692456508,0.22450966240027012,47.26026703740247,0.0,96.98136199273141,6.0330612244897965,3.6972222222222224,3.2950819672131146,1.6930555555555555,0.4517916280669433,0.4723245062682378,150.36702515790083,25.147935090946117,0.3067414198467759,0.75
medium,106,dynamic_k,role_aware,seasonal_reset,336,0.6950782424995178,0.25095882932900304,378.9712761522437,490.8350318603363,0.13287674973861585,0.12390408103878169,8.654151553131385,0.0,5948.207117889529,5.910714285714286,1.7083333333333333,0.6619718309859155,3.091666666666667,0.28795227961600567,0.3211857100196687,149.68298906291747,14.535681884087179,0.12193061978267639,0.3736111111111111
medium,106,dynamic_k,multi_objective,seasonal_reset,336,0.6950782424995178,0.25095882932900304,378.9712761522437,490.8350318603363,0.13287674973861585,0.12390408103878169,8.654151553131385,0.0,5948.207117889529,5.910714285714286,1.7083333333333333,0.6619718309859155,3.091666666666667,0.28795227961600567,0.3211857100196687,149.68298906291747,14.535681884087179,0.12193061978267639,0.3736111111111111
medium,106,dynamic_k,nearest,role_scarcity,1470,0.6949511995072045,0.25085979433352995,355.7070889590084,462.05302517237743,0.16792594693160087,0.22979268101417913,47.59942526613938,0.0,102.76720898898463,6.0330612244897965,3.5388888888888888,2.76271186440678,1.773611111111111,0.45215430360275144,0.47294458231147085,149.9474497135087,24.40515820697611,0.28705237010305223,0.7666666666666667
medium,106,dynamic_k,role_aware,role_scarcity,336,0.6948245710243705,0.2508327004810872,381.6416981816815,492.12993150293465,0.1329442672333498,0.13253622426921022,8.057918098679682,0.0,5856.167200881453,5.908035714285714,1.7638888888888888,0.5072463768115942,2.879166666666667,0.29447747740731184,0.33568056045225864,148.76722902428642,14.228337279433926,0.12371824127327193,0.3861111111111111
medium,106,dynamic_k,multi_objective,role_scarcity,336,0.6948245710243705,0.2508327004810872,381.6416981816815,492.12993150293465,0.1329442672333498,0.13253622426921022,8.057918098679682,0.0,5856.167200881453,5.908035714285714,1.7638888888888888,0.5072463768115942,2.879166666666667,0.29447747740731184,0.33568056045225864,148.76722902428642,14.228337279433926,0.12371824127327193,0.3861111111111111
medium,106,dynamic_k,nearest,rank_mmr_divergence,1470,0.6942381951476507,0.2505233707455158,349.93691702917727,450.7467222990968,0.16851632145742287,0.22623210556050793,47.603387377833684,0.0,94.5437114738632,6.0330612244897965,3.488888888888889,2.694915254237288,1.7722222222222221,0.45061368264626867,0.46866015323968274,126.44285373099198,36.463440072532535,0.30210168798829123,0.7513888888888889
medium,106,dynamic_k,role_aware,rank_mmr_divergence,336,0.6963683305178111,0.25160926797702793,372.8813006628305,480.1771138331585,0.13417692692303593,0.12987546003089007,8.086542407736301,0.0,5082.21506060212,5.909226190476191,1.7777777777777777,0.6197183098591549,2.9902777777777776,0.2971309626403228,0.34120962356131707,125.9389520236234,22.067082074826015,0.14216984907363023,0.425
medium,106,dynamic_k,multi_objective,rank_mmr_divergence,336,0.6963683305178111,0.25160926797702793,372.8813006628305,480.1771138331585,0.13417692692303593,0.12987546003089007,8.086542407736301,0.0,5082.21506060212,5.909226190476191,1.7777777777777777,0.6197183098591549,2.9902777777777776,0.2971309626403228,0.34120962356131707,125.9389520236234,22.067082074826015,0.14216984907363023,0.425
medium,106,dynamic_k,nearest,pareto_strict,1470,0.6949511995072045,0.25085979433352995,355.7070889590084,462.05302517237743,0.16792594693160087,0.22979268101417913,47.59942526613938,0.0,102.76720898898463,6.0330612244897965,3.5388888888888888,2.76271186440678,1.773611111111111,0.45215430360275144,0.47294458231147085,149.9474497135087,24.40515820697611,0.28705237010305223,0.7666666666666667
medium,106,dynamic_k,role_aware,pareto_strict,336,0.6933945734581938,0.25012324056938423,381.03845742085673,490.67483124574073,0.1330293820921227,0.1268321289048433,6.748522087417345,0.0,6032.838249937581,5.966369047619047,1.7777777777777777,0.5733333333333334,2.9583333333333335,0.2945306097730105,0.3466159036852681,148.84217943194236,14.332036620318974,0.12552680447273318,0.4236111111111111
medium,106,dynamic_k,multi_objective,pareto_strict,336,0.6933945734581938,0.25012324056938423,381.03845742085673,490.67483124574073,0.1330293820921227,0.1268321289048433,6.748522087417345,0.0,6032.838249937581,5.966369047619047,1.7777777777777777,0.5733333333333334,2.9583333333333335,0.2945306097730105,0.3466159036852681,148.84217943194236,14.332036620318974,0.12552680447273318,0.4236111111111111
medium,106,dynamic_k,nearest,pareto_fast,1470,0.6949511995072045,0.25085979433352995,355.7070889590084,462.05302517237743,0.16792594693160087,0.22979268101417913,47.59942526613938,0.0,102.76720898898463,6.0330612244897965,3.5388888888888888,2.76271186440678,1.773611111111111,0.45215430360275144,0.47294458231147085,149.9474497135087,24.40515820697611,0.28705237010305223,0.7666666666666667
medium,106,dynamic_k,role_aware,pareto_fast,336,0.7013773823473001,0.2540543009994964,378.362144306573,487.93453826780257,0.13292577162685326,0.13338025153047806,12.425363466329888,0.0,6929.471335101439,5.791666666666667,1.8194444444444444,0.9342105263157895,2.8986111111111112,0.3175816018287166,0.3556589615554358,148.54987238311406,14.709406082418521,0.12213309126132993,0.39444444444444443
medium,106,dynamic_k,multi_objective,pareto_fast,336,0.7013773823473001,0.2540543009994964,378.362144306573,487.93453826780257,0.13292577162685326,0.13338025153047806,12.425363466329888,0.0,6929.471335101439,5.791666666666667,1.8194444444444444,0.9342105263157895,2.8986111111111112,0.3175816018287166,0.3556589615554358,148.54987238311406,14.709406082418521,0.12213309126132993,0.39444444444444443
medium,107,dynamic_k,nearest,cold_start,1092,0.694442389327688,0.2506399321041786,359.9314264913474,458.1847502240518,0.15711333228162,0.22012216122274836,42.675158966807956,0.0,117.59941396513058,6.125274725274726,3.061111111111111,2.3153846153846156,1.648611111111111,0.45393148423148777,0.47057356006980283,142.82281410780877,20.266833869025746,0.23840383697978068,0.5305555555555556
medium,107,dynamic_k,role_aware,cold_start,336,0.694484990711066,0.2506665418793794,372.3579873105404,474.6776449576272,0.13442456642691644,0.14246182733841056,8.927806898197554,0.0,6181.6885894559355,5.810119047619047,2.0277777777777777,0.8273381294964028,2.6152777777777776,0.32902895262085724,0.36107024402244525,141.39029553411655,15.108120247614721,0.1445019093279649,0.3861111111111111
medium,107,dynamic_k,multi_objective,cold_start,336,0.694484990711066,0.2506665418793794,372.3579873105404,474.6776449576272,0.13442456642691644,0.14246182733841056,8.927806898197554,0.0,6181.6885894559355,5.810119047619047,2.0277777777777777,0.8273381294964028,2.6152777777777776,0.32902895262085724,0.36107024402244525,141.39029553411655,15.108120247614721,0.1445019093279649,0.3861111111111111
medium,107,dynamic_k,nearest,smurf_disruption,1470,0.693502052301658,0.25017554608620196,393.92585808420915,507.062698276406,0.16746899097895265,0.2414927712821026,47.90023868228079,0.0,55.898993525402766,6.146802721088435,3.936111111111111,2.523076923076923,1.9638888888888888,0.4648724066590283,0.4779585860992507,162.42148590844556,23.282672602212845,0.3148057718749709,0.6583333333333333
medium,107,dynamic_k,role_aware,smurf_disruption,336,0.6989171883948851,0.252872506311521,411.5311199121614,530.2180168406658,0.1344231112558253,0.14869955890222394,9.703275514289887,0.0,6415.65786281217,5.811904761904762,2.2083333333333335,0.527027027027027,2.861111111111111,0.3313841022704227,0.36353349835748633,160.8129422044806,15.177022580938335,0.15746070156119835,0.3888888888888889
medium,107,dynamic_k,multi_objective,smurf_disruption,336,0.6989171883948851,0.252872506311521,411.5311199121614,530.2180168406658,0.1344231112558253,0.14869955890222394,9.703275514289887,0.0,6415.65786281217,5.811904761904762,2.2083333333333335,0.527027027027027,2.861111111111111,0.3313841022704227,0.36353349835748633,160.8129422044806,15.177022580938335,0.15746070156119835,0.3888888888888889
medium,107,dynamic_k,nearest,skill_drift,1218,0.6945042971921747,0.2506452286686998,368.8613123229391,480.218151546062,0.1632216887048602,0.22309928229775852,44.83303807012964,0.0,111.3925401324806,6.0657635467980295,3.3777777777777778,2.3142857142857145,1.6916666666666667,0.45637348291883323,0.47777468144938867,147.29854583212276,21.90163407268751,0.2717744360811062,0.6097222222222223
medium,107,dynamic_k,role_aware,skill_drift,336,0.6964744577806976,0.2516647408365146,384.63938334809677,495.1222349740435,0.1352402070381703,0.14555802387686176,10.29847841800636,0.0,5903.161469731337,5.866666666666666,2.0833333333333335,0.4358974358974359,2.8680555555555554,0.3238512642321631,0.3821817216373481,146.04382567897738,15.522139550490346,0.15385751527037558,0.41805555555555557
medium,107,dynamic_k,multi_objective,skill_drift,336,0.6964744577806976,0.2516647408365146,384.63938334809677,495.1222349740435,0.1352402070381703,0.14555802387686176,10.29847841800636,0.0,5903.161469731337,5.866666666666666,2.0833333333333335,0.4358974358974359,2.8680555555555554,0.3238512642321631,0.3821817216373481,146.04382567897738,15.522139550490346,0.15385751527037558,0.41805555555555557
medium,107,dynamic_k,nearest,seasonal_reset,1218,0.6933150696293068,0.2500817492383837,362.43513443450945,474.96495009193615,0.16285854293719532,0.22151803389152858,44.80057490820686,0.0,101.09173567793042,6.0657635467980295,3.1638888888888888,2.0757575757575757,1.8152777777777778,0.45683280755811895,0.4758144416779253,147.21947777573823,22.68554675275914,0.24734976956990506,0.6430555555555556
medium,107,dynamic_k,role_aware,seasonal_reset,336,0.6929548650552518,0.24990881288986902,378.80074131262256,493.30505304831485,0.1355887164303988,0.1383556167796206,8.726578708779945,0.0,5587.849461996414,5.8532738095238095,1.9305555555555556,0.7108433734939759,2.852777777777778,0.32045126769176147,0.3650777892002092,146.79008140840975,15.889164282916381,0.13981438116084952,0.4166666666666667
medium,107,dynamic_k,multi_objective,seasonal_reset,336,0.6929548650552518,0.24990881288986902,378.80074131262256,493.30505304831485,0.1355887164303988,0.1383556167796206,8.726578708779945,0.0,5587.849461996414,5.8532738095238095,1.9305555555555556,0.7108433734939759,2.852777777777778,0.32045126769176147,0.3650777892002092,146.79008140840975,15.889164282916381,0.13981438116084952,0.4166666666666667
medium,107,dynamic_k,nearest,role_scarcity,1218,0.6936594258147144,0.2502529756705916,364.26235021450765,477.582676099053,0.16357640417281438,0.2213231419695104,44.86573373949452,0.0,105.57271590977388,6.0657635467980295,3.3666666666666667,2.4,1.7722222222222221,0.4593961529997847,0.4757534478825484,146.59375418441974,22.74510367670348,0.27108602933672754,0.6986111111111111
medium,107,dynamic_k,role_aware,role_scarcity,336,0.6924997858392026,0.24969285449351925,381.0001510546868,492.4858020496092,0.13446376799484422,0.1433040853719886,9.906759106021022,0.0,6055.339451360617,5.847619047619047,2.0555555555555554,0.4805194805194805,2.9277777777777776,0.3232735112873457,0.37588664208831474,146.23694144892593,14.829685876408137,0.14247529256700608,0.36527777777777776
medium,107,dynamic_k,multi_objective,role_scarcity,336,0.6924997858392026,0.24969285449351925,381.0001510546868,492.4858020496092,0.13446376799484422,0.1433040853719886,9.906759106021022,0.0,6055.339451360617,5.847619047619047,2.0555555555555554,0.4805194805194805,2.9277777777777776,0.3232735112873457,0.37588664208831474,146.23694144892593,14.829685876408137,0.14247529256700608,0.36527777777777776
medium,107,dynamic_k,nearest,rank_mmr_divergence,1218,0.6935429770693226,0.25018510400103244,361.2462400584152,468.17151197190094,0.16350298915934525,0.22178023008227177,45.03099486366966,0.0,99.43528351679377,6.0657635467980295,3.2416666666666667,2.1,1.8194444444444444,0.4524667156671508,0.4739168385727908,123.90816719045708,32.230680949647606,0.2686703192874686,0.6458333333333334
medium,107,dynamic_k,role_aware,rank_mmr_divergence,336,0.6910716618249344,0.24897716169486278,375.61626240397396,485.3459420027891,0.13448827396295862,0.14061828233477022,7.9851238214066385,0.0,5036.414655918555,5.838988095238095,1.9444444444444444,0.46153846153846156,2.988888888888889,0.3219695651713815,0.3652012289140685,124.03707623639514,21.07738348273961,0.1433759307679778,0.42083333333333334
medium,107,dynamic_k,multi_objective,rank_mmr_divergence,336,0.6910716618249344,0.24897716169486278,375.61626240397396,485.3459420027891,0.13448827396295862,0.14061828233477022,7.9851238214066385,0.0,5036.414655918555,5.838988095238095,1.9444444444444444,0.46153846153846156,2.988888888888889,0.3219695651713815,0.3652012289140685,124.03707623639514,21.07738348273961,0.1433759307679778,0.42083333333333334
medium,107,dynamic_k,nearest,pareto_strict,1218,0.6936594258147144,0.2502529756705916,364.26235021450765,477.582676099053,0.16357640417281438,0.2213231419695104,44.86573373949452,0.0,105.57271590977388,6.0657635467980295,3.3666666666666667,2.4,1.7722222222222221,0.4593961529997847,0.4757534478825484,146.59375418441974,22.74510367670348,0.27108602933672754,0.6986111111111111
medium,107,dynamic_k,role_aware,pareto_strict,336,0.6924919651718713,0.24966870212777847,381.6314379573203,496.1173094682142,0.13511202899761365,0.14578401872579855,7.235759721596659,0.0,5384.091227027686,5.930059523809524,2.1666666666666665,0.6794871794871795,2.8722222222222222,0.3195011531542087,0.35711381095016737,145.78898290259477,15.047325408749453,0.15466455682997945,0.41944444444444445
medium,107,dynamic_k,multi_objective,pareto_strict,336,0.6924919651718713,0.24966870212777847,381.6314379573203,496.1173094682142,0.13511202899761365,0.14578401872579855,7.235759721596659,0.0,5384.091227027686,5.930059523809524,2.1666666666666665,0.6794871794871795,2.8722222222222222,0.3195011531542087,0.35711381095016737,145.78898290259477,15.047325408749453,0.15466455682997945,0.41944444444444445
medium,107,dynamic_k,nearest,pareto_fast,1218,0.6936594258147144,0.2502529756705916,364.26235021450765,477.582676099053,0.16357640417281438,0.2213231419695104,44.86573373949452,0.0,105.57271590977388,6.0657635467980295,3.3666666666666667,2.4,1.7722222222222221,0.4593961529997847,0.4757534478825484,146.59375418441974,22.74510367670348,0.27108602933672754,0.6986111111111111
medium,107,dynamic_k,role_aware,pareto_fast,336,0.7024025161809624,0.2545883994278172,378.8901110767382,490.93567687894,0.13479492696581627,0.15114451260643663,14.132426769781834,0.0,5981.5650495739055,5.729761904761905,2.1944444444444446,0.7407407407407407,2.9444444444444446,0.32221207336179825,0.3620352645875069,146.0152976194785,15.06068777765368,0.14924431094963309,0.38472222222222224
medium,107,dynamic_k,multi_objective,pareto_fast,336,0.7024025161809624,0.2545883994278172,378.8901110767382,490.93567687894,0.13479492696581627,0.15114451260643663,14.132426769781834,0.0,5981.5650495739055,5.729761904761905,2.1944444444444446,0.7407407407407407,2.9444444444444446,0.32221207336179825,0.3620352645875069,146.0152976194785,15.06068777765368,0.14924431094963309,0.38472222222222224
medium,108,dynamic_k,nearest,cold_start,1218,0.6928829771638901,0.24987239179486903,360.527532857508,460.3368351330654,0.16230696983067527,0.21926472232987013,45.156184945558515,0.0,81.33149567954383,5.963054187192118,3.2055555555555557,2.126865671641791,1.523611111111111,0.456997694828037,0.4765464184025767,139.58732551050426,21.870827771313092,0.2463207382945309,0.6013888888888889
medium,108,dynamic_k,role_aware,cold_start,336,0.6953279333893091,0.2510888695964902,377.1765664036861,480.06019502516494,0.13448895536076166,0.13668202535936227,9.158184947503633,0.0,5213.7026504889145,5.7336309523809526,1.8472222222222223,0.58,2.661111111111111,0.3111829951102094,0.35530560200170963,138.4301241989821,15.725660365321033,0.13159275575738993,0.41805555555555557
medium,108,dynamic_k,multi_objective,cold_start,336,0.6953279333893091,0.2510888695964902,377.1765664036861,480.06019502516494,0.13448895536076166,0.13668202535936227,9.158184947503633,0.0,5213.7026504889145,5.7336309523809526,1.8472222222222223,0.58,2.661111111111111,0.3111829951102094,0.35530560200170963,138.4301241989821,15.725660365321033,0.13159275575738993,0.41805555555555557
medium,108,dynamic_k,nearest,smurf_disruption,1218,0.69385912759864,0.25033148336700184,416.0198604736967,549.4238977003672,0.16081131981124747,0.24073647980957952,44.9933935365172,0.0,95.92960078781286,6.007799671592775,3.4916666666666667,2.032258064516129,2.1486111111111112,0.46841784665525205,0.4819012270062285,163.86834295853285,22.882884340824578,0.2772908494190479,0.6402777777777777
medium,108,dynamic_k,role_aware,smurf_disruption,336,0.6990378162459643,0.25293392629615946,426.9161447600942,566.7087201095466,0.1325585737460258,0.1414716838285581,9.435416673003777,0.0,5634.319054766082,5.826190476190476,2.013888888888889,0.6164383561643836,2.915277777777778,0.32511241539516955,0.3677693297375131,162.80462642280088,14.274966402159016,0.14270046721876442,0.38472222222222224
medium,108,dynamic_k,multi_objective,smurf_disruption,336,0.6990378162459643,0.25293392629615946,426.9161447600942,566.7087201095466,0.1325585737460258,0.1414716838285581,9.435416673003777,0.0,5634.319054766082,5.826190476190476,2.013888888888889,0.6164383561643836,2.915277777777778,0.32511241539516955,0.3677693297375131,162.80462642280088,14.274966402159016,0.14270046721876442,0.38472222222222224
medium,108,dynamic_k,nearest,skill_drift,1218,0.692787124716222,0.24982934420452094,362.17022502229594,465.87403457058264,0.16177741942834564,0.2234295239739079,45.25945950720755,0.0,72.4564645749136,5.997126436781609,3.297222222222222,2.380952380952381,1.6666666666666667,0.45432473366213155,0.4708218614487517,141.88026330699378,22.320739938516994,0.26181793719740676,0.5916666666666667
medium,108,dynamic_k,role_aware,skill_drift,336,0.6930442173312831,0.24995022235028813,371.04135468227946,475.3082908955565,0.13338585312026233,0.14313503388644314,8.159449105610864,0.0,4234.358429766156,5.906547619047619,2.0277777777777777,0.5492957746478874,2.7625,0.34104116153824404,0.36965188173028507,140.65159905407373,15.32471655252375,0.13907897847284562,0.42777777777777776
medium,108,dynamic_k,multi_objective,skill_drift,336,0.6930442173312831,0.24995022235028813,371.04135468227946,475.3082908955565,0.13338585312026233,0.14313503388644314,8.159449105610864,0.0,4234.358429766156,5.906547619047619,2.0277777777777777,0.5492957746478874,2.7625,0.34104116153824404,0.36965188173028507,140.65159905407373,15.32471655252375,0.13907897847284562,0.42777777777777776
medium,108,dynamic_k,nearest,seasonal_reset,1218,0.6937927319571725,0.2502858290792116,362.00120445194244,462.3632616808765,0.1622394791271755,0.22359776857544997,45.23731967500924,0.0,83.48312166737595,5.997126436781609,3.113888888888889,2.466666666666667,1.6222222222222222,0.45513449003077316,0.4708537423184573,142.32649307335632,22.143430665782766,0.24526129853057752,0.5944444444444444
medium,108,dynamic_k,role_aware,seasonal_reset,336,0.6906916587483164,0.2487700966658248,372.2150290463862,477.8932664772411,0.13304225435157913,0.1435562202399595,7.837592624202928,0.0,3962.095421481028,5.916964285714285,1.9722222222222223,0.6666666666666666,2.823611111111111,0.33555755486137084,0.36776483837731844,141.6971312172453,15.182105760682088,0.13731790278238143,0.4097222222222222
medium,108,dynamic_k,multi_objective,seasonal_reset,336,0.6906916587483164,0.2487700966658248,372.2150290463862,477.8932664772411,0.13304225435157913,0.1435562202399595,7.837592624202928,0.0,3962.095421481028,5.916964285714285,1.9722222222222223,0.6666666666666666,2.823611111111111,0.33555755486137084,0.36776483837731844,141.6971312172453,15.182105760682088,0.13731790278238143,0.4097222222222222
medium,108,dynamic_k,nearest,role_scarcity,1218,0.692871039811564,0.2498712883635182,359.3052665260682,461.3250700958465,0.16147598474876262,0.22373455437935835,45.275855427452136,0.0,71.93227948642499,5.997126436781609,3.2333333333333334,2.1904761904761907,1.5305555555555554,0.4563347897842929,0.47155573183468324,142.07210457111768,21.759577793191138,0.254598947220423,0.5777777777777777
medium,108,dynamic_k,role_aware,role_scarcity,336,0.6960020134278911,0.25142567581295844,373.99535362341476,476.79557978500833,0.13423633767164067,0.14176879844475176,8.318766759926142,0.0,4177.162914132588,5.923809523809524,2.013888888888889,0.5,2.7263888888888888,0.3160850896225771,0.34665987794194025,140.71621873812705,14.603743452298078,0.140507080365422,0.37222222222222223
medium,108,dynamic_k,multi_objective,role_scarcity,336,0.6960020134278911,0.25142567581295844,373.99535362341476,476.79557978500833,0.13423633767164067,0.14176879844475176,8.318766759926142,0.0,4177.162914132588,5.923809523809524,2.013888888888889,0.5,2.7263888888888888,0.3160850896225771,0.34665987794194025,140.71621873812705,14.603743452298078,0.140507080365422,0.37222222222222223
medium,108,dynamic_k,nearest,rank_mmr_divergence,1218,0.6935112519965538,0.2501688593300779,357.946186656924,454.7551622783299,0.16257819990827282,0.22485769619607354,45.262665773861386,0.0,59.21146255350215,5.997126436781609,3.1222222222222222,2.3666666666666667,1.5041666666666667,0.4498357894012861,0.46941832948880485,119.42444865895612,31.428019964015984,0.2605227510443312,0.6277777777777778
medium,108,dynamic_k,role_aware,rank_mmr_divergence,336,0.6916229053596163,0.2492404012767477,369.60488907784264,468.79286283261524,0.13381272484755177,0.1446884322272874,8.122120313513987,0.0,3757.402676211492,5.907440476190476,2.0,0.39436619718309857,2.675,0.33017233668701,0.35965434352172004,119.63463302480606,20.75292774211325,0.1479193179627483,0.36666666666666664
medium,108,dynamic_k,multi_objective,rank_mmr_divergence,336,0.6916229053596163,0.2492404012767477,369.60488907784264,468.79286283261524,0.13381272484755177,0.1446884322272874,8.122120313513987,0.0,3757.402676211492,5.907440476190476,2.0,0.39436619718309857,2.675,0.33017233668701,0.35965434352172004,119.63463302480606,20.75292774211325,0.1479193179627483,0.36666666666666664
medium,108,dynamic_k,nearest,pareto_strict,1218,0.692871039811564,0.2498712883635182,359.3052665260682,461.3250700958465,0.16147598474876262,0.22373455437935835,45.275855427452136,0.0,71.93227948642499,5.997126436781609,3.2333333333333334,2.1904761904761907,1.5305555555555554,0.4563347897842929,0.47155573183468324,142.07210457111768,21.759577793191138,0.254598947220423,0.5777777777777777
medium,108,dynamic_k,role_aware,pareto_strict,336,0.6938597989162255,0.2503546042276928,372.0847452714824,475.88811713536063,0.13379734329046403,0.14436585779760533,6.32054078295509,0.0,3922.100495511167,5.916964285714285,2.0833333333333335,0.6301369863013698,2.8305555555555557,0.3147580048867945,0.36647296056242673,140.60245212654323,15.611925109677966,0.14906455352208753,0.41388888888888886
medium,108,dynamic_k,multi_objective,pareto_strict,336,0.6938597989162255,0.2503546042276928,372.0847452714824,475.88811713536063,0.13379734329046403,0.14436585779760533,6.32054078295509,0.0,3922.100495511167,5.916964285714285,2.0833333333333335,0.6301369863013698,2.8305555555555557,0.3147580048867945,0.36647296056242673,140.60245212654323,15.611925109677966,0.14906455352208753,0.41388888888888886
medium,108,dynamic_k,nearest,pareto_fast,1218,0.692871039811564,0.2498712883635182,359.3052665260682,461.3250700958465,0.16147598474876262,0.22373455437935835,45.275855427452136,0.0,71.93227948642499,5.997126436781609,3.2333333333333334,2.1904761904761907,1.5305555555555554,0.4563347897842929,0.47155573183468324,142.07210457111768,21.759577793191138,0.254598947220423,0.5777777777777777
medium,108,dynamic_k,role_aware,pareto_fast,336,0.6971839727698078,0.25198095467948994,371.69899618315,474.96992229398506,0.13370141734481678,0.15374285912272742,12.399780506605214,0.0,4082.157111477919,5.733035714285714,2.1527777777777777,0.4507042253521127,2.9347222222222222,0.3353952931942014,0.3728293750887266,140.43102906822344,14.341688424505355,0.14830740415965982,0.40555555555555556
medium,108,dynamic_k,multi_objective,pareto_fast,336,0.6971839727698078,0.25198095467948994,371.69899618315,474.96992229398506,0.13370141734481678,0.15374285912272742,12.399780506605214,0.0,4082.157111477919,5.733035714285714,2.1527777777777777,0.4507042253521127,2.9347222222222222,0.3353952931942014,0.3728293750887266,140.43102906822344,14.341688424505355,0.14830740415965982,0.40555555555555556
medium,109,dynamic_k,nearest,cold_start,966,0.6935963835658068,0.25022520931205966,373.2733492488353,478.4874066131144,0.15695329427828023,0.21721154291551967,40.81305725435108,0.0,96.56333356816864,6.012422360248447,3.011111111111111,1.9710144927536233,1.6305555555555555,0.4479993056573689,0.46787306433494297,137.56350902534638,20.49222944288576,0.2323200245486215,0.5444444444444444
medium,109,dynamic_k,role_aware,cold_start,336,0.6941295998182154,0.25048608858213695,379.35895257993775,486.5486452215521,0.1342735882854251,0.13201513097697065,8.460889038766647,0.0,5184.59889806352,5.9125,1.75,0.6333333333333333,2.8,0.3259933281878302,0.36120321784582476,136.61720321044876,15.552574457078736,0.1256921185453544,0.40694444444444444
medium,109,dynamic_k,multi_objective,cold_start,336,0.6941295998182154,0.25048608858213695,379.35895257993775,486.5486452215521,0.1342735882854251,0.13201513097697065,8.460889038766647,0.0,5184.59889806352,5.9125,1.75,0.6333333333333333,2.8,0.3259933281878302,0.36120321784582476,136.61720321044876,15.552574457078736,0.1256921185453544,0.40694444444444444
medium,109,dynamic_k,nearest,smurf_disruption,1092,0.694308552053358,0.2505696905724589,405.63613863145116,533.9266805829143,0.15803981621843166,0.2406241069283936,42.73940692542741,0.0,82.50706878325626,6.010164835164836,3.522222222222222,2.0125,2.2472222222222222,0.4709225307855629,0.48533630488693347,156.23631088379136,21.582835320188547,0.2819752935024752,0.6569444444444444
medium,109,dynamic_k,role_aware,smurf_disruption,336,0.6973451223688912,0.2520921899185699,418.3215399206377,553.9438242729091,0.13267299773513092,0.15355118767597828,9.628356025290593,0.0,5248.522279920332,5.95297619047619,2.2916666666666665,0.1927710843373494,2.772222222222222,0.32614752541553227,0.3693967436527138,156.20815421896978,14.464267538007233,0.1680241636650558,0.4083333333333333
medium,109,dynamic_k,multi_objective,smurf_disruption,336,0.6973451223688912,0.2520921899185699,418.3215399206377,553.9438242729091,0.13267299773513092,0.15355118767597828,9.628356025290593,0.0,5248.522279920332,5.95297619047619,2.2916666666666665,0.1927710843373494,2.772222222222222,0.32614752541553227,0.3693967436527138,156.20815421896978,14.464267538007233,0.1680241636650558,0.4083333333333333
medium,109,dynamic_k,nearest,skill_drift,1470,0.6933165639526926,0.2500642280789851,356.79032522823184,458.9558718676256,0.1676631618061323,0.2201958855007227,47.70917522096176,0.0,83.01475893434197,5.910544217687074,3.4277777777777776,2.681159420289855,1.3222222222222222,0.4582164060108816,0.47378053307355583,143.05428688238578,22.059513437939668,0.2760769128155421,0.7208333333333333
medium,109,dynamic_k,role_aware,skill_drift,336,0.6951376842233914,0.25099262085615803,372.60326489573924,476.848435016127,0.13491482187601764,0.14096451256715506,8.490438636170646,0.0,4253.37397525626,5.893452380952381,1.9583333333333333,0.810126582278481,2.4722222222222223,0.3094134352652153,0.33901967828344626,141.05091826520723,15.543436297710237,0.14209783271040408,0.4236111111111111
medium,109,dynamic_k,multi_objective,skill_drift,336,0.6951376842233914,0.25099262085615803,372.60326489573924,476.848435016127,0.13491482187601764,0.14096451256715506,8.490438636170646,0.0,4253.37397525626,5.893452380952381,1.9583333333333333,0.810126582278481,2.4722222222222223,0.3094134352652153,0.33901967828344626,141.05091826520723,15.543436297710237,0.14209783271040408,0.4236111111111111
medium,109,dynamic_k,nearest,seasonal_reset,1470,0.6935238179246599,0.2501685570974608,353.2757417536356,454.542477883251,0.1676987876253034,0.22632474948300702,47.54482514268923,0.0,78.66807683076532,5.910544217687074,3.625,2.8857142857142857,1.3930555555555555,0.45149094839240583,0.4683373352414825,142.94804709254493,22.871151151868627,0.2907285009888747,0.6972222222222222
medium,109,dynamic_k,role_aware,seasonal_reset,336,0.6939824020308177,0.2504186297091553,372.65605107944003,475.0075709899135,0.13569312556348523,0.1346842801797537,7.657142793461674,0.0,4512.692669575521,5.8586309523809526,1.8472222222222223,0.6329113924050633,2.4680555555555554,0.3107696597527374,0.3348270333336807,141.83300172411703,16.373199132966064,0.13304103168435352,0.43472222222222223
medium,109,dynamic_k,multi_objective,seasonal_reset,336,0.6939824020308177,0.2504186297091553,372.65605107944003,475.0075709899135,0.13569312556348523,0.1346842801797537,7.657142793461674,0.0,4512.692669575521,5.8586309523809526,1.8472222222222223,0.6329113924050633,2.4680555555555554,0.3107696597527374,0.3348270333336807,141.83300172411703,16.373199132966064,0.13304103168435352,0.43472222222222223
medium,109,dynamic_k,nearest,role_scarcity,1470,0.6937655094155453,0.25028261869680324,351.6303137222018,455.3516454095021,0.16765040734260386,0.22239312554001778,47.51290879328758,0.0,82.38812305614036,5.910544217687074,3.658333333333333,2.7916666666666665,1.3625,0.45649726863312196,0.47133799391485,142.6095818867674,22.15307054094442,0.28981455159950803,0.6875
medium,109,dynamic_k,role_aware,role_scarcity,336,0.6951376842233914,0.25099262085615803,371.14224863789474,475.6738503101456,0.13491482187601764,0.14083840155317573,8.490438636170646,0.0,4253.37397525626,5.893452380952381,1.9861111111111112,0.810126582278481,2.4722222222222223,0.3113149713907431,0.3392438230786085,141.05091826520723,15.543436297710237,0.14396627016282373,0.4236111111111111
medium,109,dynamic_k,multi_objective,role_scarcity,336,0.6951376842233914,0.25099262085615803,371.14224863789474,475.6738503101456,0.13491482187601764,0.14083840155317573,8.490438636170646,0.0,4253.37397525626,5.893452380952381,1.9861111111111112,0.810126582278481,2.4722222222222223,0.3113149713907431,0.3392438230786085,141.05091826520723,15.543436297710237,0.14396627016282373,0.4236111111111111
medium,109,dynamic_k,nearest,rank_mmr_divergence,1470,0.694232994034396,0.2505304242117993,349.39822192661165,445.7587907400362,0.1680824175813275,0.21877626136497952,47.33063443877046,0.0,72.21015989410239,5.910544217687074,3.5055555555555555,2.887323943661972,1.4347222222222222,0.4563296869301159,0.47228248662768135,119.73802614905242,33.44605301398925,0.2935547510601044,0.7041666666666667
medium,109,dynamic_k,role_aware,rank_mmr_divergence,336,0.6957890489214678,0.2513193445254287,366.062211407525,468.6151586263061,0.1358071609003628,0.13937551489081426,7.879907872684798,0.0,4059.1889541229707,5.887202380952381,2.0,0.8433734939759037,2.5236111111111112,0.300845842167887,0.34007945603289746,120.11104943959015,21.756838534030052,0.1524300939409567,0.3861111111111111
medium,109,dynamic_k,multi_objective,rank_mmr_divergence,336,0.6957890489214678,0.2513193445254287,366.062211407525,468.6151586263061,0.1358071609003628,0.13937551489081426,7.879907872684798,0.0,4059.1889541229707,5.887202380952381,2.0,0.8433734939759037,2.5236111111111112,0.300845842167887,0.34007945603289746,120.11104943959015,21.756838534030052,0.1524300939409567,0.3861111111111111
medium,109,dynamic_k,nearest,pareto_strict,1470,0.6937655094155453,0.25028261869680324,351.6303137222018,455.3516454095021,0.16765040734260386,0.22239312554001778,47.51290879328758,0.0,82.38812305614036,5.910544217687074,3.658333333333333,2.7916666666666665,1.3625,0.45649726863312196,0.47133799391485,142.6095818867674,22.15307054094442,0.28981455159950803,0.6875
medium,109,dynamic_k,role_aware,pareto_strict,336,0.6917662091342714,0.2493120509558293,372.5669936817752,477.3872064878813,0.13430845106954456,0.1360560317003921,6.7631943301075,0.0,4638.235530014992,5.941666666666666,1.9166666666666667,0.7105263157894737,2.4208333333333334,0.3021751576913798,0.33390179153115723,142.555860272585,15.473407376372762,0.13882410365840986,0.3902777777777778
medium,109,dynamic_k,multi_objective,pareto_strict,336,0.6917662091342714,0.2493120509558293,372.5669936817752,477.3872064878813,0.13430845106954456,0.1360560317003921,6.7631943301075,0.0,4638.235530014992,5.941666666666666,1.9166666666666667,0.7105263157894737,2.4208333333333334,0.3021751576913798,0.33390179153115723,142.555860272585,15.473407376372762,0.13882410365840986,0.3902777777777778
medium,109,dynamic_k,nearest,pareto_fast,1470,0.6937655094155453,0.25028261869680324,351.6303137222018,455.3516454095021,0.16765040734260386,0.22239312554001778,47.51290879328758,0.0,82.38812305614036,5.910544217687074,3.658333333333333,2.7916666666666665,1.3625,0.45649726863312196,0.47133799391485,142.6095818867674,22.15307054094442,0.28981455159950803,0.6875
medium,109,dynamic_k,role_aware,pareto_fast,336,0.6998224444019857,0.2533082231454228,372.1815212614959,475.15498990007575,0.13545697458086725,0.13903569247752312,12.819431415256274,0.0,4944.507051540486,5.7749999999999995,1.9027777777777777,0.7,2.4902777777777776,0.31089205607855136,0.34973487912823886,141.44050881805194,15.274838423034986,0.13365351959750787,0.3902777777777778
medium,109,dynamic_k,multi_objective,pareto_fast,336,0.6998224444019857,0.2533082231454228,372.1815212614959,475.15498990007575,0.13545697458086725,0.13903569247752312,12.819431415256274,0.0,4944.507051540486,5.7749999999999995,1.9027777777777777,0.7,2.4902777777777776,0.31089205607855136,0.34973487912823886,141.44050881805194,15.274838423034986,0.13365351959750787,0.3902777777777778
medium,110,dynamic_k,nearest,cold_start,1218,0.693676529788428,0.25026175321720706,352.71585554786094,456.3295744329283,0.1640184965808281,0.22280737714821547,44.848049161088944,0.0,159.9890263452066,5.9257799671592775,3.3,2.5034965034965033,1.1944444444444444,0.45980195520683614,0.4762877012574566,140.68583279955197,23.00375687680235,0.25936649544148566,0.6291666666666667
medium,110,dynamic_k,role_aware,cold_start,336,0.6941803492610128,0.2505090735888488,364.62792505029654,470.7057581187078,0.13554336095868555,0.1379736604180771,8.239708504932556,0.0,5792.68140405831,5.881845238095237,1.8333333333333333,0.63125,2.4097222222222223,0.3240315337119136,0.35310286109825784,140.54385177282296,15.622022988709771,0.1301216988951629,0.4125
medium,110,dynamic_k,multi_objective,cold_start,336,0.6941803492610128,0.2505090735888488,364.62792505029654,470.7057581187078,0.13554336095868555,0.1379736604180771,8.239708504932556,0.0,5792.68140405831,5.881845238095237,1.8333333333333333,0.63125,2.4097222222222223,0.3240315337119136,0.35310286109825784,140.54385177282296,15.622022988709771,0.1301216988951629,0.4125
medium,110,dynamic_k,nearest,smurf_disruption,1974,0.6932600825907076,0.25006053920621935,429.20067940113677,557.9638703652997,0.1793159078326954,0.24721457780207148,51.49827605722775,0.0,32.853112607299664,6.126899696048632,4.655555555555556,3.557377049180328,1.6472222222222221,0.465785673943016,0.48214779281527637,168.71120476496353,25.071299129760675,0.3796096184818672,0.7680555555555556
medium,110,dynamic_k,role_aware,smurf_disruption,336,0.6911771315667207,0.2490108562871549,456.0964291795645,590.6385916339259,0.13458257395047102,0.15548133211247933,8.061130784713422,0.0,6282.488187066787,5.931845238095239,2.236111111111111,0.6741573033707865,2.626388888888889,0.32169264529935854,0.3728203979639446,167.31153158996977,14.91723787477094,0.1639324701305209,0.4041666666666667
medium,110,dynamic_k,multi_objective,smurf_disruption,336,0.6911771315667207,0.2490108562871549,456.0964291795645,590.6385916339259,0.13458257395047102,0.15548133211247933,8.061130784713422,0.0,6282.488187066787,5.931845238095239,2.236111111111111,0.6741573033707865,2.626388888888889,0.32169264529935854,0.3728203979639446,167.31153158996977,14.91723787477094,0.1639324701305209,0.4041666666666667
medium,110,dynamic_k,nearest,skill_drift,966,0.6942485117316248,0.25054520271904523,364.34662300893217,481.04393515450266,0.1590156484814402,0.21206948169868847,40.89186722761357,0.0,154.6044415743609,6.086024844720497,2.8833333333333333,2.242424242424242,1.2125,0.43582838878661945,0.46672793524484213,150.29943191343546,21.28995370247005,0.2229902123652205,0.5638888888888889
medium,110,dynamic_k,role_aware,skill_drift,336,0.6979337267525643,0.2523852053732881,374.61093265389445,488.9910872956793,0.13674760254387722,0.13728225849560075,9.503078343776606,0.0,6507.733200848245,5.875297619047619,1.9166666666666667,0.589041095890411,2.576388888888889,0.31022622087696256,0.35748301656291603,149.82172114287374,15.572530061886685,0.13986345532626257,0.4027777777777778
medium,110,dynamic_k,multi_objective,skill_drift,336,0.6979337267525643,0.2523852053732881,374.61093265389445,488.9910872956793,0.13674760254387722,0.13728225849560075,9.503078343776606,0.0,6507.733200848245,5.875297619047619,1.9166666666666667,0.589041095890411,2.576388888888889,0.31022622087696256,0.35748301656291603,149.82172114287374,15.572530061886685,0.13986345532626257,0.4027777777777778
medium,110,dynamic_k,nearest,seasonal_reset,966,0.6933916282561393,0.25012869939176974,360.17200269756364,473.87115627117794,0.1586106245267809,0.2117272862914277,41.14785828600038,0.0,141.51700411362285,6.086024844720497,2.8444444444444446,2.1142857142857143,1.4388888888888889,0.45097493363533636,0.47251508220160715,150.39766251172085,21.377253162685598,0.21429548887981426,0.5819444444444445
medium,110,dynamic_k,role_aware,seasonal_reset,336,0.696691027247223,0.2517637979261089,372.03711361946205,485.31469208932185,0.13690037760332457,0.13311878105527453,9.156606147184386,0.0,5907.190658857856,5.8875,1.7638888888888888,0.4864864864864865,2.3583333333333334,0.3055460503903773,0.35781845739948354,149.6676463947686,16.56297549079862,0.1277419734660689,0.4166666666666667
medium,110,dynamic_k,multi_objective,seasonal_reset,336,0.696691027247223,0.2517637979261089,372.03711361946205,485.31469208932185,0.13690037760332457,0.13311878105527453,9.156606147184386,0.0,5907.190658857856,5.8875,1.7638888888888888,0.4864864864864865,2.3583333333333334,0.3055460503903773,0.35781845739948354,149.6676463947686,16.56297549079862,0.1277419734660689,0.4166666666666667
medium,110,dynamic_k,nearest,role_scarcity,966,0.6942143702248107,0.2505281549621771,357.78200753104767,474.8266833391208,0.1584150802799041,0.2081166211934048,40.81864524449487,0.0,155.22217026426793,6.086024844720497,2.7,1.9130434782608696,1.211111111111111,0.44380618377287406,0.4690587625859508,149.9553143596689,21.407826777749126,0.21010472787175957,0.5875
medium,110,dynamic_k,role_aware,role_scarcity,336,0.6998804378269562,0.2533461463748684,369.394454011322,484.1721533190573,0.13765686960714688,0.13066632646512605,9.615585174222655,0.0,6505.11224230785,5.883630952380953,1.8333333333333333,0.6842105263157895,2.397222222222222,0.3128820976339943,0.3562576852003933,149.51190769484612,15.669670037345327,0.12831525031867866,0.41388888888888886
medium,110,dynamic_k,multi_objective,role_scarcity,336,0.6998804378269562,0.2533461463748684,369.394454011322,484.1721533190573,0.13765686960714688,0.13066632646512605,9.615585174222655,0.0,6505.11224230785,5.883630952380953,1.8333333333333333,0.6842105263157895,2.397222222222222,0.3128820976339943,0.3562576852003933,149.51190769484612,15.669670037345327,0.12831525031867866,0.41388888888888886
medium,110,dynamic_k,nearest,rank_mmr_divergence,966,0.693513876520333,0.2501792760967284,357.2686682283677,469.1981867988857,0.15914936534247268,0.20777101233497816,40.975062954590705,0.0,128.13928255240901,6.086024844720497,2.888888888888889,2.111111111111111,1.4180555555555556,0.44254768043770054,0.46628389161472766,127.17719115921211,29.34590319097142,0.24122046330533684,0.5569444444444445
medium,110,dynamic_k,role_aware,rank_mmr_divergence,336,0.6976677295777506,0.2522540598923794,362.6183645996838,475.39394690009004,0.13741831308635344,0.14758661910450793,8.689716284904787,0.0,5533.211280382825,5.872321428571429,2.111111111111111,0.8493150684931506,2.4569444444444444,0.3215446684024623,0.3588063189776776,127.12592420317442,22.571037150651232,0.1687979511473764,0.45
medium,110,dynamic_k,multi_objective,rank_mmr_divergence,336,0.6976677295777506,0.2522540598923794,362.6183645996838,475.39394690009004,0.13741831308635344,0.14758661910450793,8.689716284904787,0.0,5533.211280382825,5.872321428571429,2.111111111111111,0.8493150684931506,2.4569444444444444,0.3215446684024623,0.3588063189776776,127.12592420317442,22.571037150651232,0.1687979511473764,0.45
medium,110,dynamic_k,nearest,pareto_strict,966,0.6942143702248107,0.2505281549621771,357.78200753104767,474.8266833391208,0.1584150802799041,0.2081166211934048,40.81864524449487,0.0,155.22217026426793,6.086024844720497,2.7,1.9130434782608696,1.211111111111111,0.44380618377287406,0.4690587625859508,149.9553143596689,21.407826777749126,0.21010472787175957,0.5875
medium,110,dynamic_k,role_aware,pareto_strict,336,0.6941094310965324,0.2504792261313784,369.1784186777688,484.91687495312357,0.13663449929887114,0.1517072227316523,7.2688953984503755,0.0,5488.788489225692,5.955357142857143,2.236111111111111,0.7222222222222222,2.379166666666667,0.3237628704318989,0.3535643057973733,149.7241303193583,15.952254685513138,0.16096105138770686,0.4111111111111111
medium,110,dynamic_k,multi_objective,pareto_strict,336,0.6941094310965324,0.2504792261313784,369.1784186777688,484.91687495312357,0.13663449929887114,0.1517072227316523,7.2688953984503755,0.0,5488.788489225692,5.955357142857143,2.236111111111111,0.7222222222222222,2.379166666666667,0.3237628704318989,0.3535643057973733,149.7241303193583,15.952254685513138,0.16096105138770686,0.4111111111111111
medium,110,dynamic_k,nearest,pareto_fast,966,0.6942143702248107,0.2505281549621771,357.78200753104767,474.8266833391208,0.1584150802799041,0.2081166211934048,40.81864524449487,0.0,155.22217026426793,6.086024844720497,2.7,1.9130434782608696,1.211111111111111,0.44380618377287406,0.4690587625859508,149.9553143596689,21.407826777749126,0.21010472787175957,0.5875
medium,110,dynamic_k,role_aware,pareto_fast,336,0.6980493827745862,0.25242419226961565,369.745882443974,485.41533042337585,0.13792661119135918,0.14418609192404977,16.03653776157459,0.0,6417.686557752072,5.7681547619047615,1.875,0.7162162162162162,2.5194444444444444,0.33171008566797233,0.3657620696482621,149.0586530955752,16.66151027387474,0.13317303494822125,0.425
medium,110,dynamic_k,multi_objective,pareto_fast,336,0.6980493827745862,0.25242419226961565,369.745882443974,485.41533042337585,0.13792661119135918,0.14418609192404977,16.03653776157459,0.0,6417.686557752072,5.7681547619047615,1.875,0.7162162162162162,2.5194444444444444,0.33171008566797233,0.3657620696482621,149.0586530955752,16.66151027387474,0.13317303494822125,0.425
