weight_set,smurf_ratio,role_scarcity,visible_rank_smoothing,candidate_pool_size,prediction_log_loss_mean,prediction_log_loss_sd,prediction_log_loss_median,prediction_log_loss_ci95_low,prediction_log_loss_ci95_high,brier_score_mean,brier_score_sd,brier_score_median,brier_score_ci95_low,brier_score_ci95_high,rating_mae_mean,rating_mae_sd,rating_mae_median,rating_mae_ci95_low,rating_mae_ci95_high,rating_rmse_mean,rating_rmse_sd,rating_rmse_median,rating_rmse_ci95_low,rating_rmse_ci95_high,rating_volatility_mean,rating_volatility_sd,rating_volatility_median,rating_volatility_ci95_low,rating_volatility_ci95_high,expected_winprob_deviation_mean,expected_winprob_deviation_sd,expected_winprob_deviation_median,expected_winprob_deviation_ci95_low,expected_winprob_deviation_ci95_high,team_mmr_gap_mean,team_mmr_gap_sd,team_mmr_gap_median,team_mmr_gap_ci95_low,team_mmr_gap_ci95_high,role_mismatch_rate_mean,role_mismatch_rate_sd,role_mismatch_rate_median,role_mismatch_rate_ci95_low,role_mismatch_rate_ci95_high,within_team_variance_mean,within_team_variance_sd,within_team_variance_median,within_team_variance_ci95_low,within_team_variance_ci95_high,waiting_time_proxy_mean,waiting_time_proxy_sd,waiting_time_proxy_median,waiting_time_proxy_ci95_low,waiting_time_proxy_ci95_high,unfair_match_exposure_mean,unfair_match_exposure_sd,unfair_match_exposure_median,unfair_match_exposure_ci95_low,unfair_match_exposure_ci95_high,repeated_large_gap_exposure_mean,repeated_large_gap_exposure_sd,repeated_large_gap_exposure_median,repeated_large_gap_exposure_ci95_low,repeated_large_gap_exposure_ci95_high,new_player_unfair_exposure_mean,new_player_unfair_exposure_sd,new_player_unfair_exposure_median,new_player_unfair_exposure_ci95_low,new_player_unfair_exposure_ci95_high,low_activity_unfair_exposure_mean,low_activity_unfair_exposure_sd,low_activity_unfair_exposure_median,low_activity_unfair_exposure_ci95_low,low_activity_unfair_exposure_ci95_high,smurf_victimization_mean,smurf_victimization_sd,smurf_victimization_median,smurf_victimization_ci95_low,smurf_victimization_ci95_high,waiting_time_frustration_mean,waiting_time_frustration_sd,waiting_time_frustration_median,waiting_time_frustration_ci95_low,waiting_time_frustration_ci95_high,tail_unfairness_p95_mean,tail_unfairness_p95_sd,tail_unfairness_p95_median,tail_unfairness_p95_ci95_low,tail_unfairness_p95_ci95_high,cvar_unfairness_worst5_mean,cvar_unfairness_worst5_sd,cvar_unfairness_worst5_median,cvar_unfairness_worst5_ci95_low,cvar_unfairness_worst5_ci95_high,visible_rank_volatility_mean,visible_rank_volatility_sd,visible_rank_volatility_median,visible_rank_volatility_ci95_low,visible_rank_volatility_ci95_high,mmr_rank_divergence_mean,mmr_rank_divergence_sd,mmr_rank_divergence_median,mmr_rank_divergence_ci95_low,mmr_rank_divergence_ci95_high,exposure_risk_index_mean,exposure_risk_index_sd,exposure_risk_index_median,exposure_risk_index_ci95_low,exposure_risk_index_ci95_high,churn_risk_proxy_mean,churn_risk_proxy_sd,churn_risk_proxy_median,churn_risk_proxy_ci95_low,churn_risk_proxy_ci95_high,loss_streak_exposure_mean,loss_streak_exposure_sd,loss_streak_exposure_median,loss_streak_exposure_ci95_low,loss_streak_exposure_ci95_high,smurf_ratio_mean,smurf_ratio_sd,smurf_ratio_median,smurf_ratio_ci95_low,smurf_ratio_ci95_high,fairness_debt_mean,fairness_debt_sd,fairness_debt_median,fairness_debt_ci95_low,fairness_debt_ci95_high
default,0.0,high,fast,large,0.6951381411608154,0.001129018936488251,0.6955538043824453,0.6940317026030569,0.6962445797185739,0.25099314242679405,0.0005622215380011961,0.2511993919447766,0.2504421653195529,0.2515441195340352,328.1629791160917,4.025084708527209,326.8102836477202,324.21839610173504,332.1075621304484,411.1156780157767,4.796780397116703,412.51010999592813,406.41483322660235,415.8165228049511,0.12630269007061395,0.001332938620278245,0.12626578722248671,0.12499641022274127,0.12760896991848664,0.12503776856880316,0.00420348711088589,0.1254550638900209,0.120918351200135,0.12915718593747133,6.271654838762891,0.15201191682905696,6.272223829809951,6.122683160270415,6.420626517255367,0.059627525252525196,0.003639599138119759,0.059217171717171654,0.05606071809716783,0.06319433240788255,2826.3131220219047,217.8406186029048,2835.680468870026,2612.829315791058,3039.7969282527515,5.856186868686869,0.04205107848051002,5.8583333333333325,5.81497681177597,5.897396925597769,1.2909090909090908,0.09181368125783707,1.3136363636363635,1.2009316832764105,1.380886498541771,0.41568181818181815,0.06848367523800603,0.4427272727272727,0.34856781644857227,0.48279581991506404,0.752555758866455,0.19550132183230165,0.8069716542998986,0.5609644634707993,0.9441470542621107,0.6302714776205217,0.08821978173460622,0.6389450623525447,0.5438160915206076,0.7167268637204358,0.0,0.0,0.0,0.0,0.0,0.3658636363636364,0.01492580364084522,0.37049999999999994,0.35123634879560806,0.3804909239316647,0.2888018751659172,0.0038144664019366037,0.28877318075552294,0.2850636980920193,0.2925400522398151,0.3240524253075249,0.009546170429555743,0.3247644245924326,0.3146971782865603,0.33340767232848956,128.8574658268352,2.7296818796875293,129.76187346980726,126.18237758474143,131.532554068929,10.50523334374667,0.12214966498234035,10.514769637975999,10.385526672063977,10.624940015429365,0.09786831723453897,0.006254444884380864,0.10043887527860185,0.09173896124784572,0.10399767322123221,0.09786831723453897,0.006254444884380864,0.10043887527860185,0.09173896124784572,0.10399767322123221,0.39249999999999996,0.008278053563422863,0.39454545454545453,0.38438750750784556,0.40061249249215436,0.0,0.0,0.0,0.0,0.0,0.34455550092909903,0.10781054169776418,0.3710458812059332,0.23890117006529016,0.4502098317929079
default,0.0,high,fast,small,0.6929348312127407,0.0011963185466137072,0.6925704003675546,0.6917624390370593,0.6941072233884221,0.24989166433641888,0.0005999098815821333,0.24970772717052336,0.24930375265246837,0.25047957602036935,328.6638334675243,3.365037455230202,327.6152010041006,325.3660967613987,331.9615701736499,412.09051718725595,4.263777380549668,413.216924195872,407.9120153543173,416.2690190201946,0.1249981331650411,0.0009803167062674097,0.12488699175521026,0.12403742279289905,0.12595884353718317,0.12490338653427041,0.005584054809898673,0.12644771052821768,0.11943101282056971,0.13037576024797112,4.280222655586779,0.25891418923964626,4.309231930640609,4.026486750131926,4.533958561041632,0.05675505050505045,0.0008018753738744827,0.0571338383838383,0.055969212638653454,0.05754088837144744,782.4054369059226,155.77059371856285,735.2507660616577,629.750255061731,935.0606187501141,5.936489898989898,0.037138959087191996,5.939898989898989,5.900093719084451,5.972886078895346,1.2522727272727272,0.11791928882793498,1.2772727272727273,1.136711824221351,1.3678336303241034,0.3740909090909091,0.06674031744344483,0.37136363636363634,0.30868539799633316,0.439496420185485,0.6525996364371605,0.14116198544485292,0.6203125,0.5142608907012046,0.7909383821731163,0.5820910212175057,0.07172752721020516,0.5750028925141732,0.5117980445515046,0.6523839978835068,0.0,0.0,0.0,0.0,0.0,0.38970454545454547,0.014565398259102995,0.38995454545454544,0.3754304551606245,0.40397863574846643,0.2962168561421617,0.00944712911921278,0.29615822605491815,0.28695866960533317,0.3054750426789902,0.3355342052201924,0.005809105488594266,0.3366474948001435,0.32984128184137,0.3412271285990148,129.0135422908463,2.483659709474707,129.8000961056917,126.57955577556108,131.44752880613152,10.247151870791773,0.5154433021004402,10.28262224714629,9.742017434733341,10.752286306850205,0.09417061195995702,0.005810776371817542,0.0941418921048249,0.08847605111557583,0.09986517280433821,0.09417061195995702,0.005810776371817542,0.0941418921048249,0.08847605111557583,0.09986517280433821,0.3734090909090909,0.02856894420525117,0.36818181818181817,0.34541152558794475,0.4014066562302371,0.0,0.0,0.0,0.0,0.0,0.28986049885671905,0.09799519204275813,0.3087194470050292,0.1938252106548161,0.38589578705862204
default,0.0,high,slow,large,0.6951381411608154,0.001129018936488251,0.6955538043824453,0.6940317026030569,0.6962445797185739,0.25099314242679405,0.0005622215380011961,0.2511993919447766,0.2504421653195529,0.2515441195340352,328.1629791160917,4.025084708527209,326.8102836477202,324.21839610173504,332.1075621304484,411.1156780157767,4.796780397116703,412.51010999592813,406.41483322660235,415.8165228049511,0.12630269007061395,0.001332938620278245,0.12626578722248671,0.12499641022274127,0.12760896991848664,0.12503776856880316,0.00420348711088589,0.1254550638900209,0.120918351200135,0.12915718593747133,6.271654838762891,0.15201191682905696,6.272223829809951,6.122683160270415,6.420626517255367,0.059627525252525196,0.003639599138119759,0.059217171717171654,0.05606071809716783,0.06319433240788255,2826.3131220219047,217.8406186029048,2835.680468870026,2612.829315791058,3039.7969282527515,5.856186868686869,0.04205107848051002,5.8583333333333325,5.81497681177597,5.897396925597769,1.2909090909090908,0.09181368125783707,1.3136363636363635,1.2009316832764105,1.380886498541771,0.41568181818181815,0.06848367523800603,0.4427272727272727,0.34856781644857227,0.48279581991506404,0.752555758866455,0.19550132183230165,0.8069716542998986,0.5609644634707993,0.9441470542621107,0.6302714776205217,0.08821978173460622,0.6389450623525447,0.5438160915206076,0.7167268637204358,0.0,0.0,0.0,0.0,0.0,0.3658636363636364,0.01492580364084522,0.37049999999999994,0.35123634879560806,0.3804909239316647,0.2888018751659172,0.0038144664019366037,0.28877318075552294,0.2850636980920193,0.2925400522398151,0.3240524253075249,0.009546170429555743,0.3247644245924326,0.3146971782865603,0.33340767232848956,125.17641916998915,2.6925887859175655,125.95391513432422,122.53768215978994,127.81515618018835,19.564176513522703,0.3677838978224845,19.60681947951013,19.20374829365667,19.924604733388737,0.11144576306711171,0.006397480169374524,0.1143114593191575,0.10517623250112468,0.11771529363309874,0.11144576306711171,0.006397480169374524,0.1143114593191575,0.10517623250112468,0.11771529363309874,0.39249999999999996,0.008278053563422863,0.39454545454545453,0.38438750750784556,0.40061249249215436,0.0,0.0,0.0,0.0,0.0,0.34455550092909903,0.10781054169776418,0.3710458812059332,0.23890117006529016,0.4502098317929079
default,0.0,high,slow,small,0.6929348312127407,0.0011963185466137072,0.6925704003675546,0.6917624390370593,0.6941072233884221,0.24989166433641888,0.0005999098815821333,0.24970772717052336,0.24930375265246837,0.25047957602036935,328.6638334675243,3.365037455230202,327.6152010041006,325.3660967613987,331.9615701736499,412.09051718725595,4.263777380549668,413.216924195872,407.9120153543173,416.2690190201946,0.1249981331650411,0.0009803167062674097,0.12488699175521026,0.12403742279289905,0.12595884353718317,0.12490338653427041,0.005584054809898673,0.12644771052821768,0.11943101282056971,0.13037576024797112,4.280222655586779,0.25891418923964626,4.309231930640609,4.026486750131926,4.533958561041632,0.05675505050505045,0.0008018753738744827,0.0571338383838383,0.055969212638653454,0.05754088837144744,782.4054369059226,155.77059371856285,735.2507660616577,629.750255061731,935.0606187501141,5.936489898989898,0.037138959087191996,5.939898989898989,5.900093719084451,5.972886078895346,1.2522727272727272,0.11791928882793498,1.2772727272727273,1.136711824221351,1.3678336303241034,0.3740909090909091,0.06674031744344483,0.37136363636363634,0.30868539799633316,0.439496420185485,0.6525996364371605,0.14116198544485292,0.6203125,0.5142608907012046,0.7909383821731163,0.5820910212175057,0.07172752721020516,0.5750028925141732,0.5117980445515046,0.6523839978835068,0.0,0.0,0.0,0.0,0.0,0.38970454545454547,0.014565398259102995,0.38995454545454544,0.3754304551606245,0.40397863574846643,0.2962168561421617,0.00944712911921278,0.29615822605491815,0.28695866960533317,0.3054750426789902,0.3355342052201924,0.005809105488594266,0.3366474948001435,0.32984128184137,0.3412271285990148,125.2586746952012,2.6518534197568036,126.01008953970953,122.65985834383953,127.85749104656286,19.322026481577687,0.6968015886626227,19.262147108832128,18.639160924688316,20.00489203846706,0.10775836124796227,0.0056160830459990934,0.10744287457460605,0.10225459986288316,0.11326212263304139,0.10775836124796227,0.0056160830459990934,0.10744287457460605,0.10225459986288316,0.11326212263304139,0.3734090909090909,0.02856894420525117,0.36818181818181817,0.34541152558794475,0.4014066562302371,0.0,0.0,0.0,0.0,0.0,0.28986049885671905,0.09799519204275813,0.3087194470050292,0.1938252106548161,0.38589578705862204
default,0.0,low,fast,large,0.6935216915969281,0.0012181040692539552,0.6930770272828348,0.6923279496090592,0.694715433584797,0.25018894989546236,0.0006085763337315548,0.24996955254103378,0.24959254508840545,0.2507853547025193,328.3095115518544,2.9766334278843316,328.03699568556976,325.39241079252776,331.2266123111811,411.10808528462235,3.744847073169521,411.5946425787128,407.43813515291623,414.77803541632846,0.12250632962428343,0.0008324279814052234,0.12222458526556625,0.12169055020250631,0.12332210904606054,0.12481866344767333,0.008544812843032911,0.1230960193620822,0.11644474686150107,0.13319258003384557,6.588716106342679,0.21754759778034097,6.6177433226539035,6.375519460517945,6.801912752167413,0.05217803030303028,0.004233565335681535,0.05277777777777775,0.04802913627406238,0.056326924331998186,2803.640320854349,125.90436731901487,2783.1002934513344,2680.2540408817144,2927.026600826983,5.799873737373738,0.06456305777882547,5.793939393939395,5.736601940750489,5.8631455339969865,1.3136363636363637,0.17031812722904716,1.2636363636363637,1.1467245989518975,1.48054812832083,0.40386363636363637,0.12087006661185733,0.35454545454545455,0.2854109710840162,0.5223163016432566,0.6262545152689037,0.15411627099628872,0.6353901494189264,0.4752205696925408,0.7772884608452667,0.6372833462497777,0.1305849459262237,0.6142270861833106,0.5093100992420785,0.7652565932574769,0.0,0.0,0.0,0.0,0.0,0.34975,0.015446410514943054,0.34845454545454546,0.3346125176953558,0.3648874823046442,0.2868056725642417,0.010793794976499196,0.2854030562743375,0.2762277534872725,0.2973835916412109,0.3217930130192223,0.008815744849393055,0.3233965007419102,0.3131535830668171,0.3304324429716275,129.10313333063937,2.6607954756751555,129.6667329968506,126.49555376447772,131.71071289680103,9.530832276199112,0.15420457854195088,9.58651584470509,9.379711789228,9.681952763170223,0.09451253130306499,0.01160904797894361,0.0896521884502043,0.08313566428370026,0.10588939832242972,0.09451253130306499,0.01160904797894361,0.0896521884502043,0.08313566428370026,0.10588939832242972,0.3568181818181818,0.01670518963919722,0.3536363636363636,0.34044709597176853,0.3731892676645951,0.0,0.0,0.0,0.0,0.0,0.2965188652766986,0.10457197058896156,0.2596383041864691,0.19403833409951626,0.3989993964538809
default,0.0,low,fast,small,0.6937249467568054,0.0006241155866870987,0.6935946642260034,0.693113313481852,0.6943365800317588,0.2502839714529824,0.0003072125727529667,0.250219946417481,0.2499829031316845,0.2505850397742803,327.2325116377953,2.387248781899711,326.64031515479314,324.8930078315336,329.572015444057,410.5875377023565,3.1031035959186144,411.06857403227707,407.5464961783562,413.62857922635675,0.12163979397772778,0.0007247689094594388,0.12148215615639235,0.12092952044645754,0.12235006750899803,0.125836050136837,0.009178166928906955,0.12771460272762905,0.11684144654650817,0.1348306537271658,3.9400900519339093,0.3090132537635709,3.9361124488411794,3.6372570632456096,4.242923040622209,0.05293560606060602,0.0037389872188302174,0.0535353535353535,0.04927139858615241,0.056599813535059634,732.6736636893745,127.76113849261577,699.2728991038273,607.4677479666111,857.8795794121379,5.901325757575758,0.053581143859712174,5.89520202020202,5.8488162365932395,5.953835278558276,1.2954545454545454,0.14854667853061995,1.3181818181818181,1.149878800494538,1.4410302904145529,0.38999999999999996,0.08663593436886878,0.4149999999999999,0.30509678431850856,0.47490321568149135,0.5236432769655756,0.10495421773594764,0.5260943787343006,0.42078814358434685,0.6264984103468042,0.6325936476034659,0.10898150868496959,0.6515790612156609,0.5257917690921957,0.7393955261147361,0.0,0.0,0.0,0.0,0.0,0.37381818181818177,0.014470260182597497,0.3722727272727273,0.3596373268392362,0.38799903679712733,0.2909070670971412,0.013489775894699178,0.29228673958317053,0.277687086720336,0.3041270474739464,0.32801180129780344,0.010365730370744022,0.3276886030255405,0.3178533855344743,0.3381702170611326,129.41535240645086,2.5593917303205744,130.13988070222013,126.9071485107367,131.92355630216503,9.534814445561338,0.17215526365884343,9.547329470183708,9.366102287175671,9.703526603947005,0.09365078219228085,0.009513889339035185,0.0956149496921272,0.08432717064002637,0.10297439374453532,0.09365078219228085,0.009513889339035185,0.0956149496921272,0.08432717064002637,0.10297439374453532,0.34386363636363637,0.009370694603676536,0.3413636363636363,0.33468035565203336,0.3530469170752394,0.0,0.0,0.0,0.0,0.0,0.2737639713456199,0.12728315768087842,0.2950560205349022,0.14902647681835907,0.39850146587288077
default,0.0,low,slow,large,0.6935216915969281,0.0012181040692539552,0.6930770272828348,0.6923279496090592,0.694715433584797,0.25018894989546236,0.0006085763337315548,0.24996955254103378,0.24959254508840545,0.2507853547025193,328.3095115518544,2.9766334278843316,328.03699568556976,325.39241079252776,331.2266123111811,411.10808528462235,3.744847073169521,411.5946425787128,407.43813515291623,414.77803541632846,0.12250632962428343,0.0008324279814052234,0.12222458526556625,0.12169055020250631,0.12332210904606054,0.12481866344767333,0.008544812843032911,0.1230960193620822,0.11644474686150107,0.13319258003384557,6.588716106342679,0.21754759778034097,6.6177433226539035,6.375519460517945,6.801912752167413,0.05217803030303028,0.004233565335681535,0.05277777777777775,0.04802913627406238,0.056326924331998186,2803.640320854349,125.90436731901487,2783.1002934513344,2680.2540408817144,2927.026600826983,5.799873737373738,0.06456305777882547,5.793939393939395,5.736601940750489,5.8631455339969865,1.3136363636363637,0.17031812722904716,1.2636363636363637,1.1467245989518975,1.48054812832083,0.40386363636363637,0.12087006661185733,0.35454545454545455,0.2854109710840162,0.5223163016432566,0.6262545152689037,0.15411627099628872,0.6353901494189264,0.4752205696925408,0.7772884608452667,0.6372833462497777,0.1305849459262237,0.6142270861833106,0.5093100992420785,0.7652565932574769,0.0,0.0,0.0,0.0,0.0,0.34975,0.015446410514943054,0.34845454545454546,0.3346125176953558,0.3648874823046442,0.2868056725642417,0.010793794976499196,0.2854030562743375,0.2762277534872725,0.2973835916412109,0.3217930130192223,0.008815744849393055,0.3233965007419102,0.3131535830668171,0.3304324429716275,125.41926728590497,2.6512524151480354,125.9685964376271,122.82103991905988,128.01749465275003,18.215153904062817,0.4773177564314797,18.151942922332367,17.747382502759965,18.682925305365668,0.10749775226165963,0.012064542518064937,0.1022169935550716,0.09567450059395599,0.11932100392936326,0.10749775226165963,0.012064542518064937,0.1022169935550716,0.09567450059395599,0.11932100392936326,0.3568181818181818,0.01670518963919722,0.3536363636363636,0.34044709597176853,0.3731892676645951,0.0,0.0,0.0,0.0,0.0,0.2965188652766986,0.10457197058896156,0.2596383041864691,0.19403833409951626,0.3989993964538809
default,0.0,low,slow,small,0.6937249467568054,0.0006241155866870987,0.6935946642260034,0.693113313481852,0.6943365800317588,0.2502839714529824,0.0003072125727529667,0.250219946417481,0.2499829031316845,0.2505850397742803,327.2325116377953,2.387248781899711,326.64031515479314,324.8930078315336,329.572015444057,410.5875377023565,3.1031035959186144,411.06857403227707,407.5464961783562,413.62857922635675,0.12163979397772778,0.0007247689094594388,0.12148215615639235,0.12092952044645754,0.12235006750899803,0.125836050136837,0.009178166928906955,0.12771460272762905,0.11684144654650817,0.1348306537271658,3.9400900519339093,0.3090132537635709,3.9361124488411794,3.6372570632456096,4.242923040622209,0.05293560606060602,0.0037389872188302174,0.0535353535353535,0.04927139858615241,0.056599813535059634,732.6736636893745,127.76113849261577,699.2728991038273,607.4677479666111,857.8795794121379,5.901325757575758,0.053581143859712174,5.89520202020202,5.8488162365932395,5.953835278558276,1.2954545454545454,0.14854667853061995,1.3181818181818181,1.149878800494538,1.4410302904145529,0.38999999999999996,0.08663593436886878,0.4149999999999999,0.30509678431850856,0.47490321568149135,0.5236432769655756,0.10495421773594764,0.5260943787343006,0.42078814358434685,0.6264984103468042,0.6325936476034659,0.10898150868496959,0.6515790612156609,0.5257917690921957,0.7393955261147361,0.0,0.0,0.0,0.0,0.0,0.37381818181818177,0.014470260182597497,0.3722727272727273,0.3596373268392362,0.38799903679712733,0.2909070670971412,0.013489775894699178,0.29228673958317053,0.277687086720336,0.3041270474739464,0.32801180129780344,0.010365730370744022,0.3276886030255405,0.3178533855344743,0.3381702170611326,125.78511327709973,2.6106460902840816,126.55978350798446,123.22668010862132,128.3435464455781,18.111463076882846,0.34936268224496597,18.12409350018848,17.769087648282778,18.453838505482913,0.10648772421567679,0.009367720916589942,0.1081355350372053,0.09730735771741865,0.11566809071393493,0.10648772421567679,0.009367720916589942,0.1081355350372053,0.09730735771741865,0.11566809071393493,0.34386363636363637,0.009370694603676536,0.3413636363636363,0.33468035565203336,0.3530469170752394,0.0,0.0,0.0,0.0,0.0,0.2737639713456199,0.12728315768087842,0.2950560205349022,0.14902647681835907,0.39850146587288077
default,0.05,high,fast,large,0.6945244887598975,0.002425442838075,0.6941969578743955,0.692147554778584,0.6969014227412109,0.25068652394755914,0.0012063559064763283,0.25052548306432587,0.24950429515921232,0.2518687527359059,365.190721890433,8.15349597970362,363.5809196265054,357.20029583032345,373.18114795054254,468.87250618818496,5.193847018530277,468.11465680353433,463.78253611002526,473.96247626634465,0.12490810540445024,0.0009110265345521334,0.1252618868200688,0.12401529940058915,0.12580091140831134,0.1417452391270931,0.004968414095110762,0.1417581248041342,0.13687619331388456,0.14661428494030165,8.590223327119316,0.6035083989956556,8.819819304609895,7.998785096103574,9.181661558135058,0.07342171717171712,0.003614876424555393,0.0742424242424242,0.06987913827565284,0.07696429606778141,5004.178993281931,348.83852596264506,4918.914652052694,4662.317237838539,5346.040748725323,5.844633838383839,0.037290821094347865,5.850883838383839,5.808088833711378,5.8811788430563,1.5318181818181817,0.03674047167570336,1.5409090909090908,1.4958125195759924,1.5678238440603711,0.6043181818181818,0.011532084838235175,0.6036363636363636,0.5930167386767112,0.6156196249596523,0.6708674445718303,0.07334722670545166,0.6723778808036014,0.5989871624004877,0.742747726743173,0.6797366740032382,0.09157662827655469,0.6704108480064764,0.5899915782922146,0.7694817697142619,2.016818181818182,0.12586778668316165,1.9727272727272729,1.8934677508686837,2.1401686127676807,0.3623181818181818,0.012096603808154553,0.36436363636363633,0.35046351008619037,0.37417285355017327,0.3172514457937119,0.006566393122142928,0.3165006508481695,0.31081638053401184,0.32368651105341195,0.3526018537052047,0.012229087338929719,0.3505700381420711,0.34061734811305355,0.36458635929735583,142.74162862696357,2.630417003341743,143.18196993510196,140.16381996368867,145.31943729023848,9.849637090251152,0.33907314511229925,9.807157556059636,9.517345408041098,10.181928772461205,0.11382382591985163,0.0010213993258822664,0.1137366251859818,0.112822854580487,0.11482479725921625,0.11382382591985163,0.0010213993258822664,0.1137366251859818,0.112822854580487,0.11482479725921625,0.3815909090909091,0.011241770788817875,0.3836363636363636,0.3705739737178676,0.3926078444639506,0.05,0.0,0.05,0.05,0.05,0.6677818561943708,0.02552952569499407,0.6576180430840257,0.6427629210132766,0.692800791375465
default,0.05,high,fast,small,0.6945433364389141,0.0012334640784409992,0.6940344052043155,0.6933345416420419,0.6957521312357863,0.250697549893392,0.0006142135179783543,0.2504440841017027,0.25009562064577323,0.25129947914101075,365.07355354117254,8.864815899037655,362.47403708496734,356.38603396011564,373.76107312222945,468.3357622099455,6.307087141919805,466.30032969836145,462.15481681086413,474.5167076090269,0.12301968797723078,0.0009941272686573048,0.12328087913873395,0.12204544325394663,0.12399393270051494,0.1410320042383813,0.006394927793772991,0.14407257721482214,0.13476497500048376,0.14729903347627885,5.317142647656128,0.115689448352878,5.3646644767346245,5.203766988270308,5.4305183070419485,0.06963383838383834,0.0038663312271600566,0.07039141414141409,0.06584483378122148,0.0734228429864552,1636.2680836268878,156.5052578451722,1578.4652138698343,1482.892930938619,1789.6432363151566,5.934406565656566,0.08816239092968184,5.958585858585859,5.848007422545478,6.0208057087676545,1.5159090909090909,0.102952287753692,1.5363636363636364,1.4150158489104727,1.616802332907709,0.5120454545454546,0.036608079916208645,0.5163636363636364,0.47616953622757013,0.5479213728633391,0.5590511638898735,0.1029951943072889,0.5512820512820513,0.4581158734687304,0.6599864543110167,0.7389354539819875,0.14006310516720305,0.7098765432098766,0.6016736109181284,0.8761972970458465,1.8238636363636365,0.12349005380365571,1.8186363636363638,1.702843383636054,1.944883889091219,0.38249999999999995,0.029673475555033208,0.3897272727272727,0.3534199939560674,0.4115800060439325,0.3200493798823074,0.010178667427461435,0.32202523314359066,0.3100742858033952,0.33002447396121964,0.354536758247206,0.013899723950150836,0.35463901947082016,0.34091502877605817,0.3681584877183538,142.7440392595148,2.7595961453195814,142.91372082173996,140.03963503710162,145.448443481928,9.692328778593625,0.11237426930950711,9.669479976452276,9.582201994670308,9.802455562516942,0.10778169672134827,0.005414822864100364,0.1093091854107017,0.1024751703145299,0.11308822312816663,0.10778169672134827,0.005414822864100364,0.1093091854107017,0.1024751703145299,0.11308822312816663,0.3670454545454545,0.017126574649609594,0.3686363636363636,0.3502614113888371,0.3838294977020719,0.05,0.0,0.05,0.05,0.05,0.6109195727717122,0.038837054526316334,0.619228415710559,0.5728592593359222,0.6489798862075021
default,0.05,high,slow,large,0.6945244887598975,0.002425442838075,0.6941969578743955,0.692147554778584,0.6969014227412109,0.25068652394755914,0.0012063559064763283,0.25052548306432587,0.24950429515921232,0.2518687527359059,365.190721890433,8.15349597970362,363.5809196265054,357.20029583032345,373.18114795054254,468.87250618818496,5.193847018530277,468.11465680353433,463.78253611002526,473.96247626634465,0.12490810540445024,0.0009110265345521334,0.1252618868200688,0.12401529940058915,0.12580091140831134,0.1417452391270931,0.004968414095110762,0.1417581248041342,0.13687619331388456,0.14661428494030165,8.590223327119316,0.6035083989956556,8.819819304609895,7.998785096103574,9.181661558135058,0.07342171717171712,0.003614876424555393,0.0742424242424242,0.06987913827565284,0.07696429606778141,5004.178993281931,348.83852596264506,4918.914652052694,4662.317237838539,5346.040748725323,5.844633838383839,0.037290821094347865,5.850883838383839,5.808088833711378,5.8811788430563,1.5318181818181817,0.03674047167570336,1.5409090909090908,1.4958125195759924,1.5678238440603711,0.6043181818181818,0.011532084838235175,0.6036363636363636,0.5930167386767112,0.6156196249596523,0.6708674445718303,0.07334722670545166,0.6723778808036014,0.5989871624004877,0.742747726743173,0.6797366740032382,0.09157662827655469,0.6704108480064764,0.5899915782922146,0.7694817697142619,2.016818181818182,0.12586778668316165,1.9727272727272729,1.8934677508686837,2.1401686127676807,0.3623181818181818,0.012096603808154553,0.36436363636363633,0.35046351008619037,0.37417285355017327,0.3172514457937119,0.006566393122142928,0.3165006508481695,0.31081638053401184,0.32368651105341195,0.3526018537052047,0.012229087338929719,0.3505700381420711,0.34061734811305355,0.36458635929735583,139.30224807412586,2.7471976695742883,139.82182617686698,136.60999435794307,141.99450179030865,18.666784821256357,0.36463048291304634,18.69011392488543,18.309446948001572,19.024122694511142,0.12694810157066916,0.0010898789672004175,0.12690096844783422,0.12588002018281275,0.12801618295852557,0.12694810157066916,0.0010898789672004175,0.12690096844783422,0.12588002018281275,0.12801618295852557,0.3815909090909091,0.011241770788817875,0.3836363636363636,0.3705739737178676,0.3926078444639506,0.05,0.0,0.05,0.05,0.05,0.6677818561943708,0.02552952569499407,0.6576180430840257,0.6427629210132766,0.692800791375465
default,0.05,high,slow,small,0.6945433364389141,0.0012334640784409992,0.6940344052043155,0.6933345416420419,0.6957521312357863,0.250697549893392,0.0006142135179783543,0.2504440841017027,0.25009562064577323,0.25129947914101075,365.07355354117254,8.864815899037655,362.47403708496734,356.38603396011564,373.76107312222945,468.3357622099455,6.307087141919805,466.30032969836145,462.15481681086413,474.5167076090269,0.12301968797723078,0.0009941272686573048,0.12328087913873395,0.12204544325394663,0.12399393270051494,0.1410320042383813,0.006394927793772991,0.14407257721482214,0.13476497500048376,0.14729903347627885,5.317142647656128,0.115689448352878,5.3646644767346245,5.203766988270308,5.4305183070419485,0.06963383838383834,0.0038663312271600566,0.07039141414141409,0.06584483378122148,0.0734228429864552,1636.2680836268878,156.5052578451722,1578.4652138698343,1482.892930938619,1789.6432363151566,5.934406565656566,0.08816239092968184,5.958585858585859,5.848007422545478,6.0208057087676545,1.5159090909090909,0.102952287753692,1.5363636363636364,1.4150158489104727,1.616802332907709,0.5120454545454546,0.036608079916208645,0.5163636363636364,0.47616953622757013,0.5479213728633391,0.5590511638898735,0.1029951943072889,0.5512820512820513,0.4581158734687304,0.6599864543110167,0.7389354539819875,0.14006310516720305,0.7098765432098766,0.6016736109181284,0.8761972970458465,1.8238636363636365,0.12349005380365571,1.8186363636363638,1.702843383636054,1.944883889091219,0.38249999999999995,0.029673475555033208,0.3897272727272727,0.3534199939560674,0.4115800060439325,0.3200493798823074,0.010178667427461435,0.32202523314359066,0.3100742858033952,0.33002447396121964,0.354536758247206,0.013899723950150836,0.35463901947082016,0.34091502877605817,0.3681584877183538,139.3172239824259,2.7865219092979956,139.56538489022176,136.58643251131386,142.04801545353794,18.442928357851684,0.032685581328920514,18.45230490883207,18.41089648814934,18.47496022755403,0.12086218744011389,0.005295509352741458,0.12238397168868939,0.11567258827442725,0.12605178660580052,0.12086218744011389,0.005295509352741458,0.12238397168868939,0.11567258827442725,0.12605178660580052,0.3670454545454545,0.017126574649609594,0.3686363636363636,0.3502614113888371,0.3838294977020719,0.05,0.0,0.05,0.05,0.05,0.6109195727717122,0.038837054526316334,0.619228415710559,0.5728592593359222,0.6489798862075021
default,0.05,low,fast,large,0.6967518596823982,0.0013308687441257881,0.696390563621953,0.6954476083131549,0.6980561110516414,0.25179773862881094,0.0006623872530167531,0.25161925266665425,0.2511485991208545,0.25244687813676736,365.05117462957224,8.86328696691901,363.80852058242414,356.3651534019916,373.73719585715287,468.55287063857827,6.795145407899835,468.0738315524,461.89362813883645,475.2121131383201,0.1218438348032631,0.0007417150157344601,0.12212644203406944,0.12111695408784334,0.12257071551868287,0.13281724341027815,0.004152759315256478,0.1309646446953893,0.1287475392813268,0.1368869475392295,8.634075541790779,0.5233015082253633,8.46096759162894,8.121240063729923,9.146911019851634,0.06827651515151512,0.002918415235183392,0.06862373737373735,0.06541646822103539,0.07113656208199484,5036.687828678601,393.31923385393713,5183.609970778586,4651.234979501743,5422.14067785546,5.967550505050505,0.052978369632137264,5.965909090909091,5.915631702811011,6.019469307289999,1.4068181818181817,0.053718478488593506,1.4,1.35417407289936,1.4594622907370034,0.4709090909090909,0.03196933792703739,0.4718181818181818,0.43957913974059426,0.5022390420775875,0.4151769616374683,0.08427877955958062,0.4192307692307692,0.3325837576690793,0.4977701656058573,0.6247942913883829,0.060336748362464596,0.6260609567901234,0.5656642779931677,0.6839243047835982,2.118181818181818,0.1574889038025746,2.075,1.963842692455295,2.2725209439083414,0.39686363636363636,0.018905084074310543,0.39831818181818185,0.378336653970812,0.4153906187564607,0.3001515829036217,0.01865563976415873,0.30068577911330335,0.28186905593474615,0.31843410987249726,0.3421836950112172,0.009219116056871313,0.34263842272449796,0.3331489612754833,0.3512184287469511,142.8396670973964,2.5592165955449575,143.2374851907687,140.33163483376234,145.34769936103044,9.328394064119964,0.24911966685599282,9.339900608169344,9.08425679060109,9.572531337638837,0.10232634744510982,0.002865742303399976,0.10194872958299905,0.09951791998777784,0.1051347749024418,0.10232634744510982,0.002865742303399976,0.10194872958299905,0.09951791998777784,0.1051347749024418,0.35977272727272724,0.018081160766268502,0.35818181818181816,0.3420531897217841,0.3774922648236704,0.05,0.0,0.05,0.05,0.05,0.48306446438778133,0.05020558084520947,0.472996027887782,0.4338629951594761,0.5322659336160867
default,0.05,low,fast,small,0.6939905574231502,0.000921860233478068,0.6939998203422086,0.6930871343943417,0.6948939804519587,0.2504190206169546,0.0004588363217237459,0.2504233629230087,0.2499693610216653,0.25086868021224384,364.7592716453257,9.846391889254333,362.4391575534802,355.1098075938565,374.40873569679496,468.86803337200007,6.740674428232417,467.16562187704733,462.2621724323323,475.47389431166783,0.12017753462911898,0.0007602121618072597,0.12028148987436416,0.11943252671054787,0.1209225425476901,0.13757468461996628,0.004305041106123963,0.13905332628449224,0.13335574433596478,0.14179362490396777,4.871303737677601,0.4353260884672963,4.892980145073887,4.4446841709796505,5.297923304375551,0.0636363636363636,0.0023800867871378354,0.06407828282828279,0.061303878584968524,0.06596884868775868,1812.987391688554,182.13949541099947,1816.7674699424585,1634.4906861857744,1991.4840971913336,6.070770202020201,0.05313776789599213,6.068560606060606,6.018695189482129,6.122845214558273,1.4113636363636366,0.037390795997736676,1.4181818181818182,1.3747206562858547,1.4480066164414185,0.48522727272727273,0.016801793817390227,0.4845454545454545,0.4687615147862303,0.5016930306683152,0.4491803221288515,0.10788856468231743,0.4863333333333334,0.3434495287401804,0.5549111155175226,0.6075855248178506,0.04558886172223047,0.6040599385245902,0.5629084403300647,0.6522626093056364,1.8299999999999998,0.22877563683884522,1.789090909090909,1.6057998758979315,2.054200124102068,0.42822727272727273,0.0157379539836755,0.42672727272727273,0.4128040778232707,0.44365046763127475,0.3132398567064091,0.02057770729720716,0.3151499103073183,0.29307370355514606,0.3334060098576721,0.34619916069691153,0.021536440892279546,0.3522762517726844,0.3250934486224776,0.3673048727713455,143.15281380817737,2.8258983701906404,143.44218680875275,140.38343340539055,145.9221942109642,8.994597424350435,0.11088118689318095,9.016209115321029,8.885933861195117,9.103260987505752,0.10304288744585663,0.0019657454889206315,0.10323588807219411,0.10111645686671442,0.10496931802499884,0.10304288744585663,0.0019657454889206315,0.10323588807219411,0.10111645686671442,0.10496931802499884,0.3336363636363636,0.018227216050693978,0.3277272727272727,0.31577369190668353,0.3514990353660437,0.05,0.0,0.05,0.05,0.05,0.4835360835516631,0.04548990381944306,0.4913187262697992,0.4389559778086089,0.5281161892947173
default,0.05,low,slow,large,0.6967518596823982,0.0013308687441257881,0.696390563621953,0.6954476083131549,0.6980561110516414,0.25179773862881094,0.0006623872530167531,0.25161925266665425,0.2511485991208545,0.25244687813676736,365.05117462957224,8.86328696691901,363.80852058242414,356.3651534019916,373.73719585715287,468.55287063857827,6.795145407899835,468.0738315524,461.89362813883645,475.2121131383201,0.1218438348032631,0.0007417150157344601,0.12212644203406944,0.12111695408784334,0.12257071551868287,0.13281724341027815,0.004152759315256478,0.1309646446953893,0.1287475392813268,0.1368869475392295,8.634075541790779,0.5233015082253633,8.46096759162894,8.121240063729923,9.146911019851634,0.06827651515151512,0.002918415235183392,0.06862373737373735,0.06541646822103539,0.07113656208199484,5036.687828678601,393.31923385393713,5183.609970778586,4651.234979501743,5422.14067785546,5.967550505050505,0.052978369632137264,5.965909090909091,5.915631702811011,6.019469307289999,1.4068181818181817,0.053718478488593506,1.4,1.35417407289936,1.4594622907370034,0.4709090909090909,0.03196933792703739,0.4718181818181818,0.43957913974059426,0.5022390420775875,0.4151769616374683,0.08427877955958062,0.4192307692307692,0.3325837576690793,0.4977701656058573,0.6247942913883829,0.060336748362464596,0.6260609567901234,0.5656642779931677,0.6839243047835982,2.118181818181818,0.1574889038025746,2.075,1.963842692455295,2.2725209439083414,0.39686363636363636,0.018905084074310543,0.39831818181818185,0.378336653970812,0.4153906187564607,0.3001515829036217,0.01865563976415873,0.30068577911330335,0.28186905593474615,0.31843410987249726,0.3421836950112172,0.009219116056871313,0.34263842272449796,0.3331489612754833,0.3512184287469511,139.57943948268934,2.6880717506298892,139.98977863682506,136.94512916707205,142.21374979830662,17.82807037875935,0.6937252415744718,17.99805500216857,17.148219642016368,18.50792111550233,0.11504120841105088,0.002888972017329735,0.11418249680054421,0.11221001583406774,0.11787240098803402,0.11504120841105088,0.002888972017329735,0.11418249680054421,0.11221001583406774,0.11787240098803402,0.35977272727272724,0.018081160766268502,0.35818181818181816,0.3420531897217841,0.3774922648236704,0.05,0.0,0.05,0.05,0.05,0.48306446438778133,0.05020558084520947,0.472996027887782,0.4338629951594761,0.5322659336160867
default,0.05,low,slow,small,0.6939905574231502,0.000921860233478068,0.6939998203422086,0.6930871343943417,0.6948939804519587,0.2504190206169546,0.0004588363217237459,0.2504233629230087,0.2499693610216653,0.25086868021224384,364.7592716453257,9.846391889254333,362.4391575534802,355.1098075938565,374.40873569679496,468.86803337200007,6.740674428232417,467.16562187704733,462.2621724323323,475.47389431166783,0.12017753462911898,0.0007602121618072597,0.12028148987436416,0.11943252671054787,0.1209225425476901,0.13757468461996628,0.004305041106123963,0.13905332628449224,0.13335574433596478,0.14179362490396777,4.871303737677601,0.4353260884672963,4.892980145073887,4.4446841709796505,5.297923304375551,0.0636363636363636,0.0023800867871378354,0.06407828282828279,0.061303878584968524,0.06596884868775868,1812.987391688554,182.13949541099947,1816.7674699424585,1634.4906861857744,1991.4840971913336,6.070770202020201,0.05313776789599213,6.068560606060606,6.018695189482129,6.122845214558273,1.4113636363636366,0.037390795997736676,1.4181818181818182,1.3747206562858547,1.4480066164414185,0.48522727272727273,0.016801793817390227,0.4845454545454545,0.4687615147862303,0.5016930306683152,0.4491803221288515,0.10788856468231743,0.4863333333333334,0.3434495287401804,0.5549111155175226,0.6075855248178506,0.04558886172223047,0.6040599385245902,0.5629084403300647,0.6522626093056364,1.8299999999999998,0.22877563683884522,1.789090909090909,1.6057998758979315,2.054200124102068,0.42822727272727273,0.0157379539836755,0.42672727272727273,0.4128040778232707,0.44365046763127475,0.3132398567064091,0.02057770729720716,0.3151499103073183,0.29307370355514606,0.3334060098576721,0.34619916069691153,0.021536440892279546,0.3522762517726844,0.3250934486224776,0.3673048727713455,139.75824416430262,3.0049111256652004,140.05303687673273,136.81343126115073,142.70305706745452,17.153065123137907,0.5546283603264798,17.192010784797375,16.609529330017956,17.696600916257857,0.11524365201596153,0.0016504336755965867,0.11546477896186755,0.11362622701387687,0.11686107701804618,0.11524365201596153,0.0016504336755965867,0.11546477896186755,0.11362622701387687,0.11686107701804618,0.3336363636363636,0.018227216050693978,0.3277272727272727,0.31577369190668353,0.3514990353660437,0.05,0.0,0.05,0.05,0.05,0.4835360835516631,0.04548990381944306,0.4913187262697992,0.4389559778086089,0.5281161892947173
default,0.1,high,fast,large,0.6937223916778172,0.0018611667708067832,0.6933838754664918,0.6918984482424266,0.6955463351132078,0.25028226491979527,0.0009262992735309966,0.25011118325814,0.2493744916317349,0.2511900382078556,398.5311195870974,5.630836389770194,399.52448842271065,393.0128999251226,404.0493392490722,516.2308257146738,8.966942266660558,517.9516517928039,507.4432222933464,525.0184291360011,0.12506023784745537,0.0014657886144567643,0.1252395028172431,0.12362376500528774,0.126496710689623,0.14070118748777524,0.0029066866992912537,0.1408316402145266,0.13785263452246982,0.14354974045308067,10.661537497990164,0.47610111071462596,10.80889242391888,10.19495840948983,11.128116586490497,0.07275883838383831,0.0015681492864108879,0.07253787878787875,0.07122205208315564,0.07429562468452099,7186.0692590686085,382.83167424913984,7218.740724270522,6810.894218304452,7561.244299832765,5.862058080808081,0.09371950637178302,5.871717171717172,5.770212964563734,5.953903197052429,1.5068181818181818,0.07727272727272727,1.5454545454545454,1.4310909090909092,1.5825454545454545,0.5663636363636363,0.073003264201144,0.575,0.49482043744651516,0.6379068352807574,0.5596102923606133,0.14904105150674252,0.5764716669723089,0.41355006188400567,0.705670522837221,0.5775595671901004,0.09242485749191291,0.5812257917521075,0.4869832068480257,0.668135927532175,2.3525,0.036298236644099736,2.356818181818182,2.3169277280887823,2.3880722719112177,0.3675454545454545,0.024561498684543923,0.37027272727272725,0.34347518583460146,0.39161572325630756,0.3125459696841142,0.00908645134932941,0.30984755364773225,0.3036412473617714,0.321450692006457,0.35090525815865997,0.015102265676064151,0.34880756944886704,0.3361050377961171,0.36570547852120283,153.5985723325528,3.8794101896774014,152.98640547789142,149.79675034666894,157.40039431843667,9.924902955168765,0.28674653837451225,9.909663956476866,9.643891347561743,10.205914562775787,0.11105739687884585,0.00696040867146206,0.11210271818749454,0.10423619638081302,0.11787859737687867,0.11105739687884585,0.00696040867146206,0.11210271818749454,0.10423619638081302,0.11787859737687867,0.38227272727272726,0.011022141502711014,0.38590909090909087,0.3714710286000705,0.39307442594538405,0.1,0.0,0.1,0.1,0.1,0.6033524312664525,0.04371175057316349,0.6002199221162683,0.5605149157047523,0.6461899468281528
default,0.1,high,fast,small,0.6921663418712103,0.0013142454897347151,0.6924736582198272,0.6908783812912702,0.6934543024511504,0.2495116886060626,0.0006543775473177908,0.24966630850152954,0.24887039860969115,0.250152978602434,398.4375535903982,5.137673735027692,399.5707418531114,393.40263333007107,403.4724738507253,515.4959687534621,8.741614361171866,517.0763229610561,506.92918667951363,524.0627508274105,0.123574306295378,0.0006660061680865662,0.1236589933046047,0.12292162025065316,0.12422699234010283,0.14351330457771724,0.005154594421024664,0.14284761732784185,0.13846180204511307,0.1485648071103214,5.470965221015594,0.48250005589030415,5.524507489787891,4.998115166243096,5.943815275788092,0.06603535353535347,0.004209175063133408,0.06590909090909085,0.061910361973482736,0.07016034509722421,1811.9443011153014,49.40813381840019,1830.6781133238633,1763.5243299732692,1860.3642722573336,5.955618686868687,0.08887989102569038,5.974747474747474,5.86851639366351,6.042720980073863,1.5681818181818181,0.06007341697454248,1.5636363636363635,1.5093098695467666,1.6270537668168696,0.6077272727272727,0.06649219594217146,0.5772727272727273,0.5425649207039447,0.6728896247506007,0.5081921197082487,0.13710785302239042,0.5100322580645161,0.37382642374630615,0.6425578156701913,0.628035885921909,0.07137936344991055,0.6415470494417863,0.5580841097409966,0.6979876621028213,2.0715909090909097,0.10085959747195027,2.083636363636364,1.9727485035683985,2.170433314613421,0.3940909090909091,0.02809811616872926,0.39959090909090905,0.3665547552455544,0.4216270629362638,0.32427767506626437,0.016996641307859123,0.3247008408447808,0.30762096658456245,0.3409343835479663,0.3639245807923322,0.011930124359035755,0.36420897899342575,0.3522330589204772,0.3756161026641872,153.6627026318136,3.9328091873577247,152.95202148922866,149.80854962820302,157.51685563542418,10.090831403193603,0.1764073579933225,10.071777560597958,9.917952192360147,10.263710614027058,0.1164721708225068,0.005957019488336492,0.11507255045311955,0.11063429172393703,0.12231004992107657,0.1164721708225068,0.005957019488336492,0.11507255045311955,0.11063429172393703,0.12231004992107657,0.38772727272727275,0.017837651700316873,0.39,0.3702463740609622,0.4052081713935833,0.1,0.0,0.1,0.1,0.1,0.6215544761644426,0.09471101613977424,0.581259607411367,0.5287376803474638,0.7143712719814214
default,0.1,high,slow,large,0.6937223916778172,0.0018611667708067832,0.6933838754664918,0.6918984482424266,0.6955463351132078,0.25028226491979527,0.0009262992735309966,0.25011118325814,0.2493744916317349,0.2511900382078556,398.5311195870974,5.630836389770194,399.52448842271065,393.0128999251226,404.0493392490722,516.2308257146738,8.966942266660558,517.9516517928039,507.4432222933464,525.0184291360011,0.12506023784745537,0.0014657886144567643,0.1252395028172431,0.12362376500528774,0.126496710689623,0.14070118748777524,0.0029066866992912537,0.1408316402145266,0.13785263452246982,0.14354974045308067,10.661537497990164,0.47610111071462596,10.80889242391888,10.19495840948983,11.128116586490497,0.07275883838383831,0.0015681492864108879,0.07253787878787875,0.07122205208315564,0.07429562468452099,7186.0692590686085,382.83167424913984,7218.740724270522,6810.894218304452,7561.244299832765,5.862058080808081,0.09371950637178302,5.871717171717172,5.770212964563734,5.953903197052429,1.5068181818181818,0.07727272727272727,1.5454545454545454,1.4310909090909092,1.5825454545454545,0.5663636363636363,0.073003264201144,0.575,0.49482043744651516,0.6379068352807574,0.5596102923606133,0.14904105150674252,0.5764716669723089,0.41355006188400567,0.705670522837221,0.5775595671901004,0.09242485749191291,0.5812257917521075,0.4869832068480257,0.668135927532175,2.3525,0.036298236644099736,2.356818181818182,2.3169277280887823,2.3880722719112177,0.3675454545454545,0.024561498684543923,0.37027272727272725,0.34347518583460146,0.39161572325630756,0.3125459696841142,0.00908645134932941,0.30984755364773225,0.3036412473617714,0.321450692006457,0.35090525815865997,0.015102265676064151,0.34880756944886704,0.3361050377961171,0.36570547852120283,150.4061006154215,3.8277366368496124,149.87432340841238,146.65491871130888,154.15728251953414,19.135206102634076,0.5885052041434145,19.07835605009813,18.55847100257353,19.71194120269462,0.12477546420524166,0.007273266925727138,0.1262551202000608,0.11764766261802906,0.13190326579245426,0.12477546420524166,0.007273266925727138,0.1262551202000608,0.11764766261802906,0.13190326579245426,0.38227272727272726,0.011022141502711014,0.38590909090909087,0.3714710286000705,0.39307442594538405,0.1,0.0,0.1,0.1,0.1,0.6033524312664525,0.04371175057316349,0.6002199221162683,0.5605149157047523,0.6461899468281528
default,0.1,high,slow,small,0.6921663418712103,0.0013142454897347151,0.6924736582198272,0.6908783812912702,0.6934543024511504,0.2495116886060626,0.0006543775473177908,0.24966630850152954,0.24887039860969115,0.250152978602434,398.4375535903982,5.137673735027692,399.5707418531114,393.40263333007107,403.4724738507253,515.4959687534621,8.741614361171866,517.0763229610561,506.92918667951363,524.0627508274105,0.123574306295378,0.0006660061680865662,0.1236589933046047,0.12292162025065316,0.12422699234010283,0.14351330457771724,0.005154594421024664,0.14284761732784185,0.13846180204511307,0.1485648071103214,5.470965221015594,0.48250005589030415,5.524507489787891,4.998115166243096,5.943815275788092,0.06603535353535347,0.004209175063133408,0.06590909090909085,0.061910361973482736,0.07016034509722421,1811.9443011153014,49.40813381840019,1830.6781133238633,1763.5243299732692,1860.3642722573336,5.955618686868687,0.08887989102569038,5.974747474747474,5.86851639366351,6.042720980073863,1.5681818181818181,0.06007341697454248,1.5636363636363635,1.5093098695467666,1.6270537668168696,0.6077272727272727,0.06649219594217146,0.5772727272727273,0.5425649207039447,0.6728896247506007,0.5081921197082487,0.13710785302239042,0.5100322580645161,0.37382642374630615,0.6425578156701913,0.628035885921909,0.07137936344991055,0.6415470494417863,0.5580841097409966,0.6979876621028213,2.0715909090909097,0.10085959747195027,2.083636363636364,1.9727485035683985,2.170433314613421,0.3940909090909091,0.02809811616872926,0.39959090909090905,0.3665547552455544,0.4216270629362638,0.32427767506626437,0.016996641307859123,0.3247008408447808,0.30762096658456245,0.3409343835479663,0.3639245807923322,0.011930124359035755,0.36420897899342575,0.3522330589204772,0.3756161026641872,150.50674001821275,4.169529203950087,149.71185002988653,146.42060139834166,154.59287863808385,19.305185612222957,0.3014224679066866,19.382768640182338,19.009791593674404,19.60057963077151,0.13019642181118435,0.005716499486151587,0.1285885575906033,0.1245942523147558,0.1357985913076129,0.13019642181118435,0.005716499486151587,0.1285885575906033,0.1245942523147558,0.1357985913076129,0.38772727272727275,0.017837651700316873,0.39,0.3702463740609622,0.4052081713935833,0.1,0.0,0.1,0.1,0.1,0.6215544761644426,0.09471101613977424,0.581259607411367,0.5287376803474638,0.7143712719814214
default,0.1,low,fast,large,0.6972334571859543,0.0005795628964435189,0.697469063870702,0.6966654855474397,0.6978014288244689,0.2520339882509691,0.0002868361880376271,0.25214724988678905,0.2517528887866922,0.252315087715246,399.6713597200288,5.811882605874903,400.513626850895,393.97571476627144,405.3670046737862,516.4809822471743,8.889126245824478,517.7834718943179,507.76963852626636,525.1923259680823,0.12283585154885658,0.0007224558674053722,0.12301945009726445,0.12212784479879932,0.12354385829891384,0.14108385149509314,0.004882100846855171,0.1387939450542503,0.13629939266517507,0.1458683103250112,10.609026128557762,0.6956035701369507,10.383090059172368,9.92733462982355,11.290717627291974,0.06865530303030302,0.00402112271194299,0.0691919191919192,0.0647146027725989,0.07259600328800715,6779.799398878783,468.63083554821725,6687.972326994341,6320.54118004153,7239.057617716036,5.795896464646464,0.04362399623267101,5.794065656565657,5.753144948338447,5.838647980954482,1.4863636363636363,0.05961307749365449,1.4772727272727273,1.427942820419855,1.5447844523074177,0.5018181818181818,0.0691984808508548,0.4995454545454545,0.43400367058434414,0.5696326930520195,0.48551358928815663,0.10598763003807336,0.46329051076770306,0.3816457118508447,0.5893814667254685,0.5632528416163829,0.08872974746546602,0.5437989163154726,0.4762976891002262,0.6502079941325396,2.354090909090909,0.0689052529514081,2.326363636363636,2.286563761198529,2.421618056983289,0.3464318181818181,0.012659641737648764,0.3441363636363636,0.33402536927892235,0.3588382670847139,0.3254087754535015,0.014124826255416086,0.32307017462604837,0.31156644572319375,0.33925110518380924,0.36045944260525575,0.011889362720173513,0.35770809875200626,0.3488078671394857,0.3721110180710258,153.57090521741736,3.6363022817076436,153.10837813542753,150.00732898134387,157.13448145349085,9.392804314319864,0.5126778004839688,9.350839718055788,8.890380069845575,9.895228558794154,0.10438269011135637,0.005418766157192789,0.1046723951334408,0.09907229927730743,0.10969308094540531,0.10438269011135637,0.005418766157192789,0.1046723951334408,0.09907229927730743,0.10969308094540531,0.3534090909090909,0.01738203055531473,0.3518181818181818,0.3363747009648825,0.3704434808532993,0.1,0.0,0.1,0.1,0.1,0.5673071135153401,0.04730147448117557,0.5603042342247155,0.520951668523788,0.6136625585068922
default,0.1,low,fast,small,0.6923266491456171,0.00018540097975708837,0.692352121442358,0.6921449561854552,0.692508342105779,0.2495926774192505,9.150868559044938e-05,0.249604601640942,0.24950299890737188,0.24968235593112914,400.0129365261194,6.253151595658255,400.0241402692009,393.8848479623743,406.1410250898645,516.54573371318,8.765429206448651,517.0216693002969,507.9556130908603,525.1358543354996,0.1204725981029727,0.0006209708166660553,0.1204281449636885,0.11986404670263996,0.12108114950330544,0.14507976444767492,0.004271101990922189,0.1459126898219874,0.14089408449657118,0.14926544439877867,5.514462421295211,0.5527937831732966,5.474693937936669,4.972724513785381,6.056200328805041,0.06300505050505045,0.0019668891322471207,0.062373737373737345,0.06107749915544827,0.06493260185465263,1668.8188888081763,237.2856606947844,1697.4267447045781,1436.2789413272876,1901.358836289065,5.904608585858585,0.054542093284013785,5.91060606060606,5.851157334440252,5.9580598372769185,1.5477272727272728,0.05671202203700875,1.559090909090909,1.4921494911310043,1.6033050543235414,0.53,0.030532464770448516,0.5427272727272727,0.5000781845249604,0.5599218154750396,0.30458196038271934,0.05831689407663085,0.2976296296296296,0.2474314041876211,0.3617325165778176,0.5518929774768045,0.08806065678684727,0.5373699148533586,0.46559353382569424,0.6381924211279149,2.1270454545454545,0.08867054507974056,2.0977272727272727,2.0401483203673085,2.2139425887236004,0.3797272727272727,0.013758042976981662,0.37836363636363635,0.36624439060983066,0.3932101548447147,0.3229866891291428,0.008621805786627836,0.32327312943403985,0.31453731945824753,0.33143605880003807,0.3580557258702266,0.012282567071334738,0.35545986966791976,0.34601881014031854,0.37009264160013466,154.09990962788248,3.7479384914838234,153.54339014207252,150.42692990622834,157.77288934953663,8.88054690737362,0.22104684699925636,8.913826903546735,8.66392099731435,9.097172817432892,0.10745809756558761,0.0019978871333814338,0.10823804311501865,0.1055001681748738,0.10941602695630141,0.10745809756558761,0.0019978871333814338,0.10823804311501865,0.1055001681748738,0.10941602695630141,0.34068181818181814,0.02389572157608711,0.3413636363636363,0.31726401103725277,0.3640996253263835,0.1,0.0,0.1,0.1,0.1,0.5170303818173413,0.02615622039817753,0.5257510875380439,0.49139728582712733,0.5426634778075553
default,0.1,low,slow,large,0.6972334571859543,0.0005795628964435189,0.697469063870702,0.6966654855474397,0.6978014288244689,0.2520339882509691,0.0002868361880376271,0.25214724988678905,0.2517528887866922,0.252315087715246,399.6713597200288,5.811882605874903,400.513626850895,393.97571476627144,405.3670046737862,516.4809822471743,8.889126245824478,517.7834718943179,507.76963852626636,525.1923259680823,0.12283585154885658,0.0007224558674053722,0.12301945009726445,0.12212784479879932,0.12354385829891384,0.14108385149509314,0.004882100846855171,0.1387939450542503,0.13629939266517507,0.1458683103250112,10.609026128557762,0.6956035701369507,10.383090059172368,9.92733462982355,11.290717627291974,0.06865530303030302,0.00402112271194299,0.0691919191919192,0.0647146027725989,0.07259600328800715,6779.799398878783,468.63083554821725,6687.972326994341,6320.54118004153,7239.057617716036,5.795896464646464,0.04362399623267101,5.794065656565657,5.753144948338447,5.838647980954482,1.4863636363636363,0.05961307749365449,1.4772727272727273,1.427942820419855,1.5447844523074177,0.5018181818181818,0.0691984808508548,0.4995454545454545,0.43400367058434414,0.5696326930520195,0.48551358928815663,0.10598763003807336,0.46329051076770306,0.3816457118508447,0.5893814667254685,0.5632528416163829,0.08872974746546602,0.5437989163154726,0.4762976891002262,0.6502079941325396,2.354090909090909,0.0689052529514081,2.326363636363636,2.286563761198529,2.421618056983289,0.3464318181818181,0.012659641737648764,0.3441363636363636,0.33402536927892235,0.3588382670847139,0.3254087754535015,0.014124826255416086,0.32307017462604837,0.31156644572319375,0.33925110518380924,0.36045944260525575,0.011889362720173513,0.35770809875200626,0.3488078671394857,0.3721110180710258,150.53395322088343,3.753733735512383,150.05768828659478,146.85529416008129,154.21261228168558,18.12187092309836,0.8838386751467171,18.1594202973463,17.255709021454578,18.98803282474214,0.11745527989723166,0.005279834653524517,0.11819266972824005,0.11228104193677763,0.1226295178576857,0.11745527989723166,0.005279834653524517,0.11819266972824005,0.11228104193677763,0.1226295178576857,0.3534090909090909,0.01738203055531473,0.3518181818181818,0.3363747009648825,0.3704434808532993,0.1,0.0,0.1,0.1,0.1,0.5673071135153401,0.04730147448117557,0.5603042342247155,0.520951668523788,0.6136625585068922
default,0.1,low,slow,small,0.6923266491456171,0.00018540097975708837,0.692352121442358,0.6921449561854552,0.692508342105779,0.2495926774192505,9.150868559044938e-05,0.249604601640942,0.24950299890737188,0.24968235593112914,400.0129365261194,6.253151595658255,400.0241402692009,393.8848479623743,406.1410250898645,516.54573371318,8.765429206448651,517.0216693002969,507.9556130908603,525.1358543354996,0.1204725981029727,0.0006209708166660553,0.1204281449636885,0.11986404670263996,0.12108114950330544,0.14507976444767492,0.004271101990922189,0.1459126898219874,0.14089408449657118,0.14926544439877867,5.514462421295211,0.5527937831732966,5.474693937936669,4.972724513785381,6.056200328805041,0.06300505050505045,0.0019668891322471207,0.062373737373737345,0.06107749915544827,0.06493260185465263,1668.8188888081763,237.2856606947844,1697.4267447045781,1436.2789413272876,1901.358836289065,5.904608585858585,0.054542093284013785,5.91060606060606,5.851157334440252,5.9580598372769185,1.5477272727272728,0.05671202203700875,1.559090909090909,1.4921494911310043,1.6033050543235414,0.53,0.030532464770448516,0.5427272727272727,0.5000781845249604,0.5599218154750396,0.30458196038271934,0.05831689407663085,0.2976296296296296,0.2474314041876211,0.3617325165778176,0.5518929774768045,0.08806065678684727,0.5373699148533586,0.46559353382569424,0.6381924211279149,2.1270454545454545,0.08867054507974056,2.0977272727272727,2.0401483203673085,2.2139425887236004,0.3797272727272727,0.013758042976981662,0.37836363636363635,0.36624439060983066,0.3932101548447147,0.3229866891291428,0.008621805786627836,0.32327312943403985,0.31453731945824753,0.33143605880003807,0.3580557258702266,0.012282567071334738,0.35545986966791976,0.34601881014031854,0.37009264160013466,150.8974049894443,3.837456171972895,150.3591171651965,147.13669794091086,154.65811203797776,17.188437179717965,0.3092701641101527,17.119277159146712,16.885352418890015,17.491521940545915,0.1199012345515974,0.0016963492692244763,0.1205229855060548,0.11823881226775741,0.12156365683543739,0.1199012345515974,0.0016963492692244763,0.1205229855060548,0.11823881226775741,0.12156365683543739,0.34068181818181814,0.02389572157608711,0.3413636363636363,0.31726401103725277,0.3640996253263835,0.1,0.0,0.1,0.1,0.1,0.5170303818173413,0.02615622039817753,0.5257510875380439,0.49139728582712733,0.5426634778075553
subgroup_heavy,0.0,high,fast,large,0.692927428879153,0.001899368829754037,0.6931804965546271,0.6910660474259941,0.694788810332312,0.2498901268931612,0.0009414329153739514,0.25001491441534773,0.24896752263609473,0.2508127311502277,329.4011644855975,2.5700792395987007,328.5713685823974,326.8824868307908,331.9198421404042,412.6045397967148,4.166398626766774,413.8004431765181,408.52146914248334,416.68761045094624,0.12578058989510296,0.0010578728565528326,0.12596642899941768,0.12474387449568118,0.12681730529452473,0.12264449450863454,0.0027834190498393445,0.12199360380361945,0.11991674383979199,0.1253722451774771,7.842237326546243,0.5495110665975621,7.851438485416326,7.303716481280633,8.380758171811854,0.07165404040404039,0.004170491051745915,0.07253787878787875,0.06756695917332939,0.07574112163475138,3166.4079396519346,178.42842818228817,3100.4112865348975,2991.548080033292,3341.267799270577,5.897979797979798,0.03833562894871104,5.90239898989899,5.860410881610061,5.935548714349535,1.2454545454545454,0.07925270806437582,1.2090909090909092,1.167786891551457,1.3231221993576336,0.4029545454545454,0.047663738375444985,0.39909090909090905,0.35624408184660933,0.44966500906248147,0.6578004199067191,0.12656906575814333,0.680331479544078,0.5337627354637386,0.7818381043496996,0.5913973553141584,0.12711678299123952,0.5870751285588862,0.4668229079827437,0.7159718026455731,0.0,0.0,0.0,0.0,0.0,0.3781363636363636,0.011855535374172839,0.3811363636363636,0.3665179389696742,0.389754788303053,0.27951436056706713,0.01187455915463184,0.2769399136737945,0.26787729259552795,0.2911514285386063,0.3174904186573005,0.006994452985869539,0.31803474547221366,0.31063585473114835,0.3243449825834526,128.98288587250192,2.4799903312022664,129.76884292688317,126.55249534792371,131.41327639708015,10.382872114210368,0.12875058937981607,10.424576855504325,10.256696536618149,10.509047691802587,0.09638353445538168,0.004187037643376933,0.09564011326751615,0.09228023756487229,0.10048683134589108,0.09638353445538168,0.004187037643376933,0.09564011326751615,0.09228023756487229,0.10048683134589108,0.39681818181818174,0.01578959450922789,0.3931818181818182,0.3813443791991384,0.4122919844372251,0.0,0.0,0.0,0.0,0.0,0.3168845041059149,0.043456827389635855,0.3188235843916557,0.27429681326407174,0.35947219494775806
subgroup_heavy,0.0,high,fast,small,0.6935335657681057,0.001646153399131677,0.6936650895633774,0.6919203354369566,0.6951467960992547,0.25018594304776653,0.0008219591046208422,0.25024517231129256,0.24938042312523812,0.25099146297029495,327.59015315756653,4.48774482951298,326.5910485661216,323.1921632246438,331.98814309048925,410.8801035999728,5.102334546688096,411.98652270031783,405.8798157442185,415.88039145572714,0.12463872052713659,0.0012818209484589537,0.12453618590800139,0.12338253599764681,0.12589490505662637,0.12293856092285801,0.0045872151228443445,0.1245004396717243,0.11844309010247056,0.12743403174324547,5.299683461014484,0.1588628316876263,5.291852298526754,5.14399788596061,5.455369036068358,0.06638257575757572,0.002714646464646472,0.0654671717171717,0.06372222222222218,0.06904292929292927,910.8581015824046,203.4844730520638,919.7944306908939,711.4433179913822,1110.272885173427,5.947790404040403,0.04087913803482195,5.943434343434343,5.907728848766277,5.987851959314529,1.275,0.0776284148936333,1.2999999999999998,1.1989241534042392,1.3510758465957606,0.3799999999999999,0.03735762688530119,0.3909090909090909,0.3433895256524047,0.41661047434759507,0.6709854178897985,0.22617052999332662,0.6705842391304349,0.4493382984963384,0.8926325372832586,0.5656068238985377,0.08604738266573368,0.551747078560685,0.4812803888861187,0.6499332589109567,0.0,0.0,0.0,0.0,0.0,0.3927727272727273,0.013878754796837632,0.3913181818181818,0.3791715475718264,0.40637390697362813,0.2741890571346403,0.007366595152425416,0.2748118002147907,0.26696979388526343,0.2814083203840172,0.31279291574481727,0.009603380493979123,0.31399874274089895,0.30338160286071775,0.3222042286289168,129.1115549836505,2.525154364269882,129.78461139992658,126.63690370666602,131.58620626063498,10.334676486116503,0.2227544949311411,10.340756033675262,10.116377081083986,10.552975891149021,0.09551222701642358,0.00487322123696611,0.09705097681340435,0.09073647020419678,0.10028798382865037,0.09551222701642358,0.00487322123696611,0.09705097681340435,0.09073647020419678,0.10028798382865037,0.37613636363636366,0.003588702812826368,0.37681818181818183,0.3726194348797938,0.3796532923929335,0.0,0.0,0.0,0.0,0.0,0.28696631630651204,0.09506285732198974,0.29048371615443264,0.1938047161309621,0.380127916482062
subgroup_heavy,0.0,high,slow,large,0.692927428879153,0.001899368829754037,0.6931804965546271,0.6910660474259941,0.694788810332312,0.2498901268931612,0.0009414329153739514,0.25001491441534773,0.24896752263609473,0.2508127311502277,329.4011644855975,2.5700792395987007,328.5713685823974,326.8824868307908,331.9198421404042,412.6045397967148,4.166398626766774,413.8004431765181,408.52146914248334,416.68761045094624,0.12578058989510296,0.0010578728565528326,0.12596642899941768,0.12474387449568118,0.12681730529452473,0.12264449450863454,0.0027834190498393445,0.12199360380361945,0.11991674383979199,0.1253722451774771,7.842237326546243,0.5495110665975621,7.851438485416326,7.303716481280633,8.380758171811854,0.07165404040404039,0.004170491051745915,0.07253787878787875,0.06756695917332939,0.07574112163475138,3166.4079396519346,178.42842818228817,3100.4112865348975,2991.548080033292,3341.267799270577,5.897979797979798,0.03833562894871104,5.90239898989899,5.860410881610061,5.935548714349535,1.2454545454545454,0.07925270806437582,1.2090909090909092,1.167786891551457,1.3231221993576336,0.4029545454545454,0.047663738375444985,0.39909090909090905,0.35624408184660933,0.44966500906248147,0.6578004199067191,0.12656906575814333,0.680331479544078,0.5337627354637386,0.7818381043496996,0.5913973553141584,0.12711678299123952,0.5870751285588862,0.4668229079827437,0.7159718026455731,0.0,0.0,0.0,0.0,0.0,0.3781363636363636,0.011855535374172839,0.3811363636363636,0.3665179389696742,0.389754788303053,0.27951436056706713,0.01187455915463184,0.2769399136737945,0.26787729259552795,0.2911514285386063,0.3174904186573005,0.006994452985869539,0.31803474547221366,0.31063585473114835,0.3243449825834526,125.33365922468485,2.771029865367122,126.16016345760508,122.61804995662507,128.04926849274463,18.97344069342781,0.2731560081217889,19.068179065225298,18.70574780546846,19.241133581387164,0.1092624748064043,0.004041723312708801,0.10862537703738501,0.10530158595994968,0.11322336365285893,0.1092624748064043,0.004041723312708801,0.10862537703738501,0.10530158595994968,0.11322336365285893,0.39681818181818174,0.01578959450922789,0.3931818181818182,0.3813443791991384,0.4122919844372251,0.0,0.0,0.0,0.0,0.0,0.3168845041059149,0.043456827389635855,0.3188235843916557,0.27429681326407174,0.35947219494775806
subgroup_heavy,0.0,high,slow,small,0.6935335657681057,0.001646153399131677,0.6936650895633774,0.6919203354369566,0.6951467960992547,0.25018594304776653,0.0008219591046208422,0.25024517231129256,0.24938042312523812,0.25099146297029495,327.59015315756653,4.48774482951298,326.5910485661216,323.1921632246438,331.98814309048925,410.8801035999728,5.102334546688096,411.98652270031783,405.8798157442185,415.88039145572714,0.12463872052713659,0.0012818209484589537,0.12453618590800139,0.12338253599764681,0.12589490505662637,0.12293856092285801,0.0045872151228443445,0.1245004396717243,0.11844309010247056,0.12743403174324547,5.299683461014484,0.1588628316876263,5.291852298526754,5.14399788596061,5.455369036068358,0.06638257575757572,0.002714646464646472,0.0654671717171717,0.06372222222222218,0.06904292929292927,910.8581015824046,203.4844730520638,919.7944306908939,711.4433179913822,1110.272885173427,5.947790404040403,0.04087913803482195,5.943434343434343,5.907728848766277,5.987851959314529,1.275,0.0776284148936333,1.2999999999999998,1.1989241534042392,1.3510758465957606,0.3799999999999999,0.03735762688530119,0.3909090909090909,0.3433895256524047,0.41661047434759507,0.6709854178897985,0.22617052999332662,0.6705842391304349,0.4493382984963384,0.8926325372832586,0.5656068238985377,0.08604738266573368,0.551747078560685,0.4812803888861187,0.6499332589109567,0.0,0.0,0.0,0.0,0.0,0.3927727272727273,0.013878754796837632,0.3913181818181818,0.3791715475718264,0.40637390697362813,0.2741890571346403,0.007366595152425416,0.2748118002147907,0.26696979388526343,0.2814083203840172,0.31279291574481727,0.009603380493979123,0.31399874274089895,0.30338160286071775,0.3222042286289168,125.41192255186391,2.4596894593131267,125.95304448585085,123.00142688173705,127.82241822199077,19.076307265796324,0.24692163750642562,19.144776909928275,18.834324061040025,19.318290470552622,0.10861719643854648,0.005016142954381939,0.1100410787764146,0.10370137634325217,0.11353301653384078,0.10861719643854648,0.005016142954381939,0.1100410787764146,0.10370137634325217,0.11353301653384078,0.37613636363636366,0.003588702812826368,0.37681818181818183,0.3726194348797938,0.3796532923929335,0.0,0.0,0.0,0.0,0.0,0.28696631630651204,0.09506285732198974,0.29048371615443264,0.1938047161309621,0.380127916482062
subgroup_heavy,0.0,low,fast,large,0.695187679548297,0.0027905194380262034,0.6948829854652177,0.6924529704990313,0.6979223885975626,0.2510191317210097,0.001393001788040816,0.25086651381007713,0.2496539899687297,0.2523842734732897,327.5576854755482,4.746759572821828,326.2962532743102,322.90586109418285,332.2095098569136,410.95131427852124,3.8207601146572525,410.50097921755093,407.2069693661571,414.69565919088535,0.1227482125212967,0.0005505358813849319,0.1226869574589455,0.12220868735753947,0.12328773768505392,0.12258048188428113,0.00861452225693933,0.1220834463225983,0.11413825007248059,0.13102271369608168,7.73125422746103,0.6072943298563196,7.556567280645729,7.136105784201837,8.326402670720224,0.06710858585858583,0.004376902028474841,0.0690025252525252,0.06281922187068048,0.07139794984649117,2850.0548672375708,308.88081642763825,2867.954437326896,2547.351667138485,3152.7580673366565,5.855934343434344,0.056820800538230846,5.8455808080808085,5.8002499589068774,5.91161872796181,1.2159090909090908,0.1636994827760828,1.15,1.0554835977885297,1.376334584029652,0.3725,0.06818131312944255,0.3409090909090909,0.3056823131331463,0.4393176868668537,0.5250577608665844,0.11717934834772867,0.48426470588235293,0.4102219994858103,0.6398935222473585,0.599612148407346,0.1015870861805367,0.577883327243941,0.5000568039504201,0.6991674928642719,0.0,0.0,0.0,0.0,0.0,0.3648409090909091,0.012044310980593482,0.3598181818181818,0.3530374843299275,0.3766443338518907,0.2791807768299837,0.015283285580231553,0.27939179722665003,0.26420315696135677,0.29415839669861066,0.32325702535347073,0.016072435912570553,0.3291840567916664,0.30750603815915156,0.3390080125477899,129.1215529858892,2.841225257765525,129.6141985676262,126.33715223327899,131.90595373849942,9.466669632022965,0.14538708888593022,9.470426292952293,9.324190284914753,9.609148979131177,0.09060057165776818,0.007814201549344387,0.08691694063685601,0.08294265413941068,0.09825848917612567,0.09060057165776818,0.007814201549344387,0.08691694063685601,0.08294265413941068,0.09825848917612567,0.3545454545454545,0.015011474032122255,0.3563636363636363,0.3398342099939747,0.3692566990969343,0.0,0.0,0.0,0.0,0.0,0.2600186557286593,0.10666898938985446,0.24218463821571834,0.1554830461266019,0.36455426533071666
subgroup_heavy,0.0,low,fast,small,0.6916808531567173,0.0013228825735866793,0.6919908971794879,0.6903844282346024,0.6929772780788322,0.24927642350506302,0.0006540953055881253,0.249426381178891,0.24863541010558665,0.24991743690453938,326.752196493883,3.9250646685089725,325.8980582615493,322.9056331187442,330.59875986902176,409.74644448450863,4.335985502209271,410.086438277168,405.49717869234354,413.9957102766737,0.1214983085538913,0.0005758323914691904,0.1217438641856666,0.12093399281025148,0.1220626242975311,0.12698094304506843,0.003602593348523636,0.12657348504255822,0.12345040156351528,0.1305114845266216,5.196973321130591,0.642501017137827,5.206267129545086,4.567322324335521,5.826624317925662,0.06272095959595952,0.004987373737373718,0.0638257575757575,0.05783333333333328,0.06760858585858577,937.9275994216417,242.84888466810384,865.249216437843,699.9356924469,1175.9195063963834,5.91060606060606,0.051404449616714094,5.896212121212121,5.86022969998168,5.96098242123044,1.3068181818181817,0.05162643950727516,1.3045454545454547,1.256224271101052,1.3574120925353113,0.42477272727272725,0.038757386215093156,0.4313636363636363,0.38679048878193595,0.46275496576351854,0.4692347253842834,0.13428491215666555,0.41890838206627673,0.33763551147075116,0.6008339392978157,0.6908099075617147,0.0680460486607271,0.6796066252587991,0.6241247798742021,0.7574950352492272,0.0,0.0,0.0,0.0,0.0,0.383340909090909,0.016550844110538598,0.3765909090909091,0.3671210818625812,0.39956073631923683,0.2830809007034888,0.012066041366127232,0.2798142970846173,0.2712561801646841,0.29490562124229347,0.32782346381219607,0.012911627123080362,0.3281330598707256,0.3151700692315773,0.34047685839281483,129.49341138405677,2.6313473109180183,130.1614170433722,126.91469101935711,132.07213174875642,9.759750889859482,0.4439465039434201,9.664544148659473,9.32468331599493,10.194818463724035,0.09712151344711834,0.0024718635378538933,0.09688128381483595,0.09469908718002151,0.09954393971421516,0.09712151344711834,0.0024718635378538933,0.09688128381483595,0.09469908718002151,0.09954393971421516,0.3584090909090909,0.020032686787969867,0.3522727272727273,0.33877705785688045,0.37804112396130135,0.0,0.0,0.0,0.0,0.0,0.3098009426081536,0.07519416172565169,0.2951616895205561,0.23611066411701495,0.38349122109929223
subgroup_heavy,0.0,low,slow,large,0.695187679548297,0.0027905194380262034,0.6948829854652177,0.6924529704990313,0.6979223885975626,0.2510191317210097,0.001393001788040816,0.25086651381007713,0.2496539899687297,0.2523842734732897,327.5576854755482,4.746759572821828,326.2962532743102,322.90586109418285,332.2095098569136,410.95131427852124,3.8207601146572525,410.50097921755093,407.2069693661571,414.69565919088535,0.1227482125212967,0.0005505358813849319,0.1226869574589455,0.12220868735753947,0.12328773768505392,0.12258048188428113,0.00861452225693933,0.1220834463225983,0.11413825007248059,0.13102271369608168,7.73125422746103,0.6072943298563196,7.556567280645729,7.136105784201837,8.326402670720224,0.06710858585858583,0.004376902028474841,0.0690025252525252,0.06281922187068048,0.07139794984649117,2850.0548672375708,308.88081642763825,2867.954437326896,2547.351667138485,3152.7580673366565,5.855934343434344,0.056820800538230846,5.8455808080808085,5.8002499589068774,5.91161872796181,1.2159090909090908,0.1636994827760828,1.15,1.0554835977885297,1.376334584029652,0.3725,0.06818131312944255,0.3409090909090909,0.3056823131331463,0.4393176868668537,0.5250577608665844,0.11717934834772867,0.48426470588235293,0.4102219994858103,0.6398935222473585,0.599612148407346,0.1015870861805367,0.577883327243941,0.5000568039504201,0.6991674928642719,0.0,0.0,0.0,0.0,0.0,0.3648409090909091,0.012044310980593482,0.3598181818181818,0.3530374843299275,0.3766443338518907,0.2791807768299837,0.015283285580231553,0.27939179722665003,0.26420315696135677,0.29415839669861066,0.32325702535347073,0.016072435912570553,0.3291840567916664,0.30750603815915156,0.3390080125477899,125.42431245849471,2.8320611217188723,125.97888891100365,122.64889255921021,128.1997323577792,18.04180425780057,0.16495938501076435,18.037857674934827,17.88014406049002,18.20346445511112,0.10345890140237901,0.008085129370742471,0.09972926016595796,0.09553547461905139,0.11138232818570663,0.10345890140237901,0.008085129370742471,0.09972926016595796,0.09553547461905139,0.11138232818570663,0.3545454545454545,0.015011474032122255,0.3563636363636363,0.3398342099939747,0.3692566990969343,0.0,0.0,0.0,0.0,0.0,0.2600186557286593,0.10666898938985446,0.24218463821571834,0.1554830461266019,0.36455426533071666
subgroup_heavy,0.0,low,slow,small,0.6916808531567173,0.0013228825735866793,0.6919908971794879,0.6903844282346024,0.6929772780788322,0.24927642350506302,0.0006540953055881253,0.249426381178891,0.24863541010558665,0.24991743690453938,326.752196493883,3.9250646685089725,325.8980582615493,322.9056331187442,330.59875986902176,409.74644448450863,4.335985502209271,410.086438277168,405.49717869234354,413.9957102766737,0.1214983085538913,0.0005758323914691904,0.1217438641856666,0.12093399281025148,0.1220626242975311,0.12698094304506843,0.003602593348523636,0.12657348504255822,0.12345040156351528,0.1305114845266216,5.196973321130591,0.642501017137827,5.206267129545086,4.567322324335521,5.826624317925662,0.06272095959595952,0.004987373737373718,0.0638257575757575,0.05783333333333328,0.06760858585858577,937.9275994216417,242.84888466810384,865.249216437843,699.9356924469,1175.9195063963834,5.91060606060606,0.051404449616714094,5.896212121212121,5.86022969998168,5.96098242123044,1.3068181818181817,0.05162643950727516,1.3045454545454547,1.256224271101052,1.3574120925353113,0.42477272727272725,0.038757386215093156,0.4313636363636363,0.38679048878193595,0.46275496576351854,0.4692347253842834,0.13428491215666555,0.41890838206627673,0.33763551147075116,0.6008339392978157,0.6908099075617147,0.0680460486607271,0.6796066252587991,0.6241247798742021,0.7574950352492272,0.0,0.0,0.0,0.0,0.0,0.383340909090909,0.016550844110538598,0.3765909090909091,0.3671210818625812,0.39956073631923683,0.2830809007034888,0.012066041366127232,0.2798142970846173,0.2712561801646841,0.29490562124229347,0.32782346381219607,0.012911627123080362,0.3281330598707256,0.3151700692315773,0.34047685839281483,125.71932382868445,2.6874381360961914,126.43014714027154,123.08563445531018,128.35301320205872,18.447084309664792,0.657944813417245,18.465908673776305,17.80229839251589,19.091870226813693,0.11014497473172713,0.002201702716739348,0.110115979297082,0.10798730606932257,0.1123026433941317,0.11014497473172713,0.002201702716739348,0.110115979297082,0.10798730606932257,0.1123026433941317,0.3584090909090909,0.020032686787969867,0.3522727272727273,0.33877705785688045,0.37804112396130135,0.0,0.0,0.0,0.0,0.0,0.3098009426081536,0.07519416172565169,0.2951616895205561,0.23611066411701495,0.38349122109929223
subgroup_heavy,0.05,high,fast,large,0.6990813496888036,0.0011447759834694777,0.6993215502765715,0.6979594692250035,0.7002032301526038,0.2529251065808531,0.000578255323552108,0.2530539529115937,0.25235841636377204,0.25349179679793415,364.8845499917975,7.973173242414763,362.87455293500875,357.070840214231,372.698259769364,467.75111033783713,5.037283731211007,466.7050740518202,462.8145722812503,472.68764839442395,0.12560474335496336,0.0011297426705835125,0.12601313149618054,0.12449759553779151,0.1267118911721352,0.14057828302997516,0.006550836420200611,0.14101717018031396,0.13415846333817857,0.14699810272177175,13.432498081629099,0.9153257385434267,13.377395881659954,12.53547885785654,14.329517305401657,0.09119318181818178,0.002108686664660257,0.09185606060606055,0.08912666888681474,0.09325969474954883,4460.6692775958645,471.5609763330601,4312.257375771285,3998.5395207894658,4922.799034402264,5.91243686868687,0.07301208465262836,5.9176767676767685,5.840885025727294,5.983988711646445,1.55,0.10871146130092184,1.5863636363636364,1.4434627679250966,1.6565372320749034,0.5961363636363637,0.10044083274018938,0.6286363636363637,0.4977043475509781,0.6945683797217492,0.6538782378903495,0.08647313351905866,0.6731884057971014,0.569134567041672,0.738621908739027,0.7345890096893342,0.10599158812611426,0.7576907508601498,0.6307172533257421,0.8384607660529262,2.0209090909090905,0.2549617807473764,1.9813636363636362,1.7710465457766618,2.2707716360415193,0.3861136363636363,0.02264474409795144,0.39068181818181813,0.3639217871476439,0.40830548557962876,0.3100128611040318,0.0065687716710272894,0.30771865101705875,0.30357546486642506,0.31645025734163856,0.3462549120863063,0.006707027371442192,0.3462928087057262,0.33968202526229296,0.3528277989103197,142.07132282584513,2.5731768454417696,142.33831551486313,139.5496095173122,144.59303613437805,10.452358722829988,0.33372427686467393,10.583317484621553,10.125308931502607,10.77940851415737,0.11585961506009859,0.009568799137059283,0.11994777191474254,0.1064821919057805,0.1252370382144167,0.11585961506009859,0.009568799137059283,0.11994777191474254,0.1064821919057805,0.1252370382144167,0.3972727272727273,0.0219440812002808,0.40545454545454546,0.3757675276964521,0.41877792684900245,0.05,0.0,0.05,0.05,0.05,0.7233012772286285,0.0957141392011403,0.7679220655916461,0.629501420811511,0.817101133645746
subgroup_heavy,0.05,high,fast,small,0.6971805834973167,0.0010972418566275043,0.6976515383513572,0.6961052864778218,0.6982558805168116,0.2519897435818652,0.00054235368318297,0.25222587151702236,0.2514582369723459,0.2525212501913845,364.3214924971023,8.210090481156302,362.13179803737603,356.27560382556914,372.3673811686355,467.1368290048736,5.32521796663032,466.1621528360315,461.9181153975759,472.35554261217135,0.12326461972124589,0.0014520941507004544,0.12365772225273125,0.12184156745355944,0.12468767198893234,0.13884125790237117,0.0038221409556732262,0.13861673398637714,0.13509555976581142,0.14258695603893093,7.808522757789964,0.7286097399044904,8.13371550267884,7.094485212683564,8.522560302896364,0.0891414141414141,0.003983447454200825,0.08989898989898985,0.0852376356362973,0.09304519264653091,1668.2357733864237,93.69559321241584,1678.4134228251712,1576.4140920382563,1760.0574547345911,5.957386363636363,0.08033409363618274,5.971085858585859,5.878658951872905,6.036113775399822,1.484090909090909,0.06270970329265108,1.4772727272727273,1.4226353998641108,1.545546418317707,0.5488636363636363,0.03957330959063095,0.53,0.510081792964818,0.5876454797624546,0.5284796479821918,0.03068147262582113,0.5304075235109718,0.49841180480888714,0.5585474911554965,0.6885820652448896,0.07603600919154559,0.7028067129629629,0.614066776237175,0.7630973542526043,1.8190909090909093,0.17031003975653722,1.8113636363636365,1.6521870701295027,1.985994748052316,0.3909545454545454,0.023073663328434448,0.3945454545454545,0.3683423553926796,0.41356673551641115,0.3147352757619117,0.004037079761122038,0.3150150038913385,0.3107789375960121,0.31869161392781126,0.3537248257966893,0.002835692954155036,0.3541740712062912,0.3509458467016174,0.3565038048917612,142.34199929650305,2.4363207660860504,142.5342212411462,139.95440494573873,144.72959364726736,9.853467600180728,0.2813654916069383,9.824894686001766,9.577729418405928,10.129205781955529,0.10994029629401553,0.004252928844113649,0.1091277634226461,0.10577242602678415,0.11410816656124691,0.10994029629401553,0.004252928844113649,0.1091277634226461,0.10577242602678415,0.11410816656124691,0.37613636363636366,0.027537852736430526,0.37681818181818183,0.3491492679546617,0.4031234593180656,0.05,0.0,0.05,0.05,0.05,0.6416821864204483,0.03534388074925781,0.649173979856268,0.6070451832861756,0.6763191895547209
subgroup_heavy,0.05,high,slow,large,0.6990813496888036,0.0011447759834694777,0.6993215502765715,0.6979594692250035,0.7002032301526038,0.2529251065808531,0.000578255323552108,0.2530539529115937,0.25235841636377204,0.25349179679793415,364.8845499917975,7.973173242414763,362.87455293500875,357.070840214231,372.698259769364,467.75111033783713,5.037283731211007,466.7050740518202,462.8145722812503,472.68764839442395,0.12560474335496336,0.0011297426705835125,0.12601313149618054,0.12449759553779151,0.1267118911721352,0.14057828302997516,0.006550836420200611,0.14101717018031396,0.13415846333817857,0.14699810272177175,13.432498081629099,0.9153257385434267,13.377395881659954,12.53547885785654,14.329517305401657,0.09119318181818178,0.002108686664660257,0.09185606060606055,0.08912666888681474,0.09325969474954883,4460.6692775958645,471.5609763330601,4312.257375771285,3998.5395207894658,4922.799034402264,5.91243686868687,0.07301208465262836,5.9176767676767685,5.840885025727294,5.983988711646445,1.55,0.10871146130092184,1.5863636363636364,1.4434627679250966,1.6565372320749034,0.5961363636363637,0.10044083274018938,0.6286363636363637,0.4977043475509781,0.6945683797217492,0.6538782378903495,0.08647313351905866,0.6731884057971014,0.569134567041672,0.738621908739027,0.7345890096893342,0.10599158812611426,0.7576907508601498,0.6307172533257421,0.8384607660529262,2.0209090909090905,0.2549617807473764,1.9813636363636362,1.7710465457766618,2.2707716360415193,0.3861136363636363,0.02264474409795144,0.39068181818181813,0.3639217871476439,0.40830548557962876,0.3100128611040318,0.0065687716710272894,0.30771865101705875,0.30357546486642506,0.31645025734163856,0.3462549120863063,0.006707027371442192,0.3462928087057262,0.33968202526229296,0.3528277989103197,138.95814498019882,2.6120892553975708,139.22650412650313,136.3982975099092,141.51799245048844,19.77082920287576,1.0938214790554601,20.127898904974757,18.69888415340141,20.84277425235011,0.12978212009957532,0.010593111887865788,0.1343568276064076,0.11940087044946684,0.1401633697496838,0.12978212009957532,0.010593111887865788,0.1343568276064076,0.11940087044946684,0.1401633697496838,0.3972727272727273,0.0219440812002808,0.40545454545454546,0.3757675276964521,0.41877792684900245,0.05,0.0,0.05,0.05,0.05,0.7233012772286285,0.0957141392011403,0.7679220655916461,0.629501420811511,0.817101133645746
subgroup_heavy,0.05,high,slow,small,0.6971805834973167,0.0010972418566275043,0.6976515383513572,0.6961052864778218,0.6982558805168116,0.2519897435818652,0.00054235368318297,0.25222587151702236,0.2514582369723459,0.2525212501913845,364.3214924971023,8.210090481156302,362.13179803737603,356.27560382556914,372.3673811686355,467.1368290048736,5.32521796663032,466.1621528360315,461.9181153975759,472.35554261217135,0.12326461972124589,0.0014520941507004544,0.12365772225273125,0.12184156745355944,0.12468767198893234,0.13884125790237117,0.0038221409556732262,0.13861673398637714,0.13509555976581142,0.14258695603893093,7.808522757789964,0.7286097399044904,8.13371550267884,7.094485212683564,8.522560302896364,0.0891414141414141,0.003983447454200825,0.08989898989898985,0.0852376356362973,0.09304519264653091,1668.2357733864237,93.69559321241584,1678.4134228251712,1576.4140920382563,1760.0574547345911,5.957386363636363,0.08033409363618274,5.971085858585859,5.878658951872905,6.036113775399822,1.484090909090909,0.06270970329265108,1.4772727272727273,1.4226353998641108,1.545546418317707,0.5488636363636363,0.03957330959063095,0.53,0.510081792964818,0.5876454797624546,0.5284796479821918,0.03068147262582113,0.5304075235109718,0.49841180480888714,0.5585474911554965,0.6885820652448896,0.07603600919154559,0.7028067129629629,0.614066776237175,0.7630973542526043,1.8190909090909093,0.17031003975653722,1.8113636363636365,1.6521870701295027,1.985994748052316,0.3909545454545454,0.023073663328434448,0.3945454545454545,0.3683423553926796,0.41356673551641115,0.3147352757619117,0.004037079761122038,0.3150150038913385,0.3107789375960121,0.31869161392781126,0.3537248257966893,0.002835692954155036,0.3541740712062912,0.3509458467016174,0.3565038048917612,139.17843242640163,2.5575491357858953,139.4596004802807,136.67203427333146,141.6848305794718,18.807824211449184,0.5717027410110873,19.05923735513215,18.247555525258317,19.36809289764005,0.12331735148955435,0.0041461573924290425,0.12212665519499545,0.11925411724497388,0.1273805857341348,0.12331735148955435,0.0041461573924290425,0.12212665519499545,0.11925411724497388,0.1273805857341348,0.37613636363636366,0.027537852736430526,0.37681818181818183,0.3491492679546617,0.4031234593180656,0.05,0.0,0.05,0.05,0.05,0.6416821864204483,0.03534388074925781,0.649173979856268,0.6070451832861756,0.6763191895547209
subgroup_heavy,0.05,low,fast,large,0.7001560984738548,0.003077852669499589,0.7007142030124816,0.6971398028577452,0.7031723940899645,0.2534583169950972,0.0015228990843493934,0.2537275413203695,0.2519658758924348,0.2549507580977596,365.9108316150105,10.439881026121467,363.56840332881706,355.67974820941146,376.1419150206096,469.5715767161664,6.733565977237969,469.41372137050826,462.9726820584732,476.17047137385964,0.12240389210944316,0.0008141723472154915,0.1224946297067668,0.12160600320917198,0.12320178100971435,0.13002510249219087,0.00396001741342138,0.13091392318090594,0.12614428542703793,0.13390591955734382,13.700896863169666,0.819671312292682,13.643509162709936,12.897618977122837,14.504174749216494,0.08683712121212117,0.0037404082116488185,0.08560606060606055,0.08317152116470533,0.09050272125953701,4532.560669197637,302.4210930001447,4594.194616780413,4236.187998057496,4828.933340337779,6.023737373737374,0.025263465643563663,6.021338383838383,5.998979177406682,6.0484955700680665,1.3613636363636363,0.05573204290227122,1.3681818181818182,1.3067462343194105,1.4159810384078622,0.44,0.028603877677367766,0.4436363636363636,0.4119681998761796,0.4680318001238204,0.4823112947658402,0.12325972017238088,0.42674380165289255,0.361516768996907,0.6031058205347735,0.6180339727534911,0.10191276766195775,0.6323642418032787,0.5181594604447726,0.7179084850622097,2.233409090909091,0.14254741611204466,2.2027272727272726,2.0937126231192873,2.3731055586988945,0.4128181818181818,0.011930237990601718,0.4164545454545454,0.4011265485873921,0.4245098150489715,0.292387548724661,0.010996090414415087,0.29036951421205515,0.2816113801185342,0.3031637173307878,0.3304561730962635,0.0089094630171125,0.33218796549353885,0.3217248993394933,0.33918744685303376,142.41161125531997,2.854116567254176,142.81405218612701,139.6145770194109,145.20864549122905,9.43677846094294,0.09966952663178101,9.438777399581927,9.339102324843793,9.534454597042085,0.09976427066566196,0.0025520265856927788,0.10045509948337315,0.09726328461168303,0.10226525671964089,0.09976427066566196,0.0025520265856927788,0.10045509948337315,0.09726328461168303,0.10226525671964089,0.3506818181818182,0.009102265633863998,0.35454545454545455,0.3417615978606315,0.35960203850300493,0.05,0.0,0.05,0.05,0.05,0.5216236513874002,0.032715673057485906,0.524113641916848,0.48956229179106403,0.5536850109837363
subgroup_heavy,0.05,low,fast,small,0.6961529025960578,0.002639162222947342,0.6953962799320628,0.6935665236175694,0.6987392815745461,0.2514886239286388,0.0012777432089197227,0.25112561487528373,0.25023643558389747,0.25274081227338013,364.8708530454671,9.855688160744501,363.02154487885974,355.21227864793747,374.5294274429967,467.76851896924245,6.452359524735751,467.12526938251483,461.4452066350014,474.0918313034835,0.12046654418383072,0.0008340691406083356,0.1205536523068383,0.11964915642603455,0.1212839319416269,0.1358148324578457,0.003462414466227257,0.1359154572677746,0.13242166628094298,0.13920799863474842,8.539725493573375,0.6344382642197204,8.370619511994665,7.917975994638049,9.161474992508701,0.0828914141414141,0.0019355694086813243,0.08352272727272725,0.0809945561209064,0.0847882721619218,1783.654334587875,102.21112428496423,1765.472258611605,1683.48743278861,1883.8212363871398,6.090530303030303,0.03911588175610095,6.087247474747475,6.052196738909324,6.128863867151282,1.4363636363636365,0.04515049825985257,1.4318181818181819,1.392116148068981,1.480611124658292,0.5004545454545455,0.06755265266103695,0.4904545454545454,0.43425294584672924,0.5666561450623617,0.40828463736450005,0.10171834807682816,0.4052600988084859,0.30860065624920846,0.5079686184797916,0.6259264002732241,0.13774905008187666,0.5685194672131147,0.49093233119298496,0.7609204693534632,1.9975000000000003,0.0757565151440908,1.972727272727273,1.9232586151587914,2.0717413848412094,0.4336363636363636,0.014000196771541188,0.43099999999999994,0.41991617080025323,0.44735655647247397,0.310695644316005,0.010129449878677463,0.3058795473390614,0.3007687834349011,0.3206225051971089,0.3505618464839195,0.00523031778604849,0.3486291582387015,0.345436135053592,0.35568755791424705,142.86897491881075,2.856259132160594,143.30465675104,140.06984096929338,145.66810886832812,9.152594521002808,0.2636562910538032,9.2251550916512,8.89421135577008,9.410977686235535,0.1051210702671751,0.005510765950708293,0.1045980939161893,0.09972051963548097,0.11052162089886923,0.1051210702671751,0.005510765950708293,0.1045980939161893,0.09972051963548097,0.11052162089886923,0.34045454545454545,0.013371158468430427,0.3359090909090909,0.3273508101554836,0.3535582807536073,0.05,0.0,0.05,0.05,0.05,0.5539712642904817,0.0678839940685732,0.5556163354337426,0.48744495010328,0.6204975784776835
subgroup_heavy,0.05,low,slow,large,0.7001560984738548,0.003077852669499589,0.7007142030124816,0.6971398028577452,0.7031723940899645,0.2534583169950972,0.0015228990843493934,0.2537275413203695,0.2519658758924348,0.2549507580977596,365.9108316150105,10.439881026121467,363.56840332881706,355.67974820941146,376.1419150206096,469.5715767161664,6.733565977237969,469.41372137050826,462.9726820584732,476.17047137385964,0.12240389210944316,0.0008141723472154915,0.1224946297067668,0.12160600320917198,0.12320178100971435,0.13002510249219087,0.00396001741342138,0.13091392318090594,0.12614428542703793,0.13390591955734382,13.700896863169666,0.819671312292682,13.643509162709936,12.897618977122837,14.504174749216494,0.08683712121212117,0.0037404082116488185,0.08560606060606055,0.08317152116470533,0.09050272125953701,4532.560669197637,302.4210930001447,4594.194616780413,4236.187998057496,4828.933340337779,6.023737373737374,0.025263465643563663,6.021338383838383,5.998979177406682,6.0484955700680665,1.3613636363636363,0.05573204290227122,1.3681818181818182,1.3067462343194105,1.4159810384078622,0.44,0.028603877677367766,0.4436363636363636,0.4119681998761796,0.4680318001238204,0.4823112947658402,0.12325972017238088,0.42674380165289255,0.361516768996907,0.6031058205347735,0.6180339727534911,0.10191276766195775,0.6323642418032787,0.5181594604447726,0.7179084850622097,2.233409090909091,0.14254741611204466,2.2027272727272726,2.0937126231192873,2.3731055586988945,0.4128181818181818,0.011930237990601718,0.4164545454545454,0.4011265485873921,0.4245098150489715,0.292387548724661,0.010996090414415087,0.29036951421205515,0.2816113801185342,0.3031637173307878,0.3304561730962635,0.0089094630171125,0.33218796549353885,0.3217248993394933,0.33918744685303376,139.3688249397577,2.812231159992259,139.70510139030407,136.61283840296528,142.12481147655012,17.770426596164747,0.3479033219391781,17.75700991096967,17.429481340664353,18.11137185166514,0.11225236600266465,0.002712760207329265,0.11274881103958764,0.10959386099948197,0.11491087100584733,0.11225236600266465,0.002712760207329265,0.11274881103958764,0.10959386099948197,0.11491087100584733,0.3506818181818182,0.009102265633863998,0.35454545454545455,0.3417615978606315,0.35960203850300493,0.05,0.0,0.05,0.05,0.05,0.5216236513874002,0.032715673057485906,0.524113641916848,0.48956229179106403,0.5536850109837363
subgroup_heavy,0.05,low,slow,small,0.6961529025960578,0.002639162222947342,0.6953962799320628,0.6935665236175694,0.6987392815745461,0.2514886239286388,0.0012777432089197227,0.25112561487528373,0.25023643558389747,0.25274081227338013,364.8708530454671,9.855688160744501,363.02154487885974,355.21227864793747,374.5294274429967,467.76851896924245,6.452359524735751,467.12526938251483,461.4452066350014,474.0918313034835,0.12046654418383072,0.0008340691406083356,0.1205536523068383,0.11964915642603455,0.1212839319416269,0.1358148324578457,0.003462414466227257,0.1359154572677746,0.13242166628094298,0.13920799863474842,8.539725493573375,0.6344382642197204,8.370619511994665,7.917975994638049,9.161474992508701,0.0828914141414141,0.0019355694086813243,0.08352272727272725,0.0809945561209064,0.0847882721619218,1783.654334587875,102.21112428496423,1765.472258611605,1683.48743278861,1883.8212363871398,6.090530303030303,0.03911588175610095,6.087247474747475,6.052196738909324,6.128863867151282,1.4363636363636365,0.04515049825985257,1.4318181818181819,1.392116148068981,1.480611124658292,0.5004545454545455,0.06755265266103695,0.4904545454545454,0.43425294584672924,0.5666561450623617,0.40828463736450005,0.10171834807682816,0.4052600988084859,0.30860065624920846,0.5079686184797916,0.6259264002732241,0.13774905008187666,0.5685194672131147,0.49093233119298496,0.7609204693534632,1.9975000000000003,0.0757565151440908,1.972727272727273,1.9232586151587914,2.0717413848412094,0.4336363636363636,0.014000196771541188,0.43099999999999994,0.41991617080025323,0.44735655647247397,0.310695644316005,0.010129449878677463,0.3058795473390614,0.3007687834349011,0.3206225051971089,0.3505618464839195,0.00523031778604849,0.3486291582387015,0.345436135053592,0.35568755791424705,139.6118545337347,2.9264683991174834,140.14689895999592,136.74391550259955,142.47979356486982,17.857677434791306,0.29810594589025885,17.893577109556077,17.565533607818853,18.14982126176376,0.11812315058039821,0.005566222186009383,0.1176177003573865,0.11266825283810902,0.1235780483226874,0.11812315058039821,0.005566222186009383,0.1176177003573865,0.11266825283810902,0.1235780483226874,0.34045454545454545,0.013371158468430427,0.3359090909090909,0.3273508101554836,0.3535582807536073,0.05,0.0,0.05,0.05,0.05,0.5539712642904817,0.0678839940685732,0.5556163354337426,0.48744495010328,0.6204975784776835
subgroup_heavy,0.1,high,fast,large,0.6970184469744836,0.006438231249232094,0.6991051258946315,0.6907089803502361,0.703327913598731,0.2519010548668035,0.0031782059291084242,0.2529183041976557,0.24878641305627722,0.2550156966773297,398.1075950634922,6.058881230755878,398.32112138764046,392.16989145735147,404.045298669633,515.8825863373818,9.655823803504871,517.1681130816964,506.419879009947,525.3452936648166,0.12582555415967106,0.001188228444777919,0.125858429432756,0.1246610902837887,0.12699001803555343,0.14240549757032517,0.003985446916155285,0.1423545749027417,0.138499759592493,0.14631123554815734,16.4803079590982,1.7547131099908317,17.081422849024445,14.760689111307187,18.199926806889216,0.09043560606060602,0.003265583754568702,0.0901515151515151,0.08723533398112869,0.09363587814008335,7024.084947090007,85.87239426216489,7026.276347527966,6939.930000713085,7108.239893466928,5.9303030303030315,0.09233933838249517,5.935353535353537,5.839810478688186,6.020795581917877,1.5545454545454545,0.07041787902195294,1.5363636363636362,1.4855359331039406,1.6235549759869683,0.5711363636363637,0.07008210454467297,0.5845454545454545,0.5024559011825842,0.6398168260901431,0.5978474791489253,0.15228454682909834,0.5804984303927221,0.44860862325640893,0.7470863350414417,0.6566992247325116,0.12546306433506554,0.655503712622918,0.5337454216841474,0.7796530277808759,2.4613636363636364,0.057766033276926525,2.485909090909091,2.4047529237522483,2.5179743489750246,0.3883636363636363,0.026461365360640584,0.39077272727272716,0.36243149831020854,0.41429577441706406,0.32057867075151114,0.01010343698320013,0.31937342052588297,0.31067730250797504,0.33048003899504724,0.3589466320556242,0.01212695947084263,0.3543804201826344,0.34706221177419844,0.37083105233705,153.0093668619874,3.6888244844831544,152.40562329115534,149.3943188671939,156.62441485678087,10.505191799355476,0.3275664447142717,10.549533427518623,10.18417668353549,10.826206915175462,0.11529322901786497,0.006717975081499567,0.11636726643298005,0.1087096134379954,0.12187684459773454,0.11529322901786497,0.006717975081499567,0.11636726643298005,0.1087096134379954,0.12187684459773454,0.41840909090909084,0.013953385599809423,0.4163636363636364,0.4047347730212776,0.4320834087969041,0.1,0.0,0.1,0.1,0.1,0.7214797617302253,0.050243477897307605,0.7103739721320645,0.6722411533908639,0.7707183700695868
subgroup_heavy,0.1,high,fast,small,0.6955178067520731,0.0011868010929825528,0.6954912440134484,0.6943547416809502,0.6966808718231959,0.25118250098464706,0.0005958450545701695,0.25117242618214564,0.2505985728311683,0.2517664291381258,398.13964205493915,5.166144053346408,398.86985280216857,393.07682088265966,403.20246322721863,515.1033130690035,8.917187370720153,516.0597355298339,506.3644694456978,523.8421566923093,0.12354084529410153,0.000816749749457575,0.12366190129912649,0.12274043053963311,0.12434126004856995,0.14142110348825643,0.004163196037084326,0.14038761781717846,0.1373411713719138,0.14550103560459907,8.247473492830265,0.7965467822386576,8.474083375612702,7.466857646236381,9.028089339424149,0.08566919191919188,0.0057079459118554105,0.0862373737373737,0.08007540492557358,0.09126297891281018,1925.0288727601157,200.40573044234245,2011.6925941009258,1728.6312569266202,2121.4264885936113,5.978914141414141,0.09634701608642408,5.9944444444444445,5.884494065649446,6.073334217178837,1.5750000000000002,0.04351941398892452,1.5636363636363635,1.532350974290854,1.6176490257091463,0.5763636363636364,0.03807343925703988,0.5877272727272728,0.5390516658917374,0.6136756068355355,0.4866587022748412,0.11035495694731015,0.5192491630798661,0.37851084446647726,0.5948065600832051,0.607698882969012,0.054523502325363744,0.6076283423791267,0.5542658506901555,0.6611319152478684,2.066363636363637,0.10658743613906758,2.039090909090909,1.9619079489473505,2.170819323779923,0.3985681818181818,0.0288422492942665,0.39886363636363636,0.3703027775098007,0.42683358612656297,0.3187744462996803,0.007175723600288288,0.3218847579971986,0.3117422371713978,0.32580665542796283,0.358454841222722,0.0052516801773481335,0.3583915212035078,0.3533081946489208,0.3636014877965231,153.5498684342052,3.6282221902820133,152.97968951387867,149.9942106877288,157.10552618068158,9.828657749791514,0.3381924610914516,9.808851282915692,9.497229137921892,10.160086361661136,0.11457837106084824,0.0035448243821047964,0.11419632936975395,0.11110444316638554,0.11805229895531094,0.11457837106084824,0.0035448243821047964,0.11419632936975395,0.11110444316638554,0.11805229895531094,0.39,0.029875775863918107,0.3872727272727272,0.3607217396533603,0.41927826034663973,0.1,0.0,0.1,0.1,0.1,0.6508607629180536,0.021135203825642275,0.6475506245923028,0.6301482631689241,0.6715732626671831
subgroup_heavy,0.1,high,slow,large,0.6970184469744836,0.006438231249232094,0.6991051258946315,0.6907089803502361,0.703327913598731,0.2519010548668035,0.0031782059291084242,0.2529183041976557,0.24878641305627722,0.2550156966773297,398.1075950634922,6.058881230755878,398.32112138764046,392.16989145735147,404.045298669633,515.8825863373818,9.655823803504871,517.1681130816964,506.419879009947,525.3452936648166,0.12582555415967106,0.001188228444777919,0.125858429432756,0.1246610902837887,0.12699001803555343,0.14240549757032517,0.003985446916155285,0.1423545749027417,0.138499759592493,0.14631123554815734,16.4803079590982,1.7547131099908317,17.081422849024445,14.760689111307187,18.199926806889216,0.09043560606060602,0.003265583754568702,0.0901515151515151,0.08723533398112869,0.09363587814008335,7024.084947090007,85.87239426216489,7026.276347527966,6939.930000713085,7108.239893466928,5.9303030303030315,0.09233933838249517,5.935353535353537,5.839810478688186,6.020795581917877,1.5545454545454545,0.07041787902195294,1.5363636363636362,1.4855359331039406,1.6235549759869683,0.5711363636363637,0.07008210454467297,0.5845454545454545,0.5024559011825842,0.6398168260901431,0.5978474791489253,0.15228454682909834,0.5804984303927221,0.44860862325640893,0.7470863350414417,0.6566992247325116,0.12546306433506554,0.655503712622918,0.5337454216841474,0.7796530277808759,2.4613636363636364,0.057766033276926525,2.485909090909091,2.4047529237522483,2.5179743489750246,0.3883636363636363,0.026461365360640584,0.39077272727272716,0.36243149831020854,0.41429577441706406,0.32057867075151114,0.01010343698320013,0.31937342052588297,0.31067730250797504,0.33048003899504724,0.3589466320556242,0.01212695947084263,0.3543804201826344,0.34706221177419844,0.37083105233705,150.11458236859824,3.69442832714307,149.5106020555688,146.49404260799804,153.73512212919843,20.003218303760832,0.7003999162660314,20.080342953625333,19.31682638582012,20.689610221701543,0.12942631167556004,0.007102419715235308,0.13104721768392696,0.12246594035462943,0.13638668299649065,0.12942631167556004,0.007102419715235308,0.13104721768392696,0.12246594035462943,0.13638668299649065,0.41840909090909084,0.013953385599809423,0.4163636363636364,0.4047347730212776,0.4320834087969041,0.1,0.0,0.1,0.1,0.1,0.7214797617302253,0.050243477897307605,0.7103739721320645,0.6722411533908639,0.7707183700695868
subgroup_heavy,0.1,high,slow,small,0.6955178067520731,0.0011868010929825528,0.6954912440134484,0.6943547416809502,0.6966808718231959,0.25118250098464706,0.0005958450545701695,0.25117242618214564,0.2505985728311683,0.2517664291381258,398.13964205493915,5.166144053346408,398.86985280216857,393.07682088265966,403.20246322721863,515.1033130690035,8.917187370720153,516.0597355298339,506.3644694456978,523.8421566923093,0.12354084529410153,0.000816749749457575,0.12366190129912649,0.12274043053963311,0.12434126004856995,0.14142110348825643,0.004163196037084326,0.14038761781717846,0.1373411713719138,0.14550103560459907,8.247473492830265,0.7965467822386576,8.474083375612702,7.466857646236381,9.028089339424149,0.08566919191919188,0.0057079459118554105,0.0862373737373737,0.08007540492557358,0.09126297891281018,1925.0288727601157,200.40573044234245,2011.6925941009258,1728.6312569266202,2121.4264885936113,5.978914141414141,0.09634701608642408,5.9944444444444445,5.884494065649446,6.073334217178837,1.5750000000000002,0.04351941398892452,1.5636363636363635,1.532350974290854,1.6176490257091463,0.5763636363636364,0.03807343925703988,0.5877272727272728,0.5390516658917374,0.6136756068355355,0.4866587022748412,0.11035495694731015,0.5192491630798661,0.37851084446647726,0.5948065600832051,0.607698882969012,0.054523502325363744,0.6076283423791267,0.5542658506901555,0.6611319152478684,2.066363636363637,0.10658743613906758,2.039090909090909,1.9619079489473505,2.170819323779923,0.3985681818181818,0.0288422492942665,0.39886363636363636,0.3703027775098007,0.42683358612656297,0.3187744462996803,0.007175723600288288,0.3218847579971986,0.3117422371713978,0.32580665542796283,0.358454841222722,0.0052516801773481335,0.3583915212035078,0.3533081946489208,0.3636014877965231,150.5372310912204,3.6176208261724345,149.92267071291747,146.9919626815714,154.0824995008694,18.587342674533545,0.517758054598892,18.48087486958102,18.07993978102663,19.09474556804046,0.12766975542116207,0.003618029897336054,0.12703678569508406,0.12412408612177274,0.1312154247205514,0.12766975542116207,0.003618029897336054,0.12703678569508406,0.12412408612177274,0.1312154247205514,0.39,0.029875775863918107,0.3872727272727272,0.3607217396533603,0.41927826034663973,0.1,0.0,0.1,0.1,0.1,0.6508607629180536,0.021135203825642275,0.6475506245923028,0.6301482631689241,0.6715732626671831
subgroup_heavy,0.1,low,fast,large,0.6963107643466163,0.004518828209530538,0.6956183342483482,0.6918823127012764,0.7007392159919562,0.25155291916571715,0.0022248820794909564,0.2512282262740282,0.249372534727816,0.2537333036036183,399.87195804587617,6.877123683539536,400.07477146403994,393.13237683600744,406.6115392557449,516.6596003864229,9.249623310543502,517.3660329152066,507.59496954209027,525.7242312307555,0.12259141547334497,0.0009204290602459745,0.1228002598214562,0.12168939499430391,0.12349343595238603,0.13935478780619043,0.006746990356389941,0.14165421932477004,0.13274273725692828,0.14596683835545257,16.609877714314376,0.5986914494951052,16.505583556274424,16.02316009380917,17.19659533481958,0.08838383838383836,0.003138839114812139,0.08933080808080805,0.08530777605132246,0.09145990071635425,6913.684276314398,522.0079155987025,6934.331497379518,6402.11651902767,7425.252033601126,5.897285353535354,0.05816761738347365,5.905934343434343,5.84028108849955,5.954289618571158,1.5022727272727272,0.07095375438768538,1.509090909090909,1.4327380479727956,1.5718074065726588,0.5327272727272727,0.09197256747554716,0.5386363636363636,0.44259415660123647,0.622860388853309,0.4637780952101732,0.13923026851706943,0.4903100775193798,0.3273324320634452,0.6002237583569012,0.569372332094535,0.10698721204029743,0.5300751879699248,0.46452486429504347,0.6742197998940265,2.476590909090909,0.06626341539934134,2.4749999999999996,2.4116527619995547,2.5415290561822634,0.3734318181818182,0.016409090909090925,0.37286363636363634,0.3573509090909091,0.3895127272727273,0.3116966376206007,0.011689344481922005,0.3159861518827787,0.3002410800283171,0.32315219521288424,0.35249324419162453,0.01370043981439443,0.351576336024612,0.339066813173518,0.36591967520973107,153.904092271551,3.550313218021944,153.27703502634932,150.4247853178895,157.38339922521251,9.385666394289784,0.18230896690726062,9.363431476103873,9.207003606720669,9.564329181858898,0.10722413017448691,0.006569617903617458,0.106204666598714,0.1007859046289418,0.11366235572003203,0.10722413017448691,0.006569617903617458,0.106204666598714,0.1007859046289418,0.11366235572003203,0.34409090909090906,0.022224747331283542,0.34727272727272723,0.3223106567062512,0.3658711614755669,0.1,0.0,0.1,0.1,0.1,0.6204854428308204,0.10158959798921541,0.6212664118565687,0.5209276368013893,0.7200432488602515
subgroup_heavy,0.1,low,fast,small,0.6955747353112274,0.0024054953973813922,0.6954873914103802,0.6932173498217936,0.6979321208006611,0.25119755995034854,0.0011958069309278361,0.2511568363042145,0.25002566915803925,0.2523694507426578,401.223151882315,5.980481790812413,401.9182128407706,395.3622797273188,407.08402403731117,517.6206226272487,9.844647804075667,517.81754715474,507.97286777925456,527.2683774752429,0.12091978779117857,0.0005659925504339219,0.12098852205911825,0.12036511509175332,0.12147446049060381,0.14648644449770784,0.00378103606624053,0.145161737086596,0.14278102915279212,0.15019185984262357,7.617073531773476,0.1532804232327368,7.630408606161172,7.466858717005394,7.767288346541559,0.0818181818181818,0.003914820186610616,0.08219696969696966,0.0779816580353034,0.08565470560106021,1744.3679770370718,61.175337325613505,1754.663164131939,1684.4161464579706,1804.319807616173,5.922348484848485,0.056351242558051066,5.9215909090909085,5.8671242671415955,5.977572702555375,1.6022727272727273,0.030940269479791137,1.5954545454545455,1.571951263182532,1.6325941913629225,0.6279545454545454,0.05916021576597387,0.6254545454545455,0.5699775340038911,0.6859315569051998,0.388421322802069,0.18313369975314506,0.33452726303948843,0.20895029704398682,0.5678923485601511,0.6042472979559073,0.10826279854504506,0.5714285714285714,0.4981497553817631,0.7103448405300514,2.1490909090909094,0.0834385011315183,2.1681818181818184,2.0673211779820213,2.2308606401997975,0.3885,0.012990672644539123,0.38745454545454544,0.37576914080835166,0.40123085919164836,0.3274644914314404,0.012249073115904318,0.32454600569628667,0.3154603997778542,0.33946858308502664,0.36073282929066974,0.008149076493505707,0.35912362886101834,0.35274673432703413,0.36871892425430536,153.77341417389337,3.6995620741928055,153.3111045510402,150.14784334118443,157.39898500660232,9.024025684116369,0.1841329476003612,8.993673193730555,8.843575395468015,9.204475972764723,0.11535463175471636,0.0043047645553150665,0.11430795847567354,0.1111359624905076,0.11957330101892512,0.11535463175471636,0.0043047645553150665,0.11430795847567354,0.1111359624905076,0.11957330101892512,0.34204545454545454,0.018739551726177247,0.3390909090909091,0.3236806938538008,0.36041021523710826,0.1,0.0,0.1,0.1,0.1,0.6611583795411672,0.06499582743300601,0.6401634965181485,0.5974624686568213,0.7248542904255131
subgroup_heavy,0.1,low,slow,large,0.6963107643466163,0.004518828209530538,0.6956183342483482,0.6918823127012764,0.7007392159919562,0.25155291916571715,0.0022248820794909564,0.2512282262740282,0.249372534727816,0.2537333036036183,399.87195804587617,6.877123683539536,400.07477146403994,393.13237683600744,406.6115392557449,516.6596003864229,9.249623310543502,517.3660329152066,507.59496954209027,525.7242312307555,0.12259141547334497,0.0009204290602459745,0.1228002598214562,0.12168939499430391,0.12349343595238603,0.13935478780619043,0.006746990356389941,0.14165421932477004,0.13274273725692828,0.14596683835545257,16.609877714314376,0.5986914494951052,16.505583556274424,16.02316009380917,17.19659533481958,0.08838383838383836,0.003138839114812139,0.08933080808080805,0.08530777605132246,0.09145990071635425,6913.684276314398,522.0079155987025,6934.331497379518,6402.11651902767,7425.252033601126,5.897285353535354,0.05816761738347365,5.905934343434343,5.84028108849955,5.954289618571158,1.5022727272727272,0.07095375438768538,1.509090909090909,1.4327380479727956,1.5718074065726588,0.5327272727272727,0.09197256747554716,0.5386363636363636,0.44259415660123647,0.622860388853309,0.4637780952101732,0.13923026851706943,0.4903100775193798,0.3273324320634452,0.6002237583569012,0.569372332094535,0.10698721204029743,0.5300751879699248,0.46452486429504347,0.6742197998940265,2.476590909090909,0.06626341539934134,2.4749999999999996,2.4116527619995547,2.5415290561822634,0.3734318181818182,0.016409090909090925,0.37286363636363634,0.3573509090909091,0.3895127272727273,0.3116966376206007,0.011689344481922005,0.3159861518827787,0.3002410800283171,0.32315219521288424,0.35249324419162453,0.01370043981439443,0.351576336024612,0.339066813173518,0.36591967520973107,150.7530470337048,3.6811401501423022,150.18704056279253,147.14552968656534,154.36056438084427,17.795384992349057,0.40796762312995705,17.78796104112405,17.3955767216817,18.195193263016414,0.1197781106317741,0.006680639446418345,0.11887778712472845,0.11323108397428412,0.1263251372892641,0.1197781106317741,0.006680639446418345,0.11887778712472845,0.11323108397428412,0.1263251372892641,0.34409090909090906,0.022224747331283542,0.34727272727272723,0.3223106567062512,0.3658711614755669,0.1,0.0,0.1,0.1,0.1,0.6204854428308204,0.10158959798921541,0.6212664118565687,0.5209276368013893,0.7200432488602515
subgroup_heavy,0.1,low,slow,small,0.6955747353112274,0.0024054953973813922,0.6954873914103802,0.6932173498217936,0.6979321208006611,0.25119755995034854,0.0011958069309278361,0.2511568363042145,0.25002566915803925,0.2523694507426578,401.223151882315,5.980481790812413,401.9182128407706,395.3622797273188,407.08402403731117,517.6206226272487,9.844647804075667,517.81754715474,507.97286777925456,527.2683774752429,0.12091978779117857,0.0005659925504339219,0.12098852205911825,0.12036511509175332,0.12147446049060381,0.14648644449770784,0.00378103606624053,0.145161737086596,0.14278102915279212,0.15019185984262357,7.617073531773476,0.1532804232327368,7.630408606161172,7.466858717005394,7.767288346541559,0.0818181818181818,0.003914820186610616,0.08219696969696966,0.0779816580353034,0.08565470560106021,1744.3679770370718,61.175337325613505,1754.663164131939,1684.4161464579706,1804.319807616173,5.922348484848485,0.056351242558051066,5.9215909090909085,5.8671242671415955,5.977572702555375,1.6022727272727273,0.030940269479791137,1.5954545454545455,1.571951263182532,1.6325941913629225,0.6279545454545454,0.05916021576597387,0.6254545454545455,0.5699775340038911,0.6859315569051998,0.388421322802069,0.18313369975314506,0.33452726303948843,0.20895029704398682,0.5678923485601511,0.6042472979559073,0.10826279854504506,0.5714285714285714,0.4981497553817631,0.7103448405300514,2.1490909090909094,0.0834385011315183,2.1681818181818184,2.0673211779820213,2.2308606401997975,0.3885,0.012990672644539123,0.38745454545454544,0.37576914080835166,0.40123085919164836,0.3274644914314404,0.012249073115904318,0.32454600569628667,0.3154603997778542,0.33946858308502664,0.36073282929066974,0.008149076493505707,0.35912362886101834,0.35274673432703413,0.36871892425430536,150.66466266654243,3.901055541306789,150.01989876342287,146.84162823606178,154.48769709702307,17.580257772394315,0.5619912334796417,17.598714561310935,17.029506363584268,18.131009181204362,0.12808612493072463,0.0043764136552613495,0.1267258737076153,0.12379723954856851,0.13237501031288076,0.12808612493072463,0.0043764136552613495,0.1267258737076153,0.12379723954856851,0.13237501031288076,0.34204545454545454,0.018739551726177247,0.3390909090909091,0.3236806938538008,0.36041021523710826,0.1,0.0,0.1,0.1,0.1,0.6611583795411672,0.06499582743300601,0.6401634965181485,0.5974624686568213,0.7248542904255131
