policy,smurf_ratio,smurf_skill_gap,role_scarcity,prediction_log_loss_mean,prediction_log_loss_sd,prediction_log_loss_median,prediction_log_loss_ci95_low,prediction_log_loss_ci95_high,brier_score_mean,brier_score_sd,brier_score_median,brier_score_ci95_low,brier_score_ci95_high,rating_mae_mean,rating_mae_sd,rating_mae_median,rating_mae_ci95_low,rating_mae_ci95_high,rating_rmse_mean,rating_rmse_sd,rating_rmse_median,rating_rmse_ci95_low,rating_rmse_ci95_high,rating_volatility_mean,rating_volatility_sd,rating_volatility_median,rating_volatility_ci95_low,rating_volatility_ci95_high,expected_winprob_deviation_mean,expected_winprob_deviation_sd,expected_winprob_deviation_median,expected_winprob_deviation_ci95_low,expected_winprob_deviation_ci95_high,team_mmr_gap_mean,team_mmr_gap_sd,team_mmr_gap_median,team_mmr_gap_ci95_low,team_mmr_gap_ci95_high,role_mismatch_rate_mean,role_mismatch_rate_sd,role_mismatch_rate_median,role_mismatch_rate_ci95_low,role_mismatch_rate_ci95_high,within_team_variance_mean,within_team_variance_sd,within_team_variance_median,within_team_variance_ci95_low,within_team_variance_ci95_high,waiting_time_proxy_mean,waiting_time_proxy_sd,waiting_time_proxy_median,waiting_time_proxy_ci95_low,waiting_time_proxy_ci95_high,unfair_match_exposure_mean,unfair_match_exposure_sd,unfair_match_exposure_median,unfair_match_exposure_ci95_low,unfair_match_exposure_ci95_high,repeated_large_gap_exposure_mean,repeated_large_gap_exposure_sd,repeated_large_gap_exposure_median,repeated_large_gap_exposure_ci95_low,repeated_large_gap_exposure_ci95_high,new_player_unfair_exposure_mean,new_player_unfair_exposure_sd,new_player_unfair_exposure_median,new_player_unfair_exposure_ci95_low,new_player_unfair_exposure_ci95_high,low_activity_unfair_exposure_mean,low_activity_unfair_exposure_sd,low_activity_unfair_exposure_median,low_activity_unfair_exposure_ci95_low,low_activity_unfair_exposure_ci95_high,smurf_victimization_mean,smurf_victimization_sd,smurf_victimization_median,smurf_victimization_ci95_low,smurf_victimization_ci95_high,waiting_time_frustration_mean,waiting_time_frustration_sd,waiting_time_frustration_median,waiting_time_frustration_ci95_low,waiting_time_frustration_ci95_high,tail_unfairness_p95_mean,tail_unfairness_p95_sd,tail_unfairness_p95_median,tail_unfairness_p95_ci95_low,tail_unfairness_p95_ci95_high,cvar_unfairness_worst5_mean,cvar_unfairness_worst5_sd,cvar_unfairness_worst5_median,cvar_unfairness_worst5_ci95_low,cvar_unfairness_worst5_ci95_high,visible_rank_volatility_mean,visible_rank_volatility_sd,visible_rank_volatility_median,visible_rank_volatility_ci95_low,visible_rank_volatility_ci95_high,mmr_rank_divergence_mean,mmr_rank_divergence_sd,mmr_rank_divergence_median,mmr_rank_divergence_ci95_low,mmr_rank_divergence_ci95_high,exposure_risk_index_mean,exposure_risk_index_sd,exposure_risk_index_median,exposure_risk_index_ci95_low,exposure_risk_index_ci95_high,churn_risk_proxy_mean,churn_risk_proxy_sd,churn_risk_proxy_median,churn_risk_proxy_ci95_low,churn_risk_proxy_ci95_high,loss_streak_exposure_mean,loss_streak_exposure_sd,loss_streak_exposure_median,loss_streak_exposure_ci95_low,loss_streak_exposure_ci95_high,smurf_ratio_mean,smurf_ratio_sd,smurf_ratio_median,smurf_ratio_ci95_low,smurf_ratio_ci95_high,smurf_skill_gap_mean,smurf_skill_gap_sd,smurf_skill_gap_median,smurf_skill_gap_ci95_low,smurf_skill_gap_ci95_high,role_scarcity_level_mean,role_scarcity_level_sd,role_scarcity_level_median,role_scarcity_level_ci95_low,role_scarcity_level_ci95_high,new_player_ratio_mean,new_player_ratio_sd,new_player_ratio_median,new_player_ratio_ci95_low,new_player_ratio_ci95_high,candidate_pool_size_mean,candidate_pool_size_sd,candidate_pool_size_median,candidate_pool_size_ci95_low,candidate_pool_size_ci95_high,n_players_mean,n_players_sd,n_players_median,n_players_ci95_low,n_players_ci95_high,days_mean,days_sd,days_median,days_ci95_low,days_ci95_high,matches_per_day_mean,matches_per_day_sd,matches_per_day_median,matches_per_day_ci95_low,matches_per_day_ci95_high,fairness_debt_mean,fairness_debt_sd,fairness_debt_median,fairness_debt_ci95_low,fairness_debt_ci95_high,fairness_debt_reduction_vs_nearest_mean,fairness_debt_reduction_vs_nearest_sd,fairness_debt_reduction_vs_nearest_median,fairness_debt_reduction_vs_nearest_ci95_low,fairness_debt_reduction_vs_nearest_ci95_high,smurf_victimization_delta_vs_nearest_mean,smurf_victimization_delta_vs_nearest_sd,smurf_victimization_delta_vs_nearest_median,smurf_victimization_delta_vs_nearest_ci95_low,smurf_victimization_delta_vs_nearest_ci95_high,risk_transfer_index_mean,risk_transfer_index_sd,risk_transfer_index_median,risk_transfer_index_ci95_low,risk_transfer_index_ci95_high,nearest_debt_mean,nearest_debt_sd,nearest_debt_median,nearest_debt_ci95_low,nearest_debt_ci95_high,nearest_smurf_mean,nearest_smurf_sd,nearest_smurf_median,nearest_smurf_ci95_low,nearest_smurf_ci95_high
multi_objective_with_smurf_exposure_penalty,0.0,300,high,0.6913038386807742,0.0012502556524954867,0.6911976887286186,0.6900785881413286,0.6925290892202197,0.24908082367313092,0.0006253115744651796,0.2490291245301527,0.24846801833015505,0.24969362901610678,334.08298372857297,8.993374764304273,335.17169399947306,325.26947645955477,342.8964909975912,419.72189014122506,7.890931108205118,419.0954695905519,411.98877765518404,427.4550026272661,0.1157412605085883,0.0007393989566229502,0.11584052553817265,0.1150166495310978,0.11646587148607879,0.12542499616352248,0.004240622797589407,0.126105590684157,0.12126918582188487,0.1295808065051601,7.3735712585506645,0.982089438881948,7.274930161183775,6.411123608446355,8.336018908654973,0.06464843749999998,0.004915256793796051,0.06471354166666665,0.05983148584207985,0.06946538915792011,3044.78410174656,347.91179169133886,2957.431288914672,2703.8305458890477,3385.737657604072,5.760807291666667,0.08527721403462336,5.79140625,5.677235621912736,5.844378961420597,0.9444444444444444,0.058925565098878925,0.9305555555555556,0.886697390647543,1.0021914982413458,0.325,0.07955153362479955,0.30625,0.24703949704769645,0.40296050295230357,0.5894268674236647,0.028360400889855593,0.5911392405063292,0.5616336745516062,0.6172200602957232,0.36101205892872557,0.08990834240809609,0.3561307519640852,0.2729018833687914,0.44912223448865973,0.0,0.0,0.0,0.0,0.0,0.2577430555555555,0.022001033166443487,0.2603472222222222,0.23618204305244087,0.2793040680586701,0.2804390038860101,0.01935590153431556,0.2793389700511796,0.2614702203823809,0.29940778738963936,0.31898473836836017,0.016276966287719366,0.32645178236659494,0.30303331140639517,0.33493616533032516,127.84583544554694,4.379385572761003,128.1244014467322,123.55403758424116,132.13763330685273,12.401570351414202,0.4690988229121861,12.612301639772319,11.94185350496026,12.861287197868144,0.08323632432180922,0.006972770489411072,0.08087816491527386,0.07640300924218636,0.09006963940143208,0.08323632432180922,0.006972770489411072,0.08087816491527386,0.07640300924218636,0.09006963940143208,0.3899305555555555,0.028494796832089515,0.38749999999999996,0.36200565466010776,0.41785545645100325,0.0,0.0,0.0,0.0,0.0,300.0,0.0,300.0,300.0,300.0,0.45,0.0,0.45,0.45,0.45,0.1,0.0,0.1,0.1,0.1,30.0,0.0,30.0,30.0,30.0,720.0,0.0,720.0,720.0,720.0,16.0,0.0,16.0,16.0,16.0,120.0,0.0,120.0,120.0,120.0,0.1765549961292378,0.029954563362645684,0.16523687564497197,0.14719952403384504,0.20591046822463058,0.3266924579484482,0.01839475312927277,0.33078643319827983,0.3086655998817609,0.3447193160151355,0.0,0.0,0.0,0.0,0.0,0.0,0.0,0.0,0.0,0.0,0.503247454077686,0.03410783753225828,0.5023508187409269,0.4698217732960729,0.5366731348592991,0.0,0.0,0.0,0.0,0.0
multi_objective_with_smurf_exposure_penalty,0.0,300,low,0.6926386435166154,0.002871445868082035,0.6926753988569283,0.689824626565895,0.6954526604673358,0.24974538254441642,0.00143049683099367,0.24976394390555778,0.24834349565004263,0.25114726943879023,333.97879655369115,7.297191453197623,335.0041344146501,326.8275489295575,341.1300441778248,419.99577318192496,7.648607811577188,418.9254784091074,412.5001375265793,427.4914088372706,0.11405305384794477,0.00041279578377335604,0.11411329468936005,0.11364851397984688,0.11445759371604267,0.1234180533556411,0.0031331785234525364,0.1228581838033482,0.12034753840265762,0.1264885683086246,6.87498322474975,0.07112748723420978,6.869322867353768,6.805278287260224,6.9446881622392755,0.06074218749999995,0.003917085665752946,0.061067708333333304,0.05690344354756206,0.06458093145243783,3029.1852690631304,304.9473189543478,3075.897103987113,2730.3368964878696,3328.033641638391,5.869791666666666,0.0950307957517128,5.860677083333332,5.776661486829988,5.9629218465033444,0.9479166666666666,0.07115938031916387,0.9652777777777778,0.8781804739538861,1.0176528593794472,0.31180555555555556,0.03703414340548161,0.30347222222222225,0.2755120950181836,0.34809901609292754,0.3746474809765949,0.08835810981998173,0.3531411157993436,0.2880565333530128,0.461238428600177,0.40698190698190695,0.11053526614499364,0.42507492507492506,0.2986573461598132,0.5153064678040007,0.0,0.0,0.0,0.0,0.0,0.2773263888888889,0.01953694104329585,0.27631944444444445,0.258180186666459,0.2964725911113188,0.27921591440383065,0.014345645118995021,0.27688892558578637,0.2651571821872155,0.2932746466204458,0.31798930666705577,0.01564329702051205,0.3158930363112231,0.302658875586954,0.33331973774715756,127.99029956867496,4.433613308519965,128.48608735707055,123.6453585263254,132.33524061102452,11.462922141164254,0.5842740589443765,11.45097176778355,10.890333563398766,12.035510718929743,0.08033353982453072,0.0031723309463206504,0.0801573588704439,0.07722465549713647,0.08344242415192496,0.08033353982453072,0.0031723309463206504,0.0801573588704439,0.07722465549713647,0.08344242415192496,0.34305555555555556,0.01731011027392586,0.34305555555555556,0.3260916474871082,0.3600194636240029,0.0,0.0,0.0,0.0,0.0,300.0,0.0,300.0,300.0,300.0,0.08,0.0,0.08,0.08,0.08,0.1,0.0,0.1,0.1,0.1,30.0,0.0,30.0,30.0,30.0,720.0,0.0,720.0,720.0,720.0,16.0,0.0,16.0,16.0,16.0,120.0,0.0,120.0,120.0,120.0,0.16607832737614564,0.026846113844577787,0.16233959781574903,0.1397691358084594,0.19238751894383188,0.3383079947591975,0.09992896984281133,0.3216918883229356,0.2403776043132424,0.43623838520515257,0.0,0.0,0.0,0.0,0.0,0.0,0.0,0.0,0.0,0.0,0.5043863221353432,0.0761394104563265,0.48403148613868463,0.42976969988814323,0.5790029443825432,0.0,0.0,0.0,0.0,0.0
multi_objective_with_smurf_exposure_penalty,0.0,700,high,0.6913038386807742,0.0012502556524954867,0.6911976887286186,0.6900785881413286,0.6925290892202197,0.24908082367313092,0.0006253115744651796,0.2490291245301527,0.24846801833015505,0.24969362901610678,334.08298372857297,8.993374764304273,335.17169399947306,325.26947645955477,342.8964909975912,419.72189014122506,7.890931108205118,419.0954695905519,411.98877765518404,427.4550026272661,0.1157412605085883,0.0007393989566229502,0.11584052553817265,0.1150166495310978,0.11646587148607879,0.12542499616352248,0.004240622797589407,0.126105590684157,0.12126918582188487,0.1295808065051601,7.3735712585506645,0.982089438881948,7.274930161183775,6.411123608446355,8.336018908654973,0.06464843749999998,0.004915256793796051,0.06471354166666665,0.05983148584207985,0.06946538915792011,3044.78410174656,347.91179169133886,2957.431288914672,2703.8305458890477,3385.737657604072,5.760807291666667,0.08527721403462336,5.79140625,5.677235621912736,5.844378961420597,0.9444444444444444,0.058925565098878925,0.9305555555555556,0.886697390647543,1.0021914982413458,0.325,0.07955153362479955,0.30625,0.24703949704769645,0.40296050295230357,0.5894268674236647,0.028360400889855593,0.5911392405063292,0.5616336745516062,0.6172200602957232,0.36101205892872557,0.08990834240809609,0.3561307519640852,0.2729018833687914,0.44912223448865973,0.0,0.0,0.0,0.0,0.0,0.2577430555555555,0.022001033166443487,0.2603472222222222,0.23618204305244087,0.2793040680586701,0.2804390038860101,0.01935590153431556,0.2793389700511796,0.2614702203823809,0.29940778738963936,0.31898473836836017,0.016276966287719366,0.32645178236659494,0.30303331140639517,0.33493616533032516,127.84583544554694,4.379385572761003,128.1244014467322,123.55403758424116,132.13763330685273,12.401570351414202,0.4690988229121861,12.612301639772319,11.94185350496026,12.861287197868144,0.08323632432180922,0.006972770489411072,0.08087816491527386,0.07640300924218636,0.09006963940143208,0.08323632432180922,0.006972770489411072,0.08087816491527386,0.07640300924218636,0.09006963940143208,0.3899305555555555,0.028494796832089515,0.38749999999999996,0.36200565466010776,0.41785545645100325,0.0,0.0,0.0,0.0,0.0,700.0,0.0,700.0,700.0,700.0,0.45,0.0,0.45,0.45,0.45,0.1,0.0,0.1,0.1,0.1,30.0,0.0,30.0,30.0,30.0,720.0,0.0,720.0,720.0,720.0,16.0,0.0,16.0,16.0,16.0,120.0,0.0,120.0,120.0,120.0,0.1765549961292378,0.029954563362645684,0.16523687564497197,0.14719952403384504,0.20591046822463058,0.3266924579484482,0.01839475312927277,0.33078643319827983,0.3086655998817609,0.3447193160151355,0.0,0.0,0.0,0.0,0.0,0.0,0.0,0.0,0.0,0.0,0.503247454077686,0.03410783753225828,0.5023508187409269,0.4698217732960729,0.5366731348592991,0.0,0.0,0.0,0.0,0.0
multi_objective_with_smurf_exposure_penalty,0.0,700,low,0.6926386435166154,0.002871445868082035,0.6926753988569283,0.689824626565895,0.6954526604673358,0.24974538254441642,0.00143049683099367,0.24976394390555778,0.24834349565004263,0.25114726943879023,333.97879655369115,7.297191453197623,335.0041344146501,326.8275489295575,341.1300441778248,419.99577318192496,7.648607811577188,418.9254784091074,412.5001375265793,427.4914088372706,0.11405305384794477,0.00041279578377335604,0.11411329468936005,0.11364851397984688,0.11445759371604267,0.1234180533556411,0.0031331785234525364,0.1228581838033482,0.12034753840265762,0.1264885683086246,6.87498322474975,0.07112748723420978,6.869322867353768,6.805278287260224,6.9446881622392755,0.06074218749999995,0.003917085665752946,0.061067708333333304,0.05690344354756206,0.06458093145243783,3029.1852690631304,304.9473189543478,3075.897103987113,2730.3368964878696,3328.033641638391,5.869791666666666,0.0950307957517128,5.860677083333332,5.776661486829988,5.9629218465033444,0.9479166666666666,0.07115938031916387,0.9652777777777778,0.8781804739538861,1.0176528593794472,0.31180555555555556,0.03703414340548161,0.30347222222222225,0.2755120950181836,0.34809901609292754,0.3746474809765949,0.08835810981998173,0.3531411157993436,0.2880565333530128,0.461238428600177,0.40698190698190695,0.11053526614499364,0.42507492507492506,0.2986573461598132,0.5153064678040007,0.0,0.0,0.0,0.0,0.0,0.2773263888888889,0.01953694104329585,0.27631944444444445,0.258180186666459,0.2964725911113188,0.27921591440383065,0.014345645118995021,0.27688892558578637,0.2651571821872155,0.2932746466204458,0.31798930666705577,0.01564329702051205,0.3158930363112231,0.302658875586954,0.33331973774715756,127.99029956867496,4.433613308519965,128.48608735707055,123.6453585263254,132.33524061102452,11.462922141164254,0.5842740589443765,11.45097176778355,10.890333563398766,12.035510718929743,0.08033353982453072,0.0031723309463206504,0.0801573588704439,0.07722465549713647,0.08344242415192496,0.08033353982453072,0.0031723309463206504,0.0801573588704439,0.07722465549713647,0.08344242415192496,0.34305555555555556,0.01731011027392586,0.34305555555555556,0.3260916474871082,0.3600194636240029,0.0,0.0,0.0,0.0,0.0,700.0,0.0,700.0,700.0,700.0,0.08,0.0,0.08,0.08,0.08,0.1,0.0,0.1,0.1,0.1,30.0,0.0,30.0,30.0,30.0,720.0,0.0,720.0,720.0,720.0,16.0,0.0,16.0,16.0,16.0,120.0,0.0,120.0,120.0,120.0,0.16607832737614564,0.026846113844577787,0.16233959781574903,0.1397691358084594,0.19238751894383188,0.3383079947591975,0.09992896984281133,0.3216918883229356,0.2403776043132424,0.43623838520515257,0.0,0.0,0.0,0.0,0.0,0.0,0.0,0.0,0.0,0.0,0.5043863221353432,0.0761394104563265,0.48403148613868463,0.42976969988814323,0.5790029443825432,0.0,0.0,0.0,0.0,0.0
multi_objective_with_smurf_exposure_penalty,0.02,300,high,0.6932393291705242,0.0030683987328707306,0.6927773006413098,0.6902322984123109,0.6962463599287375,0.25005130948836685,0.0015406407063174627,0.2498141173362728,0.24854148159617573,0.25156113738055796,342.1289272001949,11.672137401285916,342.35238452380054,330.6902325469347,353.5676218534551,426.83402514480645,14.736808098183417,428.60026172369896,412.3919532085867,441.2760970810262,0.11544950118546347,0.0008225757005902275,0.1157601270107521,0.11464337699888505,0.1162556253720419,0.12813468875526826,0.004177517191907923,0.127999057200917,0.1240407219071985,0.13222865560333802,9.297884316674919,1.1189528090062895,9.13456504133313,8.201310563848756,10.394458069501082,0.0802083333333333,0.00336868192915491,0.080859375,0.07690702504276149,0.0835096416239051,3208.982740137875,1013.5353370478849,2768.637691977101,2215.718109830948,4202.247370444802,5.907942708333334,0.05050628907197302,5.9169270833333325,5.8584465450428,5.957438871623867,0.9409722222222222,0.09169121444601094,0.9444444444444444,0.8511148320651315,1.030829612379313,0.3427083333333333,0.06806382224924601,0.34861111111111104,0.2760057875290722,0.4094108791375944,0.6642733832787662,0.10975888623599311,0.6747216299455105,0.5567096747674929,0.7718370917900395,0.38216381089436935,0.08368295917482271,0.4088854449179904,0.3001545109030431,0.4641731108856956,0.50625,0.19417143532532352,0.4472222222222222,0.3159619933811829,0.696538006618817,0.28256944444444443,0.00821090625214306,0.28368055555555555,0.27452275631734424,0.2906161325715446,0.29908071793424174,0.011383471973903485,0.2967991351653241,0.2879249153998163,0.3102365204686672,0.33478667726777184,0.010180056225254351,0.33389068759062185,0.3248102221670226,0.3447631323685211,131.68108613052993,1.9822459794368827,131.8861191779591,129.73848507068178,133.6236871903781,12.214299883501525,0.3010626761106105,12.263980411584923,11.919258460913127,12.509341306089922,0.08515432507451617,0.006227631379764112,0.08529012021183945,0.07905124632234735,0.091257403826685,0.08515432507451617,0.006227631379764112,0.08529012021183945,0.07905124632234735,0.091257403826685,0.39374999999999993,0.012704095124085435,0.3944444444444444,0.3812999867783962,0.40620001322160365,0.02,0.0,0.02,0.02,0.02,300.0,0.0,300.0,300.0,300.0,0.45,0.0,0.45,0.45,0.45,0.1,0.0,0.1,0.1,0.1,30.0,0.0,30.0,30.0,30.0,720.0,0.0,720.0,720.0,720.0,16.0,0.0,16.0,16.0,16.0,120.0,0.0,120.0,120.0,120.0,0.25674301901973495,0.036756039310874,0.26053760956031646,0.22072210049507843,0.29276393754439145,0.27659397001572283,0.11909534473415992,0.2800178643632412,0.15988053217624612,0.3933074078551996,-0.05173611111111108,0.10470155877285219,-0.04513888888888887,-0.1543436387085062,0.05087141648628406,-0.15967952003642705,0.46749193646105985,-0.14639285607791688,-0.6178216177682657,0.2984625776954116,0.5333369890354577,0.11933300204285309,0.5057332891495527,0.4163906470334616,0.6502833310374537,0.5579861111111111,0.11833232806910858,0.5125,0.44202042960338467,0.6739517926188374
multi_objective_with_smurf_exposure_penalty,0.02,300,low,0.695357566426026,0.002994003800473133,0.6948586034347854,0.6924234427015623,0.6982916901504896,0.25109774124672224,0.0014889457486656084,0.2508538123990294,0.24963857441302995,0.25255690808041453,341.00090771035804,11.090827886738055,339.74637003221216,330.13189638135475,351.8699190393613,426.45158844239,13.935092455113924,427.21102508716615,412.79519783637835,440.10797904840166,0.1136184867831258,0.00045545170135140225,0.1136395715886917,0.11317214411580143,0.11406482945045018,0.13024051278836374,0.002039676239186032,0.1308986022540912,0.12824163007396142,0.13223939550276606,9.157671769037236,0.9247685785009868,9.137672291572143,8.251398562106269,10.063944975968203,0.07760416666666663,0.0037617966458368497,0.07812499999999994,0.07391760595374651,0.08129072737958674,3096.800881216272,625.7578948624016,2956.641563020976,2483.5581442511184,3710.0436181814257,5.954166666666667,0.05706552591263181,5.94921875,5.898242451272288,6.0100908820610455,1.034722222222222,0.05613127617121358,1.0486111111111112,0.9797135715744328,1.0897308728700115,0.39999999999999997,0.029680223008934456,0.38611111111111107,0.3709133814512442,0.42908661854875574,0.5323680351906158,0.0963341362346138,0.5143939393939394,0.4379605816806943,0.6267754887005373,0.4192820967984249,0.08953488020641291,0.41921768707482987,0.3315379141961402,0.5070262794007095,0.6347222222222223,0.2598793840201319,0.5673611111111111,0.38004042588249304,0.8894040185619516,0.2904513888888889,0.011769484654517461,0.2917361111111111,0.2789172939274618,0.301985483850316,0.29379273440488196,0.00898434626269982,0.2958690433806854,0.2849880750674361,0.3025973937423278,0.33933593511435056,0.01436692774389573,0.33673990557512323,0.32525634592533276,0.35341552430336837,132.0044939443041,2.072347364352624,131.9552161299451,129.97359352723853,134.03539436136967,11.592266771208134,0.3875836390671394,11.49227860028245,11.212434804922337,11.972098737493932,0.08900928596901618,0.002961196266048039,0.08935154812326075,0.0861073136282891,0.09191125830974325,0.08900928596901618,0.002961196266048039,0.08935154812326075,0.0861073136282891,0.09191125830974325,0.3579861111111111,0.014627358590721815,0.36458333333333326,0.34365129969220376,0.37232092253001847,0.02,0.0,0.02,0.02,0.02,300.0,0.0,300.0,300.0,300.0,0.08,0.0,0.08,0.08,0.08,0.1,0.0,0.1,0.1,0.1,30.0,0.0,30.0,30.0,30.0,720.0,0.0,720.0,720.0,720.0,16.0,0.0,16.0,16.0,16.0,120.0,0.0,120.0,120.0,120.0,0.27041661068664713,0.02990639094988735,0.27600898224541415,0.24110834755575752,0.2997248738175367,0.24012940664749777,0.03756049666555676,0.25335497499814114,0.20332011991525215,0.2769386933797434,-0.03472222222222218,0.190964225421796,-0.022916666666666696,-0.22186716313558227,0.1524227186911379,-0.08419154908054613,0.8562733800895004,-0.08372037203616692,-0.9233394615682565,0.7549563634071642,0.510546017334145,0.036378481636258196,0.5139292985961189,0.4748951053306119,0.5461969293376779,0.6694444444444444,0.15103381737799504,0.6861111111111111,0.5214313034140092,0.8174575854748796
multi_objective_with_smurf_exposure_penalty,0.02,700,high,0.6988005566752676,0.004372881430034992,0.6974210448300542,0.6945151328738334,0.7030859804767019,0.2528052774596205,0.0021947622472698438,0.2521109155387597,0.2506544104572961,0.2549561444619449,355.84388691865075,14.202394215459133,356.6187664492582,341.9255405875008,369.7622332498007,449.85804160006705,17.899716892146728,453.3579157464634,432.31631904576324,467.39976415437087,0.1155311697582643,0.0012438252647899546,0.1157652003818032,0.11431222099877014,0.11675011851775846,0.1328072374691239,0.00908924057189392,0.1316931626345006,0.12389978170866786,0.14171469322957994,12.913012876226066,2.1803793308268116,12.653531565572775,10.776241132015791,15.049784620436341,0.09049479166666663,0.004685088114067248,0.08880208333333331,0.08590340531488072,0.09508617801845254,4857.389997567692,878.8277239416763,4844.964201275077,3996.1388281048494,5718.641167030535,5.931380208333334,0.047715032811391146,5.928125,5.8846194761781705,5.978140940488497,1.0451388888888888,0.03824701768948681,1.0486111111111112,1.0076568115531919,1.0826209662245858,0.41423611111111114,0.054931389584903054,0.3979166666666667,0.36040334931790613,0.46806887290431615,0.7721788783355947,0.21939805938343265,0.7416666666666667,0.5571687801398307,0.9871889765313587,0.39878036646661763,0.1042154185480932,0.4204788657035847,0.2966492562894863,0.500911476643749,0.4711805555555556,0.20977395425246687,0.46249999999999997,0.26560208038813804,0.6767590307229732,0.28375,0.01089783740392125,0.2811111111111111,0.2730701193441572,0.2944298806558428,0.3083389290267738,0.01999246691862135,0.30289751757306815,0.28874631144652485,0.32793154660702273,0.34875996007244403,0.02242071337079296,0.3498516408490847,0.3267876609690669,0.37073225917582114,144.82209198145446,4.563331867246632,146.2848932230561,140.35002675155278,149.29415721135615,12.131868286977246,0.3907492629221363,11.994002359131475,11.748934009313553,12.51480256464094,0.09124134103436352,0.003820605589907689,0.09161710510650595,0.08749714755625398,0.09498553451247305,0.09124134103436352,0.003820605589907689,0.09161710510650595,0.08749714755625398,0.09498553451247305,0.3736111111111111,0.028598972613852757,0.37083333333333335,0.3455841179495354,0.4016381042726868,0.02,0.0,0.02,0.02,0.02,700.0,0.0,700.0,700.0,700.0,0.45,0.0,0.45,0.45,0.45,0.1,0.0,0.1,0.1,0.1,30.0,0.0,30.0,30.0,30.0,720.0,0.0,720.0,720.0,720.0,16.0,0.0,16.0,16.0,16.0,120.0,0.0,120.0,120.0,120.0,0.2984240446079452,0.03361559323760048,0.2840185043768274,0.26548076323509673,0.33136732598079366,0.2600703161663418,0.10065359660407525,0.2853284791747344,0.16142979149434805,0.35871084083833554,0.26180555555555557,0.2285119716632274,0.2145833333333333,0.03786382332559271,0.48574728778551846,1.560310385479915,2.1369739828428433,0.6465254104530708,-0.5339241177060714,3.6545448886659013,0.5584943607742869,0.12089899660353015,0.56375011594838,0.4400133441028274,0.6769753774457465,0.20937499999999998,0.0725807961172966,0.2097222222222222,0.1382458198050493,0.28050418019495066
multi_objective_with_smurf_exposure_penalty,0.02,700,low,0.6987754613874249,0.0032610122244699506,0.6985334888876904,0.6955796694074443,0.7019712533674054,0.252775677660947,0.0015957945609651719,0.25266305193337585,0.2512117989912011,0.2543395563306929,354.3086226474281,12.013365728471383,354.6671956110579,342.53552423352613,366.08172106133003,449.3466540316716,16.674292481413506,453.0106447119157,433.00584739988636,465.6874606634569,0.11390710314685437,0.000628974822596201,0.1139924064117595,0.1132907078207101,0.11452349847299864,0.13078339520141347,0.005614794686138118,0.13296333070853233,0.12528089640899812,0.13628589399382882,11.728677603071352,2.201225951581021,11.605845646358812,9.57147617052195,13.885879035620754,0.08749999999999994,0.0052816026892973066,0.0885416666666666,0.08232402936448859,0.09267597063551129,4923.902450238818,1604.2059964256953,4602.900125676848,3351.780573741637,6496.024326736,5.971354166666667,0.04987506091614162,5.96875,5.922476606968848,6.020231726364486,1.0833333333333335,0.04392052305789421,1.0902777777777777,1.040291220736597,1.1263754459300699,0.40555555555555556,0.03965839212378159,0.40902777777777777,0.3666903312742496,0.4444207798368615,0.5786705139220174,0.1516504659530414,0.6326007326007326,0.43005305728803683,0.727287970555998,0.4187811505849918,0.06518304054448797,0.4259976753196435,0.3549017708513936,0.48266053031859,0.5454861111111111,0.24821475491520073,0.5993055555555555,0.30223565129421437,0.7887365709280079,0.295,0.01144689384072478,0.2986111111111111,0.2837820440360897,0.30621795596391027,0.29948577375638163,0.016927131414248953,0.2955059558044151,0.28289718497041766,0.3160743625423456,0.3337454979585997,0.014473277170625399,0.337766220578569,0.3195616863313868,0.3479293095858126,145.07085391914998,4.418542004033065,146.50310674857542,140.74068275519758,149.40102508310238,11.467049433995301,0.5545163270591676,11.403046459784301,10.923623433477317,12.010475434513285,0.08946412254765833,0.0026151461894708137,0.09031184127089155,0.08690127928197693,0.09202696581333973,0.08946412254765833,0.0026151461894708137,0.09031184127089155,0.08690127928197693,0.09202696581333973,0.32708333333333334,0.01548678581822013,0.32291666666666663,0.3119062832314776,0.34226038343518905,0.02,0.0,0.02,0.02,0.02,700.0,0.0,700.0,700.0,700.0,0.08,0.0,0.08,0.08,0.08,0.1,0.0,0.1,0.1,0.1,30.0,0.0,30.0,30.0,30.0,720.0,0.0,720.0,720.0,720.0,16.0,0.0,16.0,16.0,16.0,120.0,0.0,120.0,120.0,120.0,0.28940709968733747,0.044058285036057306,0.29879683131195617,0.2462299803520013,0.33258421902267365,0.21849560528849926,0.076508633753149,0.2524598059294688,0.14351714421041326,0.29347406636658524,0.2892361111111111,0.1822300380832847,0.30347222222222225,0.11065067378949209,0.46782154843273005,1.8258376603603286,2.0117646074268962,1.1605903078677176,-0.1456916549180296,3.7973669756386865,0.5079027049758367,0.06245908071481356,0.5158903722502035,0.4466928058753194,0.569112604076354,0.25625,0.11890760063894963,0.21666666666666667,0.13972055137382933,0.37277944862617063
multi_objective_with_smurf_exposure_penalty,0.05,300,high,0.6919462310133871,0.00294556255793252,0.6921344493775798,0.6890595797066132,0.694832882320161,0.2494110843501329,0.0014669128129758268,0.2495071287650309,0.2479735097934166,0.2508486589068492,346.25658657747016,5.701487479735152,347.86278714386117,340.6691288473297,351.8440443076106,433.764988210911,2.8511359206452043,434.2619059107307,430.97087500867866,436.5591014131433,0.11614303415937748,0.00023405090846763936,0.11618873882946645,0.11591366426907919,0.11637240404967576,0.1273869167374373,0.008060351639393453,0.12397885343545209,0.11948777213083171,0.1352860613440429,10.990920653525315,0.7756525746859282,10.706534593843362,10.230781130333105,11.751060176717525,0.08398437499999997,0.004065058845127843,0.08385416666666665,0.08000061733177469,0.08796813266822526,3564.5721519509416,587.828882196468,3474.771694500576,2988.499847398403,4140.64445650348,5.923307291666666,0.064938504508236,5.938802083333334,5.859667557248595,5.986947026084738,0.96875,0.10229805460177946,0.9652777777777778,0.8684979064902562,1.069002093509744,0.3489583333333333,0.08411955502162999,0.37569444444444444,0.26652116941213594,0.4313954972545307,0.7246570647440613,0.21109524854766115,0.7912063632346442,0.5177837211673534,0.9315304083207693,0.35697762603250405,0.1128407375438161,0.38428492239467843,0.24639370323956428,0.4675615488254438,1.24375,0.10701657019497648,1.2902777777777779,1.138873761208923,1.3486262387910768,0.28784722222222214,0.008922462636860575,0.2871527777777777,0.2791032088380988,0.2965912356063455,0.2943452929270304,0.01723207330870343,0.29196984431082335,0.277457861084501,0.31123272476955977,0.33114742632060984,0.020012592293107534,0.32891758264424803,0.3115350858733645,0.3507597667678552,131.68172780362022,4.942798203949729,131.72227682005575,126.83778556374949,136.52567004349095,12.404227038299375,0.3550194062163367,12.45517961012851,12.056308020207364,12.752146056391386,0.08650721907442284,0.007821557914579983,0.08749902607572366,0.07884209231813445,0.09417234583071123,0.08650721907442284,0.007821557914579983,0.08749902607572366,0.07884209231813445,0.09417234583071123,0.390625,0.03301107729656569,0.4048611111111111,0.35827414424936566,0.42297585575063434,0.05,0.0,0.05,0.05,0.05,300.0,0.0,300.0,300.0,300.0,0.45,0.0,0.45,0.45,0.45,0.1,0.0,0.1,0.1,0.1,30.0,0.0,30.0,30.0,30.0,720.0,0.0,720.0,720.0,720.0,16.0,0.0,16.0,16.0,16.0,120.0,0.0,120.0,120.0,120.0,0.31284427030646883,0.04628127494874613,0.3037632011995258,0.2674886208566976,0.35819991975624005,0.17779051026522563,0.0945441646998877,0.17624199127117665,0.08513722885933568,0.2704437916711156,0.30625,0.10499669306961794,0.2923611111111113,0.20335324079177444,0.40914675920822563,2.082759868180337,1.0589064866314477,2.0477669668674903,1.0450315112815185,3.120488225079156,0.4906347805716945,0.056984675162539404,0.4981673306845885,0.4347897989124059,0.5464797622309832,0.9374999999999999,0.10370577048205029,0.9138888888888889,0.8358683449275905,1.0391316550724092
multi_objective_with_smurf_exposure_penalty,0.05,300,low,0.6952463241730206,0.0015525496074341241,0.6956031278257199,0.6937248255577352,0.696767822788306,0.2510457425636816,0.0007831937534940605,0.2512300994950333,0.25027821268525746,0.2518132724421058,344.9462245646654,6.007360200538715,345.0880935785164,339.05901156813746,350.8334375611933,432.9066473635428,3.5144406627306095,433.8899922296769,429.4624955140668,436.3507992130188,0.11354171882747824,0.0009796104326353964,0.1136111419679307,0.11258170060349555,0.11450173705146093,0.13326250579588406,0.006586830432375469,0.13116033675106614,0.1268074119721561,0.13971759961961203,10.61587249024166,0.7981715531529595,10.88401053137072,9.83366436815176,11.39808061233156,0.08463541666666666,0.004624382153426123,0.08307291666666665,0.08010352215630906,0.08916731117702426,3255.6576593006394,607.9216818909568,3129.4831826809495,2659.8944110475018,3851.420907553777,5.956119791666667,0.06852258129885934,5.945833333333333,5.888967661993784,6.023271921339549,1.0243055555555556,0.06932860709199974,1.0347222222222223,0.9563635206053959,1.0922475905057154,0.3666666666666666,0.012161042163484907,0.3659722222222222,0.3547488453464514,0.37858448798688177,0.5487903021622287,0.16296235351520977,0.6051563619002149,0.3890871957173231,0.7084934086071343,0.35256892497746156,0.11137321437832708,0.3127497502497502,0.243423174886701,0.4617146750682221,1.4395833333333334,0.09071121023639495,1.4506944444444443,1.3506863473016664,1.5284803193650005,0.2947569444444444,0.012505849968563253,0.2922916666666666,0.2825012114752524,0.30701267741363636,0.30297044029086506,0.02442936165613393,0.30791220971435224,0.2790296658678538,0.3269112147138763,0.34157003579484563,0.011732257719388803,0.3465491689531516,0.3300724232298446,0.35306764835984666,131.89114296332406,4.8612523210040814,131.6062210803134,127.12711568874006,136.65517023790807,11.348448142093567,0.47257659224789184,11.204633520915474,10.885323081690633,11.8115732024965,0.08569109675026129,0.0026711907443311062,0.0857484929428154,0.0830733298208168,0.08830886367970578,0.08569109675026129,0.0026711907443311062,0.0857484929428154,0.0830733298208168,0.08830886367970578,0.3315972222222222,0.022146137109863864,0.32361111111111107,0.3098940078545556,0.3533004365898888,0.05,0.0,0.05,0.05,0.05,300.0,0.0,300.0,300.0,300.0,0.08,0.0,0.08,0.08,0.08,0.1,0.0,0.1,0.1,0.1,30.0,0.0,30.0,30.0,30.0,720.0,0.0,720.0,720.0,720.0,16.0,0.0,16.0,16.0,16.0,120.0,0.0,120.0,120.0,120.0,0.3301339995155589,0.04263185046375455,0.3276442432165426,0.28835478606107945,0.3719132129700383,0.2502666171437169,0.08783740419357224,0.22884987548023322,0.16418596103401611,0.3363472732534177,0.6027777777777777,0.05133255170160092,0.5979166666666667,0.5524718771102088,0.6530836784453466,2.645347053508151,0.990881180161361,2.534877756744931,1.674283496950017,3.6164106100662847,0.5804006166592758,0.09244616587641152,0.5614736312948084,0.4898033741003925,0.6709978592181591,0.8368055555555555,0.09511269577253786,0.8131944444444444,0.7435951136984684,0.9300159974126425
multi_objective_with_smurf_exposure_penalty,0.05,700,high,0.7003708769171805,0.005773978214137523,0.7001309174475325,0.6947123782673257,0.7060293755670353,0.25358134654669123,0.002897133810621117,0.253417309532599,0.25074215541228256,0.2564205376810999,376.79092328994193,8.358550500441465,378.81075557903534,368.5995437995093,384.98230278037454,489.5062734140652,6.9137549362725,489.8144745631872,482.7307935765182,496.28175325161226,0.1165940077427691,0.0007796751851118658,0.11685137002716886,0.11582992606135947,0.11735808942417872,0.12937166337030065,0.004305751740285212,0.12946260006029564,0.12515202666482114,0.13359130007578016,21.60220966340234,3.395433895305727,20.986506725693527,18.27468444600273,24.929734880801952,0.09205729166666665,0.00659322338602719,0.09270833333333331,0.08559593274836,0.0985186505849733,11200.779179226867,2322.7121607449,10411.0685726437,8924.521261696866,13477.037096756869,5.906380208333333,0.07782276608427005,5.913541666666665,5.830113897570748,5.982646519095918,0.9965277777777778,0.020833333333333304,1.0,0.9761111111111112,1.0169444444444444,0.38819444444444445,0.0484122918275927,0.39652777777777776,0.3407503984534036,0.4356384904354853,0.8142024419572822,0.15937960229113643,0.806781045751634,0.6580104317119685,0.9703944522025959,0.3431606503252845,0.02499156914823776,0.34097152847152845,0.31866891256001145,0.3676523880905575,1.1784722222222224,0.09280646595715616,1.2000000000000002,1.0875218855842093,1.2694225588602355,0.28572916666666665,0.01876435493019949,0.29194444444444445,0.26734009883507115,0.30411823449826214,0.2998974923583564,0.024152333587754354,0.29655970811217375,0.2762282054423571,0.3235667792743557,0.33537654718203963,0.00815593139703304,0.33326390031172015,0.32738373441294727,0.343369359951132,158.8501677919619,7.851961052795616,158.52663093393352,151.1552459602222,166.54508962370159,12.025115596360399,0.6329742308498335,12.094760184552571,11.404800850127563,12.645430342593235,0.08873641273509798,0.005278470965349303,0.08881440095338945,0.08356351118905567,0.0939093142811403,0.08873641273509798,0.005278470965349303,0.08881440095338945,0.08356351118905567,0.0939093142811403,0.38159722222222225,0.028381744226699583,0.38055555555555554,0.35378311288005665,0.40941133156438786,0.05,0.0,0.05,0.05,0.05,700.0,0.0,700.0,700.0,700.0,0.45,0.0,0.45,0.45,0.45,0.1,0.0,0.1,0.1,0.1,30.0,0.0,30.0,30.0,30.0,720.0,0.0,720.0,720.0,720.0,16.0,0.0,16.0,16.0,16.0,120.0,0.0,120.0,120.0,120.0,0.3320046909401566,0.017156610729168003,0.33095102741366583,0.31519121242557196,0.34881816945474126,0.12835108951212554,0.06507779063033331,0.12606332321306699,0.0645748546943989,0.1921273243298522,0.8524305555555556,0.10592269849071802,0.8472222222222223,0.7486263110346519,0.9562348000764592,7.894109398885356,3.2945083240236417,8.032628420151173,4.665491241342187,11.122727556428526,0.4603557804522821,0.049424650732594,0.4628029962282614,0.41191962273433996,0.5087919381702242,0.3260416666666666,0.10584982738195713,0.33888888888888885,0.22230883583234862,0.4297744975009846
multi_objective_with_smurf_exposure_penalty,0.05,700,low,0.7023817460436946,0.00533476045403732,0.704328225969227,0.6971536807987381,0.7076098112886512,0.254527378736387,0.0026120707190250407,0.25543918032644897,0.25196754943174243,0.2570872080410315,374.6191237037079,8.298268875087746,375.8816127005218,366.4868202061219,382.7514272012939,487.82646253323253,6.409993695099069,488.04420125566514,481.54466871203545,494.1082563544296,0.11413789137911845,0.0012095564680841882,0.11384923013565085,0.11295252604039595,0.11532325671784095,0.13587926978084477,0.005769347376187871,0.1361767432145014,0.13022530935218066,0.1415332302095089,19.04910980203194,2.6686256858655937,19.60712603195172,16.433856629883657,21.66436297418022,0.0870442708333333,0.003289747319728688,0.0861979166666666,0.08382031845999918,0.09026822320666741,11768.908589199547,3461.3739286634027,11227.99408161527,8376.762139109413,15161.055039289682,5.9626302083333345,0.0884255519265049,5.933072916666667,5.87597316744536,6.049287249221309,1.0486111111111112,0.07305432332434955,1.0694444444444444,0.9770178742532486,1.1202043479689738,0.4013888888888889,0.03840639842954838,0.3972222222222222,0.3637506184279315,0.4390271593498463,0.5383309313637182,0.22357541146647084,0.6083138173302107,0.31922702812657683,0.7574348346008597,0.45506779805560293,0.12815860595418177,0.4209997319753417,0.3294723642205048,0.580663231890701,1.2892361111111112,0.05779485814129142,1.271527777777778,1.2325971501326456,1.345875072089577,0.29465277777777776,0.022039322554995362,0.29076388888888893,0.2730542416738823,0.3162513138816732,0.2939249455316554,0.013870975358164013,0.2928911183785222,0.28033138968065463,0.30751850138265613,0.33604171278941364,0.018742531937173467,0.33286764002325314,0.31767403149098367,0.3544093940878436,158.95999640558523,8.186560517162835,158.7387288995111,150.93716709876566,166.9828257124048,11.670028680710661,0.3952957578114798,11.653841121601285,11.282638838055412,12.05741852336591,0.08961365864670187,0.004417175660790617,0.0893934976861374,0.08528482649912707,0.09394249079427668,0.08961365864670187,0.004417175660790617,0.0893934976861374,0.08528482649912707,0.09394249079427668,0.35451388888888885,0.030584477053327456,0.35624999999999996,0.32454110137662795,0.38448667640114975,0.05,0.0,0.05,0.05,0.05,700.0,0.0,700.0,700.0,700.0,0.08,0.0,0.08,0.08,0.08,0.1,0.0,0.1,0.1,0.1,30.0,0.0,30.0,30.0,30.0,720.0,0.0,720.0,720.0,720.0,16.0,0.0,16.0,16.0,16.0,120.0,0.0,120.0,120.0,120.0,0.33837495657451055,0.0366507873431535,0.3286220613698999,0.3024571849782201,0.374292728170801,0.20645875160841864,0.09197091293140765,0.18626660396804917,0.11632725693563915,0.2965902462811981,0.951388888888889,0.07192781875680022,0.9381944444444444,0.8808996265072248,1.0218781512705533,5.407207079832537,2.5681847617615334,5.150314627198061,2.890386013306234,7.92402814635884,0.5448337081829293,0.10031553025061968,0.5397535909548854,0.446524488537322,0.6431429278285365,0.3378472222222222,0.07479717946256767,0.3486111111111111,0.26454598634890586,0.4111484580955385
multi_objective_with_smurf_exposure_penalty,0.1,300,high,0.6942995550074881,0.0066500300730817355,0.6952777628976772,0.6877825255358679,0.7008165844791082,0.2505650134585714,0.003306366689540353,0.25103465223790766,0.24732477410282186,0.2538052528143209,351.42295179312765,7.51721554669213,352.21125113316134,344.05608055736934,358.78982302888596,444.7680348998838,10.907494428089523,442.6529879839705,434.07869036035606,455.4573794394115,0.11571892795807766,0.0010457109141694973,0.11550337333230176,0.11469413126219155,0.11674372465396377,0.1255340266347551,0.008051341496485334,0.12848728703135845,0.11764371196819948,0.13342434130131073,12.944531342478843,0.7155699332911688,12.96994564586613,12.243272807853497,13.645789877104189,0.09225260416666664,0.004405969873877212,0.090625,0.08793475369026697,0.09657045464306631,4975.029335833231,449.56818068010864,5026.368424782465,4534.452518766724,5415.606152899738,5.881119791666666,0.10842125088389751,5.898697916666666,5.774866965800447,5.987372617532886,0.923611111111111,0.07305432332434958,0.9444444444444444,0.8520178742532485,0.9952043479689736,0.3520833333333333,0.06437516231151379,0.34652777777777777,0.2889956742680498,0.4151709923986168,0.4636036231493037,0.07301033954765448,0.4729094254753629,0.3920534903926023,0.5351537559060051,0.39146556989401926,0.0802568064081844,0.41460794844253485,0.3128138996139985,0.47011724017404,1.953125,0.0489653101149192,1.9534722222222223,1.9051389960873792,2.0011110039126208,0.27510416666666665,0.019785492864234103,0.2775694444444444,0.2557143836597172,0.2944939496736161,0.2930540815298862,0.009761825104842293,0.2909412673261317,0.28348749292714076,0.30262067013263166,0.3396897775010776,0.01150348149957444,0.34135951817115295,0.3284163656314946,0.35096318937066057,145.68400709707188,2.0781156827028684,145.29301966163803,143.64745372802307,147.7205604661207,11.854392547507175,0.26394674099530846,11.791961297561555,11.595724741331772,12.113060353682577,0.08383498676717563,0.0054839811773505194,0.0835117871920399,0.07846068521337211,0.08920928832097914,0.08383498676717563,0.0054839811773505194,0.0835117871920399,0.07846068521337211,0.08920928832097914,0.3736111111111111,0.015590239111558078,0.3770833333333333,0.3583326767817842,0.388889545440438,0.1,0.0,0.1,0.1,0.1,300.0,0.0,300.0,300.0,300.0,0.45,0.0,0.45,0.45,0.45,0.1,0.0,0.1,0.1,0.1,30.0,0.0,30.0,30.0,30.0,720.0,0.0,720.0,720.0,720.0,16.0,0.0,16.0,16.0,16.0,120.0,0.0,120.0,120.0,120.0,0.36474639368837963,0.0293881381015107,0.36294712179286237,0.33594601834889914,0.3935467690278601,0.22021509980843007,0.0843770230003993,0.21318627527790385,0.13752561726803875,0.3029045823488214,0.7534722222222222,0.12258206707640518,0.7833333333333334,0.6333417964873451,0.8736026479570993,3.6686991205468233,0.8667730404774933,3.7526873340233307,2.81926154087888,4.518136700214766,0.5849614934968097,0.07155370099063486,0.5744573754556374,0.5148388665259875,0.6550841204676319,1.1996527777777777,0.07762364854061685,1.1701388888888888,1.1235816022079732,1.2757239533475822
multi_objective_with_smurf_exposure_penalty,0.1,300,low,0.6976169207393597,0.0036212849413049214,0.697571779093161,0.6940680614968808,0.7011657799818385,0.252218052302598,0.0017938121042333597,0.2521950449862128,0.2504601164404493,0.25397598816474665,351.98053817579495,7.916118420417254,352.9160525985062,344.222742123786,359.7383342278039,445.2419597341084,10.122033458450325,444.02546297706874,435.3223669448271,455.1615525233897,0.1140856683972766,0.000986348591863369,0.11383803923622704,0.1131190467772505,0.1150522900173027,0.12975618569114108,0.005214006488054497,0.1307526209283717,0.12464645933284768,0.1348659120494345,13.010314908077524,1.5818244022544885,13.27568219979447,11.460126993868125,14.560502822286923,0.09114583333333327,0.0031032227312012876,0.09101562499999996,0.08810467505675601,0.09418699160991054,5031.303563805355,571.9088126566718,5274.91340478373,4470.832927401817,5591.7742002088935,5.930729166666666,0.09032016900028851,5.913020833333333,5.842215401046383,6.019242932286948,1.0034722222222223,0.10103311501294068,0.9861111111111112,0.9044597695095404,1.1024846749349042,0.37916666666666665,0.12971557997111527,0.3583333333333333,0.2520453982949737,0.5062879350383596,0.3524437727023934,0.10015870684188258,0.3434343434343434,0.2542882399973485,0.4505993054074383,0.4584426783417541,0.08629773904928496,0.46898759503801524,0.37387089407345486,0.5430144626100534,1.9725694444444444,0.0633164268370176,1.976388888888889,1.9105193461441672,2.034619542744722,0.28628472222222223,0.02342474790260104,0.2784027777777778,0.2633284692776732,0.30924097516677124,0.2934604840667177,0.02112837699295873,0.2919948929167465,0.27275467461361813,0.3141662935198173,0.33285436472990404,0.015411905319844045,0.3276895820570105,0.3177506975164569,0.3479580319433512,145.84981357476164,1.7409668167938235,145.2776656249313,144.14366609430368,147.5559610552196,10.924261853486223,0.12116895263583442,10.932080428223113,10.805516279903106,11.043007427069341,0.08451071722724753,0.009947215249466531,0.08259750436517704,0.07476244628277032,0.09425898817172473,0.08451071722724753,0.009947215249466531,0.08259750436517704,0.07476244628277032,0.09425898817172473,0.3239583333333333,0.011016670402121105,0.32638888888888884,0.3131619963392546,0.33475467032741196,0.1,0.0,0.1,0.1,0.1,300.0,0.0,300.0,300.0,300.0,0.08,0.0,0.08,0.08,0.08,0.1,0.0,0.1,0.1,0.1,30.0,0.0,30.0,30.0,30.0,720.0,0.0,720.0,720.0,720.0,16.0,0.0,16.0,16.0,16.0,120.0,0.0,120.0,120.0,120.0,0.3788005901102559,0.03166168526277671,0.3762853071961484,0.34777213855273476,0.40982904166777706,0.2101470628991965,0.028876886360515042,0.20678264200263444,0.18184771426589175,0.23844641153250123,0.6704861111111112,0.10928108107568285,0.6298611111111111,0.563390651656942,0.7775815705652804,3.2219953447313836,0.5693960673767836,3.225335855894554,2.6639871987021357,3.7800034907606315,0.5889476530094524,0.04344597178365304,0.6066436251199177,0.5463706006614725,0.6315247053574323,1.3020833333333335,0.08530461635818108,1.30625,1.218484809302316,1.385681857364351
multi_objective_with_smurf_exposure_penalty,0.1,700,high,0.705335064246459,0.007728168163011242,0.7057887864931951,0.697761459446708,0.71290866904621,0.25597281639654695,0.003819507600713067,0.25619545288154344,0.25222969894784814,0.25971593384524577,416.3538146012876,10.879947504520514,418.85020562186037,405.6914660468575,427.01616315571766,560.2625391048211,8.76374094525649,559.7411102713329,551.6740729784698,568.8510052311725,0.11625691824459294,0.0011795833986948294,0.11628105670493055,0.115100926513872,0.11741290997531388,0.1390160679124332,0.010247407272633352,0.1368302396833984,0.12897360878525252,0.1490585270396139,23.22657857969045,2.48900441325357,23.580370735476393,20.787354254701953,25.665802904678948,0.09518229166666664,0.0033653249956562647,0.0950520833333333,0.0918842731709235,0.09848031016240978,15834.30597886661,1859.0078435873465,15852.372929441128,14012.47829215101,17656.13366558221,5.88359375,0.1017359629786556,5.898697916666666,5.7838925062809174,5.983294993719083,1.1493055555555556,0.12180853811965622,1.1388888888888888,1.0299331881982925,1.2686779229128187,0.4774305555555556,0.14618069301480296,0.4597222222222222,0.33417347640104866,0.6206876347100625,0.4930605623648161,0.12192584707580438,0.5043859649122807,0.3735732322305278,0.6125478924991044,0.4883791538393942,0.05015171925829689,0.4655572755417956,0.4392304689662632,0.5375278387125251,1.3777777777777778,0.09852956983407188,1.363888888888889,1.2812187993403874,1.4743367562151681,0.27718750000000003,0.024005254643815043,0.2785416666666667,0.25366235044906127,0.3007126495509388,0.3023368069928379,0.014647876028079767,0.3021997192185894,0.2879818884853197,0.31669172550035607,0.3446385606158061,0.0120926599855158,0.3454311772165541,0.33278775383000064,0.3564893674016116,195.6419098010628,4.189016639385298,195.03091865920337,191.53667349446522,199.7471461076604,12.05229743826565,0.6870181686408914,12.153268882289678,11.379019632997577,12.725575243533724,0.09753225517811683,0.013277567396765033,0.0955170220079131,0.08452023912928709,0.11054427122694656,0.09753225517811683,0.013277567396765033,0.0955170220079131,0.08452023912928709,0.11054427122694656,0.3802083333333333,0.013531275690440278,0.37916666666666665,0.36694768315670184,0.3934689835099648,0.1,0.0,0.1,0.1,0.1,700.0,0.0,700.0,700.0,700.0,0.45,0.0,0.45,0.45,0.45,0.1,0.0,0.1,0.1,0.1,30.0,0.0,30.0,30.0,30.0,720.0,0.0,720.0,720.0,720.0,16.0,0.0,16.0,16.0,16.0,120.0,0.0,120.0,120.0,120.0,0.38050223178687304,0.03789696630867121,0.36720435548476216,0.34336320480437527,0.4176412587693708,0.157486761825069,0.11983494916295863,0.16011536629805165,0.04004851164536953,0.27492501200476843,0.8788194444444444,0.10744157542417938,0.8659722222222221,0.7735267005287486,0.9841121883601401,15.606329299263937,21.334590493012886,5.943868837553985,-5.30156938388869,36.514227982416564,0.5379889936119421,0.08613250520702087,0.5272355406048181,0.4535791385090616,0.6223988487148225,0.4989583333333333,0.09435163604453203,0.4652777777777778,0.4064937300096919,0.5914229366569747
multi_objective_with_smurf_exposure_penalty,0.1,700,low,0.7096720586771733,0.007213121976595955,0.7102336172463795,0.7026031991401093,0.7167409182142374,0.2581126980691121,0.0035389941826077464,0.25838181138712774,0.25464448377015647,0.2615809123680677,415.8244271136396,9.752477268672116,418.84064268727843,406.26699939034097,425.38185483693826,558.9614924089633,8.175413227671427,558.7887470201586,550.9495874458453,566.9733973720813,0.11462080035823348,0.0006373747694374915,0.11455878081387635,0.11399617308418473,0.11524542763228222,0.1430870015415065,0.007946207314507164,0.14328945861985876,0.13529971837328947,0.15087428470972353,21.995833441401615,4.096767321075256,23.007972396793505,17.981001466747863,26.010665416055367,0.08945312499999998,0.0016809823551247394,0.08984375,0.08780576229197773,0.09110048770802223,16082.086741415049,1503.882963898077,16655.668645717233,14608.281436794934,17555.892046035166,5.926822916666667,0.07355192031917906,5.9078125,5.854742034753871,5.998903798579462,1.09375,0.1279864439516582,1.0833333333333333,0.968323284927375,1.2191767150726252,0.40312499999999996,0.08167623243296947,0.3798611111111111,0.32308229221568985,0.48316770778431006,0.2628470903798035,0.05106669854983888,0.2605022831050228,0.2128017258009614,0.31289245495864565,0.47129600479030087,0.07665520103563774,0.46710526315789475,0.39617390777537587,0.5464181018052259,1.4538194444444446,0.08926695496638828,1.4680555555555554,1.366337828577384,1.5413010603115052,0.2822222222222222,0.01603470066806375,0.2797222222222222,0.26650821556751975,0.29793622887692467,0.32245566151091803,0.013917410148174924,0.3288873896890307,0.3088165995657066,0.33609472345612945,0.3679073311400526,0.02070801556567502,0.3778629005038112,0.3476134758856911,0.3882011863944141,195.5598430850306,4.282080341215604,195.15267220881424,191.3634043506393,199.75628181942187,11.440528339903963,0.3825476379173706,11.337948922635476,11.06563165474494,11.815425025062986,0.09001467209193013,0.0072469802711891546,0.08846329862387235,0.08291263142616476,0.09711671275769551,0.09001467209193013,0.0072469802711891546,0.08846329862387235,0.08291263142616476,0.09711671275769551,0.36215277777777777,0.019686816158350103,0.3680555555555556,0.3428596979425947,0.38144585761296085,0.1,0.0,0.1,0.1,0.1,700.0,0.0,700.0,700.0,700.0,0.08,0.0,0.08,0.08,0.08,0.1,0.0,0.1,0.1,0.1,30.0,0.0,30.0,30.0,30.0,720.0,0.0,720.0,720.0,720.0,16.0,0.0,16.0,16.0,16.0,120.0,0.0,120.0,120.0,120.0,0.3656730952135451,0.03882277697863343,0.37210151226151766,0.3276267737744843,0.40371941665260586,0.17392984132909342,0.05264037365425044,0.16843629314849423,0.12234227514792799,0.22551740751025884,0.886111111111111,0.025128271750207317,0.879861111111111,0.8614854047959077,0.9107368174263142,5.4255364132405255,1.4818315975462553,5.35182515809044,3.973341447645195,6.877731378835856,0.5396029365426385,0.06341377337519731,0.5529835354841821,0.4774574386349451,0.6017484344503319,0.5677083333333334,0.06849700926155665,0.5819444444444445,0.5005812642570079,0.6348354024096589
multi_objective_with_smurf_exposure_penalty,0.15,300,high,0.6920275037452164,0.0029128922491656163,0.6921263591942116,0.6891728693410341,0.6948821381493987,0.2494423623934796,0.0014548212844686294,0.249498334975222,0.24801663753470035,0.25086808725225884,368.7151801038624,8.120394166369234,365.7763956091626,360.75719382082053,376.67316638690426,465.4127566701158,9.536234747097657,467.43723528662827,456.0672466179601,474.7582667222715,0.11549590797015875,0.0012098817010100884,0.115943378015293,0.11431022390316886,0.11668159203714865,0.1385108965577729,0.011627634103284592,0.13943963213118798,0.127115815136554,0.1499059779789918,13.479868782409554,1.39004952559235,13.626674469526698,12.11762024732905,14.842117317490057,0.09062499999999997,0.0018536594187554423,0.0911458333333333,0.08880841376961963,0.0924415862303803,4833.802592025518,243.85475875668894,4788.720718578616,4594.824928443963,5072.780255607073,5.933854166666666,0.08718009476716028,5.899218749999999,5.84841767379485,6.019290659538483,1.125,0.11168831557235943,1.1458333333333333,1.0155454507390878,1.2344545492609122,0.47638888888888886,0.10416358020118749,0.48194444444444445,0.3743085802917251,0.5784691974860526,0.5702540213409779,0.08748528286552651,0.5900621118012422,0.4845184441327619,0.6559895985491939,0.45796803018055643,0.04510178761397441,0.45032437442075995,0.41376827831886154,0.5021677820422513,1.8503472222222221,0.0838745925394726,1.842361111111111,1.768150121533539,1.9325443229109054,0.2872569444444444,0.016962412680100708,0.28215277777777775,0.2706337800179457,0.3038801088709431,0.31150377253847034,0.026750320929727116,0.30857706914694405,0.28528845802733777,0.3377190870496029,0.34302597520700534,0.021856120021568306,0.33768525102479324,0.3216069775858684,0.36444497282814226,145.56314941305362,5.874101119684293,144.9757254362977,139.806530315763,151.31976851034423,12.275043708446013,0.46948800351270464,12.269886885732662,11.814945465003563,12.735141951888464,0.09754355036543758,0.00927280154027185,0.09685311073911401,0.08845620485597117,0.10663089587490399,0.09754355036543758,0.00927280154027185,0.09685311073911401,0.08845620485597117,0.10663089587490399,0.3809027777777778,0.029009164686396433,0.38263888888888886,0.3524737963851093,0.40933175917044634,0.15,0.0,0.15,0.15,0.15,300.0,0.0,300.0,300.0,300.0,0.45,0.0,0.45,0.45,0.45,0.1,0.0,0.1,0.1,0.1,30.0,0.0,30.0,30.0,30.0,720.0,0.0,720.0,720.0,720.0,16.0,0.0,16.0,16.0,16.0,120.0,0.0,120.0,120.0,120.0,0.40963010255711607,0.040682458630227895,0.41309929041581955,0.36976129309949274,0.4494989120147394,0.142354232647283,0.08058459909439032,0.1744448568645372,0.06338132553478049,0.22132713975978552,0.5677083333333333,0.149486324676982,0.5694444444444442,0.4212117351498909,0.7142049315167756,6.838686466673741,6.742834071722852,3.752382595837677,0.2307090763853461,13.446663856962136,0.5519843352043992,0.054881748770372746,0.5649235895715159,0.4982002214094339,0.6057684489993644,1.2826388888888887,0.10670367317160524,1.2680555555555555,1.1780692891807156,1.3872084885970617
multi_objective_with_smurf_exposure_penalty,0.15,300,low,0.6975069503379933,0.0035583098583992687,0.6959229539564604,0.694019806676762,0.7009940939992245,0.2521666752400563,0.001760412867451587,0.25139028950667536,0.25044147062995376,0.2538918798501589,369.0736797560516,8.349874403800678,367.2022516026573,360.89080284032696,377.25655667177625,465.0231324910637,10.246975911458877,468.02332042819137,454.981096097834,475.06516888429337,0.11411841293853497,0.0002299499463011452,0.11419731605003275,0.11389306199115985,0.1143437638859101,0.13768989220365793,0.005551488023572675,0.1369611811033597,0.13224943394055672,0.14313035046675915,12.8934538855274,1.9321995938002423,12.906834540181347,10.999898283603162,14.787009487451638,0.08522135416666665,0.005270355538017012,0.08307291666666665,0.08005640573940997,0.09038630259392333,4859.517569932954,633.1575876766316,4787.3466449774605,4239.023134009854,5480.012005856053,5.964192708333334,0.07930175677136964,5.961718749999999,5.886476986697391,6.0419084299692765,1.0798611111111112,0.07638888888888887,1.0763888888888888,1.0050000000000001,1.1547222222222222,0.41284722222222214,0.06071393449253464,0.4194444444444444,0.3533475664195382,0.4723468780249061,0.34996549555373085,0.2021296956261758,0.2676470588235294,0.15187839384007856,0.5480525972673831,0.3761641678846102,0.06568066175254147,0.3672993862241418,0.31179711936711957,0.44053121640210086,1.7791666666666668,0.09664511253952666,1.7576388888888892,1.6844544563779307,1.873878876955403,0.29416666666666663,0.014041293452196613,0.29354166666666665,0.28040619908351394,0.3079271342498193,0.3163880709434462,0.010864164898510486,0.31326603444207146,0.3057411893429059,0.32703495254398646,0.34602149787244585,0.011804263618655922,0.3494915645104215,0.33445331952616303,0.35758967621872867,145.54347647181598,5.741527791247299,144.91879727692805,139.91677923639364,151.17017370723832,11.540920115507598,0.5593347785537403,11.43920509168082,10.992772032524933,12.089068198490263,0.09053798034962574,0.004835701029779567,0.0903588625442983,0.08579899334044176,0.09527696735880971,0.09053798034962574,0.004835701029779567,0.0903588625442983,0.08579899334044176,0.09527696735880971,0.35173611111111114,0.023250929226087787,0.3416666666666667,0.3289502004695451,0.3745220217526772,0.15,0.0,0.15,0.15,0.15,300.0,0.0,300.0,300.0,300.0,0.08,0.0,0.08,0.08,0.08,0.1,0.0,0.1,0.1,0.1,30.0,0.0,30.0,30.0,30.0,720.0,0.0,720.0,720.0,720.0,16.0,0.0,16.0,16.0,16.0,120.0,0.0,120.0,120.0,120.0,0.3666505220199014,0.026152951237820615,0.36196237223103755,0.34102062980683717,0.3922804142329656,0.1487081557203716,0.12157243702310706,0.1629063551482751,0.02956716743772668,0.2678491440030165,0.460763888888889,0.1296728185328565,0.5145833333333334,0.3336845267266896,0.5878432510510884,7.403494882169273,9.243520860766811,3.3014891447094366,-1.6551555613822018,16.462145325720748,0.515358677740273,0.11304815758538136,0.5079309310159182,0.40457148330659926,0.6261458721739468,1.3184027777777778,0.15833891721797674,1.2951388888888888,1.1632306389041607,1.473574916651395
multi_objective_with_smurf_exposure_penalty,0.15,700,high,0.6998775443614809,0.0034351625369079997,0.7000991863761166,0.696511085075311,0.7032440036476507,0.25330820546592775,0.0016867900885234473,0.2533661100644259,0.25165515117917475,0.25496125975268075,461.1187947890114,18.846748002759952,457.4038852570178,442.6489817463067,479.58860783171616,617.309887221182,30.053315056235945,622.4352232333806,587.8576384660707,646.7621359762932,0.11549547204459193,0.0007420459475868111,0.11530893992220334,0.11476826701595685,0.116222677073227,0.13799255065185057,0.007043130807877726,0.13809553181898174,0.13109028246013038,0.14489481884357075,21.125817684896518,2.246025287980407,21.598334320789057,18.92471290267572,23.326922467117317,0.08886718749999997,0.0033979136329947866,0.09010416666666665,0.08553723213966508,0.09219714286033487,15916.699114671886,2864.831407592323,15036.572179572606,13109.16433523141,18724.233894112363,5.9332031249999995,0.07631867235290872,5.898697916666666,5.858410826094149,6.00799542390585,1.0659722222222223,0.08664336700098565,1.0486111111111112,0.9810617225612563,1.1508827218831883,0.461111111111111,0.023760421148808022,0.45624999999999993,0.4378258983852792,0.48439632383694287,0.4088269724665236,0.132999900627644,0.3927159796725014,0.27848706985143246,0.5391668750816148,0.42996091299041383,0.09510460748103079,0.43725846783359856,0.33675839765900367,0.523163428321824,1.40625,0.12161835249069719,1.3916666666666666,1.2870640145591168,1.5254359854408832,0.2821527777777778,0.016468146394752897,0.2757638888888889,0.26601399431092,0.29829156124463563,0.31874157839110484,0.007878794982268187,0.3195820568231321,0.31102035930848204,0.32646279747372764,0.35438991062347736,0.010853497174193105,0.35500084542877286,0.3437534833927681,0.3650263378541866,208.3356049775956,9.568599499704604,206.59278310904995,198.9583774678851,217.71283248730612,11.97748669922871,0.9101333133491276,11.856341499155935,11.085556052146565,12.869417346310854,0.09436596120989038,0.0015600085535379701,0.0940725308570963,0.09283715282742316,0.0958947695923576,0.09436596120989038,0.0015600085535379701,0.0940725308570963,0.09283715282742316,0.0958947695923576,0.3746527777777777,0.027107064626677974,0.38125,0.3480878544436333,0.4012177011119221,0.15,0.0,0.15,0.15,0.15,700.0,0.0,700.0,700.0,700.0,0.45,0.0,0.45,0.45,0.45,0.1,0.0,0.1,0.1,0.1,30.0,0.0,30.0,30.0,30.0,720.0,0.0,720.0,720.0,720.0,16.0,0.0,16.0,16.0,16.0,120.0,0.0,120.0,120.0,120.0,0.36236320284402246,0.02544321117274585,0.35726841668996745,0.33742885589473154,0.3872975497933134,0.15324862488633698,0.0788210371789168,0.17288227677898493,0.07600400845099851,0.23049324132167542,0.8322916666666667,0.1202137959582142,0.8375,0.7144821466276168,0.9501011867057165,7.608402935755532,5.827860983370192,5.157703575143732,1.8970991720527435,13.319706699458319,0.5156118277303594,0.07625254366967203,0.535875815926979,0.4408843349340808,0.590339320526638,0.5739583333333333,0.02288859110737613,0.5743055555555556,0.5515275140481047,0.596389152618562
multi_objective_with_smurf_exposure_penalty,0.15,700,low,0.6970365218578564,0.00668915610784437,0.6985789370523533,0.6904811488721688,0.7035918948435439,0.25192504268820853,0.003352860741233097,0.2527179946049679,0.24863923916180009,0.255210846214617,461.82404914658633,18.39996015498056,458.77507031606353,443.7920881947054,479.85601009846727,618.9009248685755,29.66927500518285,624.8026192608806,589.8250353634963,647.9768143736547,0.11400232062916432,0.0003116985616672755,0.11405503769990535,0.11369685603873039,0.11430778521959825,0.13421416887090376,0.0075504125921486325,0.13431656057037455,0.1268147645305981,0.14161357321120943,19.232169587067972,0.8814462842595773,18.8574702178977,18.368352228493585,20.09598694564236,0.08320312499999998,0.004943345841980542,0.0821614583333333,0.07835864607485904,0.08804760392514091,14875.2999625404,2177.7801786129266,14073.35923484454,12741.075387499732,17009.52453758107,5.971354166666667,0.06554641458751059,5.973437500000001,5.907118680370907,6.035589652962427,1.0208333333333333,0.09247677942332494,1.0486111111111112,0.9302060894984748,1.1114605771681918,0.4065972222222222,0.08676851061391096,0.4229166666666666,0.3215640818205895,0.49163036262385496,0.238658878270876,0.10834945143007377,0.24503105590062108,0.13247641586940373,0.3448413406723483,0.33979726669212545,0.11523275987863392,0.3327543424317617,0.22686916201106422,0.4527253713731867,1.3309027777777778,0.07621929827833074,1.3145833333333332,1.2562078654650137,1.4055976900905418,0.29277777777777775,0.013033373590920102,0.2965972222222222,0.28000507165867605,0.30555048389687944,0.30743910513601175,0.014633573225861651,0.3143493568962502,0.29309820337466735,0.32178000689735614,0.3433224546921331,0.015074097153748292,0.3485420186462922,0.3285498394814598,0.35809506990280643,208.33941548113827,9.856543655717674,206.37354070843537,198.68000269853496,217.9988282637416,11.15656311970513,0.25391942152723374,11.118033879810419,10.907722086608441,11.405404152801818,0.0881391185122681,0.006895993019748995,0.08918444441502629,0.08138104535291409,0.09489719167162212,0.0881391185122681,0.006895993019748995,0.08918444441502629,0.08138104535291409,0.09489719167162212,0.35486111111111107,0.01706695239922849,0.3555555555555555,0.3381354977598672,0.37158672446235497,0.15,0.0,0.15,0.15,0.15,700.0,0.0,700.0,700.0,700.0,0.08,0.0,0.08,0.08,0.08,0.1,0.0,0.1,0.1,0.1,30.0,0.0,30.0,30.0,30.0,720.0,0.0,720.0,720.0,720.0,16.0,0.0,16.0,16.0,16.0,120.0,0.0,120.0,120.0,120.0,0.30985274970124616,0.03322637815325025,0.32015535114563176,0.2772908991110609,0.3424146002914314,0.17983396440216032,0.11913819642395021,0.21535990490387355,0.06307853190668912,0.29658939689763153,0.6534722222222222,0.09399060346170064,0.6805555555555556,0.5613614308297556,0.7455830136146888,13.425917659834985,20.761430453022342,3.2465494858218387,-6.920284184126912,33.77211950379688,0.4896867141034065,0.10646985125130708,0.5023970453239528,0.38534625987712556,0.5940271683296874,0.6774305555555555,0.07766505555209155,0.6798611111111111,0.6013188011145059,0.7535423099966052
multi_objective_without_smurf_penalty,0.0,300,high,0.6930644717044948,0.0024230873854807445,0.692897888781284,0.6906898460667237,0.6954390973422659,0.24995781046793328,0.0012068273743256906,0.2498759596207272,0.2487751196410941,0.25114050129477244,334.9076267385458,8.742903935792558,335.3846097115387,326.3395808814691,343.4756725956225,420.4811426981402,7.837719115422667,419.7201168552757,412.800177965026,428.1621074312544,0.11581154326215501,0.0007897740811403948,0.11595602642855879,0.11503756466263743,0.11658552186167259,0.12397220785512603,0.0015778633259951051,0.1234174794488572,0.12242590179565083,0.12551851391460123,6.279742668272796,0.5292337895930476,6.286048620561832,5.761093554471609,6.798391782073983,0.05846354166666663,0.005481136765585716,0.0587239583333333,0.05309202763639263,0.06383505569694063,3057.643214015009,201.76074333244804,3032.155951615624,2859.91768554921,3255.368742480808,5.722916666666666,0.05298353987499557,5.73828125,5.670992797589171,5.774840535744162,0.90625,0.08438762098869529,0.9097222222222222,0.8235501314310786,0.9889498685689214,0.3020833333333333,0.08185022832309762,0.29722222222222217,0.22187010957669767,0.38229655708996896,0.5256085643212509,0.1308240659695401,0.5125266524520256,0.3974009796711016,0.6538161489714003,0.36551488634821966,0.04253166438172064,0.36798540965207627,0.32383385525413344,0.4071959174423059,0.0,0.0,0.0,0.0,0.0,0.24822916666666664,0.0056043860964889326,0.2477083333333333,0.2427368682921075,0.2537214650412258,0.29256678957012305,0.0113194951413784,0.29322454491404637,0.2814736843315722,0.3036598948086739,0.32772121854435804,0.011720596110737272,0.3272443687659551,0.3162350343558355,0.3392074027328806,127.62571374065874,4.5045451770468246,127.87602019036609,123.21125946715286,132.04016801416464,12.224919952380182,0.3865327636489534,12.149334429684675,11.846117844004207,12.603722060756157,0.08002127647574142,0.007437555472499585,0.0801123666736048,0.07273247211269182,0.08731008083879102,0.08002127647574142,0.007437555472499585,0.0801123666736048,0.07273247211269182,0.08731008083879102,0.37534722222222217,0.004299577690047833,0.3763888888888889,0.37113363608597527,0.37956080835846906,0.0,0.0,0.0,0.0,0.0,300.0,0.0,300.0,300.0,300.0,0.45,0.0,0.45,0.45,0.45,0.1,0.0,0.1,0.1,0.1,30.0,0.0,30.0,30.0,30.0,720.0,0.0,720.0,720.0,720.0,16.0,0.0,16.0,16.0,16.0,120.0,0.0,120.0,120.0,120.0,0.1677669246023131,0.028463711667797608,0.1704036847718315,0.13987248716787146,0.19566136203675474,0.3354805294753729,0.058496538272124025,0.3319471339690955,0.2781539219686913,0.39280713698205444,0.0,0.0,0.0,0.0,0.0,0.0,0.0,0.0,0.0,0.0,0.503247454077686,0.03410783753225828,0.5023508187409269,0.4698217732960729,0.5366731348592991,0.0,0.0,0.0,0.0,0.0
multi_objective_without_smurf_penalty,0.0,300,low,0.6949679885994721,0.0009437446481463603,0.6953995722027764,0.6940431188442886,0.6958928583546555,0.2509088964378608,0.0004702162318540778,0.25112454456773203,0.2504480845306438,0.25136970834507777,334.86685136753164,7.671343273429613,334.77753875378016,327.3489349595706,342.38476777549266,420.8836127890243,7.342034369599148,419.4951195894674,413.68841910681715,428.0788064712315,0.11385711820776916,0.0006617014434161945,0.11408438513665076,0.11320865079322129,0.11450558562231702,0.1294976529049104,0.010614594969033782,0.13317210298616283,0.11909534983525728,0.1398999559745635,5.39695007753717,0.20931860089188933,5.445998625766326,5.191817848663119,5.602082306411221,0.04726562499999998,0.001977566970467805,0.04687499999999995,0.04532760936894153,0.04920364063105843,2613.6595252522793,143.36471649639722,2634.4370623557247,2473.16210308581,2754.1569474187486,5.828645833333334,0.09068584324111435,5.823177083333333,5.739773706957042,5.917517959709626,0.9722222222222223,0.12266334536566458,1.0208333333333335,0.852012143763871,1.0924323006805736,0.35104166666666664,0.06158669113283611,0.367361111111111,0.29068670935648727,0.411396623976846,0.4333215970952444,0.07345732800852349,0.423011524655205,0.3613334156468914,0.5053097785435975,0.3860780423280423,0.04149440539750258,0.3912037037037037,0.3454135250384898,0.42674255961759483,0.0,0.0,0.0,0.0,0.0,0.26562499999999994,0.0131201612675776,0.2645833333333333,0.2527672419577739,0.278482758042226,0.29387457829220437,0.014139683924044806,0.29966754818390695,0.28001768804664046,0.3077314685377683,0.33224830762415763,0.017181464172231514,0.33464628002597124,0.31541047273537076,0.3490861425129445,128.03251933213727,4.421410032285193,128.31235422524963,123.69953750049778,132.36550116377677,11.283101447508926,0.44829851828104117,11.319170775502585,10.843768899593506,11.722433995424346,0.082773152065408,0.007604064842944601,0.0843075774280252,0.07532116851932229,0.09022513561149371,0.082773152065408,0.007604064842944601,0.0843075774280252,0.07532116851932229,0.09022513561149371,0.34305555555555556,0.02248113063366477,0.3423611111111111,0.3210240475345641,0.365087063576547,0.0,0.0,0.0,0.0,0.0,300.0,0.0,300.0,300.0,300.0,0.08,0.0,0.08,0.08,0.08,0.1,0.0,0.1,0.1,0.1,30.0,0.0,30.0,30.0,30.0,720.0,0.0,720.0,720.0,720.0,16.0,0.0,16.0,16.0,16.0,120.0,0.0,120.0,120.0,120.0,0.15986062052015054,0.027876441624330322,0.16753732972966068,0.1325417077283068,0.18717953331199427,0.3445257016151926,0.07507595360724388,0.3381487666081314,0.2709512670800936,0.41810013615029157,0.0,0.0,0.0,0.0,0.0,0.0,0.0,0.0,0.0,0.0,0.5043863221353432,0.0761394104563265,0.48403148613868463,0.42976969988814323,0.5790029443825432,0.0,0.0,0.0,0.0,0.0
multi_objective_without_smurf_penalty,0.0,700,high,0.6930644717044948,0.0024230873854807445,0.692897888781284,0.6906898460667237,0.6954390973422659,0.24995781046793328,0.0012068273743256906,0.2498759596207272,0.2487751196410941,0.25114050129477244,334.9076267385458,8.742903935792558,335.3846097115387,326.3395808814691,343.4756725956225,420.4811426981402,7.837719115422667,419.7201168552757,412.800177965026,428.1621074312544,0.11581154326215501,0.0007897740811403948,0.11595602642855879,0.11503756466263743,0.11658552186167259,0.12397220785512603,0.0015778633259951051,0.1234174794488572,0.12242590179565083,0.12551851391460123,6.279742668272796,0.5292337895930476,6.286048620561832,5.761093554471609,6.798391782073983,0.05846354166666663,0.005481136765585716,0.0587239583333333,0.05309202763639263,0.06383505569694063,3057.643214015009,201.76074333244804,3032.155951615624,2859.91768554921,3255.368742480808,5.722916666666666,0.05298353987499557,5.73828125,5.670992797589171,5.774840535744162,0.90625,0.08438762098869529,0.9097222222222222,0.8235501314310786,0.9889498685689214,0.3020833333333333,0.08185022832309762,0.29722222222222217,0.22187010957669767,0.38229655708996896,0.5256085643212509,0.1308240659695401,0.5125266524520256,0.3974009796711016,0.6538161489714003,0.36551488634821966,0.04253166438172064,0.36798540965207627,0.32383385525413344,0.4071959174423059,0.0,0.0,0.0,0.0,0.0,0.24822916666666664,0.0056043860964889326,0.2477083333333333,0.2427368682921075,0.2537214650412258,0.29256678957012305,0.0113194951413784,0.29322454491404637,0.2814736843315722,0.3036598948086739,0.32772121854435804,0.011720596110737272,0.3272443687659551,0.3162350343558355,0.3392074027328806,127.62571374065874,4.5045451770468246,127.87602019036609,123.21125946715286,132.04016801416464,12.224919952380182,0.3865327636489534,12.149334429684675,11.846117844004207,12.603722060756157,0.08002127647574142,0.007437555472499585,0.0801123666736048,0.07273247211269182,0.08731008083879102,0.08002127647574142,0.007437555472499585,0.0801123666736048,0.07273247211269182,0.08731008083879102,0.37534722222222217,0.004299577690047833,0.3763888888888889,0.37113363608597527,0.37956080835846906,0.0,0.0,0.0,0.0,0.0,700.0,0.0,700.0,700.0,700.0,0.45,0.0,0.45,0.45,0.45,0.1,0.0,0.1,0.1,0.1,30.0,0.0,30.0,30.0,30.0,720.0,0.0,720.0,720.0,720.0,16.0,0.0,16.0,16.0,16.0,120.0,0.0,120.0,120.0,120.0,0.1677669246023131,0.028463711667797608,0.1704036847718315,0.13987248716787146,0.19566136203675474,0.3354805294753729,0.058496538272124025,0.3319471339690955,0.2781539219686913,0.39280713698205444,0.0,0.0,0.0,0.0,0.0,0.0,0.0,0.0,0.0,0.0,0.503247454077686,0.03410783753225828,0.5023508187409269,0.4698217732960729,0.5366731348592991,0.0,0.0,0.0,0.0,0.0
multi_objective_without_smurf_penalty,0.0,700,low,0.6949679885994721,0.0009437446481463603,0.6953995722027764,0.6940431188442886,0.6958928583546555,0.2509088964378608,0.0004702162318540778,0.25112454456773203,0.2504480845306438,0.25136970834507777,334.86685136753164,7.671343273429613,334.77753875378016,327.3489349595706,342.38476777549266,420.8836127890243,7.342034369599148,419.4951195894674,413.68841910681715,428.0788064712315,0.11385711820776916,0.0006617014434161945,0.11408438513665076,0.11320865079322129,0.11450558562231702,0.1294976529049104,0.010614594969033782,0.13317210298616283,0.11909534983525728,0.1398999559745635,5.39695007753717,0.20931860089188933,5.445998625766326,5.191817848663119,5.602082306411221,0.04726562499999998,0.001977566970467805,0.04687499999999995,0.04532760936894153,0.04920364063105843,2613.6595252522793,143.36471649639722,2634.4370623557247,2473.16210308581,2754.1569474187486,5.828645833333334,0.09068584324111435,5.823177083333333,5.739773706957042,5.917517959709626,0.9722222222222223,0.12266334536566458,1.0208333333333335,0.852012143763871,1.0924323006805736,0.35104166666666664,0.06158669113283611,0.367361111111111,0.29068670935648727,0.411396623976846,0.4333215970952444,0.07345732800852349,0.423011524655205,0.3613334156468914,0.5053097785435975,0.3860780423280423,0.04149440539750258,0.3912037037037037,0.3454135250384898,0.42674255961759483,0.0,0.0,0.0,0.0,0.0,0.26562499999999994,0.0131201612675776,0.2645833333333333,0.2527672419577739,0.278482758042226,0.29387457829220437,0.014139683924044806,0.29966754818390695,0.28001768804664046,0.3077314685377683,0.33224830762415763,0.017181464172231514,0.33464628002597124,0.31541047273537076,0.3490861425129445,128.03251933213727,4.421410032285193,128.31235422524963,123.69953750049778,132.36550116377677,11.283101447508926,0.44829851828104117,11.319170775502585,10.843768899593506,11.722433995424346,0.082773152065408,0.007604064842944601,0.0843075774280252,0.07532116851932229,0.09022513561149371,0.082773152065408,0.007604064842944601,0.0843075774280252,0.07532116851932229,0.09022513561149371,0.34305555555555556,0.02248113063366477,0.3423611111111111,0.3210240475345641,0.365087063576547,0.0,0.0,0.0,0.0,0.0,700.0,0.0,700.0,700.0,700.0,0.08,0.0,0.08,0.08,0.08,0.1,0.0,0.1,0.1,0.1,30.0,0.0,30.0,30.0,30.0,720.0,0.0,720.0,720.0,720.0,16.0,0.0,16.0,16.0,16.0,120.0,0.0,120.0,120.0,120.0,0.15986062052015054,0.027876441624330322,0.16753732972966068,0.1325417077283068,0.18717953331199427,0.3445257016151926,0.07507595360724388,0.3381487666081314,0.2709512670800936,0.41810013615029157,0.0,0.0,0.0,0.0,0.0,0.0,0.0,0.0,0.0,0.0,0.5043863221353432,0.0761394104563265,0.48403148613868463,0.42976969988814323,0.5790029443825432,0.0,0.0,0.0,0.0,0.0
multi_objective_without_smurf_penalty,0.02,300,high,0.6932358514918887,0.001811412838984824,0.6925222750617459,0.6914606669096836,0.6950110360740939,0.25004563887186626,0.0009025328294568204,0.2496896467621753,0.24916115669899858,0.25093012104473394,341.016204620994,12.373861002453303,340.65791010362307,328.8898208385898,353.14258840339824,426.2407380052398,16.03015339051987,426.89134280513133,410.53118768253034,441.95028832794924,0.11542075922652573,0.0007574464095291309,0.11570400556125475,0.11467846174518717,0.11616305670786428,0.13404290995973162,0.012360198385985018,0.13380874663082995,0.1219299155414663,0.14615590437799694,6.93736833710612,0.6979458050731151,6.938676670334111,6.253381448134467,7.621355226077773,0.06406249999999995,0.0041339864235384015,0.06354166666666661,0.06001119330493232,0.06811380669506759,3270.408928047179,640.7491699777411,3194.4182565190504,2642.4747414689928,3898.343114625365,5.8765624999999995,0.033938196995093275,5.881510416666666,5.843303066944808,5.909821933055191,1.0173611111111112,0.14180956844904263,1.0208333333333333,0.8783877340310494,1.156334488191173,0.3753472222222222,0.09002725210401115,0.38055555555555554,0.2871205151602913,0.46357392928415314,0.584653028156743,0.16891007704086752,0.6373701476216511,0.41912115265669286,0.7501849036567931,0.4217133579506967,0.10442151208829685,0.44359091951387297,0.3193802761041658,0.5240464397972276,0.7631944444444445,0.112705573492602,0.7263888888888889,0.6527429824216946,0.8736459064671944,0.27368055555555554,0.005072139060613959,0.27555555555555555,0.2687098592761539,0.2786512518349572,0.298472938717149,0.014414974540673496,0.29405339056189317,0.28434626366728893,0.312599613767009,0.3351876034121899,0.020124972430135606,0.3359810855489776,0.315465130430657,0.3549100763937228,132.01175017003672,2.191417971124428,132.3098366078678,129.8641605583348,134.15933978173865,11.956792187256085,0.1371188701411121,11.962721363452916,11.822415694517794,12.091168679994375,0.08750222934227765,0.009439119916188501,0.08824491820778695,0.07825189182441292,0.09675256686014239,0.08750222934227765,0.009439119916188501,0.08824491820778695,0.07825189182441292,0.09675256686014239,0.3690972222222222,0.018886676068641917,0.3736111111111111,0.3505882796749531,0.3876061647694913,0.02,0.0,0.02,0.02,0.02,300.0,0.0,300.0,300.0,300.0,0.45,0.0,0.45,0.45,0.45,0.1,0.0,0.1,0.1,0.1,30.0,0.0,30.0,30.0,30.0,720.0,0.0,720.0,720.0,720.0,16.0,0.0,16.0,16.0,16.0,120.0,0.0,120.0,120.0,120.0,0.26104842716680926,0.04168949086019076,0.25767892303658374,0.22019272612382232,0.30190412820979623,0.27228856186864847,0.11950758003542085,0.2189900753311841,0.15517113343393604,0.38940599030336087,0.2052083333333334,0.03802572161202495,0.20208333333333345,0.16794312615354895,0.24247354051311787,0.8258673707926962,0.2625106056440646,0.8586060887155837,0.568606977261513,1.0831277643238795,0.5333369890354577,0.11933300204285309,0.5057332891495527,0.4163906470334616,0.6502833310374537,0.5579861111111111,0.11833232806910858,0.5125,0.44202042960338467,0.6739517926188374
multi_objective_without_smurf_penalty,0.02,300,low,0.6933243366715495,0.0019580235632647956,0.6932856883020775,0.69140547357955,0.695243199763549,0.2500892186313313,0.0009768343241534712,0.25006614337578875,0.2491319209936609,0.2510465162690017,342.12823225292624,11.20425896253028,340.1356802195601,331.14805846964657,353.1084060362059,428.0358370422985,13.504960895702384,427.73864561525977,414.8009753645102,441.27069872008684,0.11373117480435915,0.0005383598683144217,0.1136701630229546,0.11320358213341102,0.11425876747530729,0.1387550314993305,0.004180351590737586,0.13883868460911591,0.13465828694040766,0.14285177605825333,7.228243165951447,0.7896839294562878,7.276173545662475,6.454352915084285,8.002133416818609,0.05885416666666662,0.005613575074383593,0.058463541666666646,0.0533528630937707,0.06435547023956253,3282.785212608934,793.2647288597819,3353.297308674927,2505.385778326348,4060.1846468915205,5.907161458333333,0.06413708818405421,5.894010416666665,5.84430711191296,5.970015804753706,1.1145833333333333,0.11530008708715067,1.1319444444444444,1.0015892479879256,1.227577418678741,0.4854166666666666,0.12350182434799882,0.5194444444444444,0.36438487880562775,0.6064484545277055,0.6398094183910124,0.03130553296587455,0.6399129544290835,0.6091299960844553,0.6704888406975694,0.41932113798638404,0.11411911098884048,0.39816608549657756,0.30748440921732034,0.5311578667554477,0.7652777777777777,0.24840799689585422,0.7048611111111112,0.5218379408198406,1.0087176147357149,0.2813541666666666,0.013162180338194154,0.2793055555555555,0.26845522993523635,0.2942531033980969,0.30718652090969056,0.008720949322607694,0.30636002739022083,0.298639990573535,0.3157330512458461,0.3432985362876164,0.009613252809759072,0.3450379257603827,0.33387754853405255,0.3527195240411803,132.30392641187072,2.36120277510516,132.35101581391655,129.98994769226766,134.61790513147378,11.310876808994916,0.46899577115255653,11.20296774772519,10.85126095326541,11.770492664724422,0.09445082890409735,0.010093538690950246,0.09740918512305635,0.08455916098696611,0.10434249682122859,0.09445082890409735,0.010093538690950246,0.09740918512305635,0.08455916098696611,0.10434249682122859,0.3302083333333333,0.01609254198091178,0.3319444444444445,0.3144376421920398,0.34597902447462686,0.02,0.0,0.02,0.02,0.02,300.0,0.0,300.0,300.0,300.0,0.08,0.0,0.08,0.08,0.08,0.1,0.0,0.1,0.1,0.1,30.0,0.0,30.0,30.0,30.0,720.0,0.0,720.0,720.0,720.0,16.0,0.0,16.0,16.0,16.0,120.0,0.0,120.0,120.0,120.0,0.2785890166992286,0.04231998072598518,0.2735156002841438,0.2371154355877631,0.32006259781069407,0.23195700063491637,0.05559425270841025,0.2379457277297818,0.1774746329806743,0.2864393682891584,0.09583333333333333,0.22796683662502987,0.09444444444444444,-0.12757416655919593,0.3192408332258626,0.4830140288854684,1.0835920644098598,0.3610952054452192,-0.578906194236194,1.5449342520071307,0.510546017334145,0.036378481636258196,0.5139292985961189,0.4748951053306119,0.5461969293376779,0.6694444444444444,0.15103381737799504,0.6861111111111111,0.5214313034140092,0.8174575854748796
multi_objective_without_smurf_penalty,0.02,700,high,0.6944617574285004,0.002286229116154641,0.6941077814792093,0.6922212528946688,0.6967022619623319,0.25065339592714947,0.001140133071038923,0.25046929033176324,0.24953606551753132,0.2517707263367676,355.4551179748139,13.510278288338645,354.7602701053469,342.215045252242,368.6951906973858,449.93307569848287,17.58724279619837,452.44827496388143,432.69757775820847,467.16857363875727,0.11536457383387952,0.0007680278905669115,0.11552512196126069,0.11461190650112395,0.11611724116663509,0.1298954563764457,0.0044343815088887,0.12880617238638808,0.12554976249773478,0.13424115025515662,8.468818790272257,0.9221706601127169,8.474747327224115,7.5650915433617945,9.372546037182719,0.07402343749999998,0.0019298380273798414,0.0735677083333333,0.07213219623316774,0.07591467876683222,6331.9910762452155,1312.5063920574269,6042.19683881134,5045.734812028937,7618.247340461494,5.892578124999999,0.06691627398658455,5.875781249999999,5.827000176493146,5.958156073506852,0.9930555555555556,0.10906684249434946,0.9513888888888888,0.8861700499110932,1.099941061200018,0.35590277777777773,0.11283600371587031,0.33958333333333335,0.24532349413622484,0.46648206141933063,0.5554479463723565,0.17415763856589933,0.5141216991963261,0.3847734605777752,0.7261224321669378,0.3755684858212948,0.13237836733155403,0.34523809523809523,0.24583768583637186,0.5052992858062177,0.5746527777777778,0.17411362459482407,0.5694444444444444,0.4040214256748502,0.7452841298807054,0.2740972222222222,0.017441296307110554,0.26875,0.2570047518412539,0.29118969260319055,0.29903942653819404,0.02140908912984241,0.30291272829941196,0.2780585191909485,0.3200203338854396,0.3312692223433407,0.019378414389266983,0.33668276502371675,0.31227837624185906,0.3502600684448224,144.92680043921735,4.476082353302653,146.46551802930708,140.54023973298075,149.31336114545394,11.931983549522437,0.44640636042324955,11.907000806232322,11.494505316307652,12.369461782737222,0.08580435028864447,0.00952410057447805,0.0827238000344457,0.07647073172565598,0.09513796885163296,0.08580435028864447,0.00952410057447805,0.0827238000344457,0.07647073172565598,0.09513796885163296,0.37395833333333334,0.020042874568974748,0.37013888888888885,0.35431631625573806,0.3936003504109286,0.02,0.0,0.02,0.02,0.02,700.0,0.0,700.0,700.0,700.0,0.45,0.0,0.45,0.45,0.45,0.1,0.0,0.1,0.1,0.1,30.0,0.0,30.0,30.0,30.0,720.0,0.0,720.0,720.0,720.0,16.0,0.0,16.0,16.0,16.0,120.0,0.0,120.0,120.0,120.0,0.2509773349767987,0.027477363703229108,0.25062408394093305,0.22404951854763416,0.2779051514059632,0.3075170257974883,0.12465448412653217,0.31241952993571565,0.18535563135348676,0.42967842024148983,0.36527777777777776,0.1812238344956325,0.33333333333333337,0.1876784199720579,0.5428771355834976,1.5297319598069146,1.4640243019665253,0.8986716144080031,0.09498814387971977,2.964475775734109,0.5584943607742869,0.12089899660353015,0.56375011594838,0.4400133441028274,0.6769753774457465,0.20937499999999998,0.0725807961172966,0.2097222222222222,0.1382458198050493,0.28050418019495066
multi_objective_without_smurf_penalty,0.02,700,low,0.6925908022666795,0.001183838733928804,0.692606120668388,0.6914306403074292,0.6937509642259297,0.24972450301716673,0.0005935298858747441,0.24973064585237031,0.24914284372900947,0.250306162305324,355.63650938778403,11.135355667807513,355.57330311529256,344.72386083333265,366.5491579422354,450.77424734417104,16.008167289356294,453.9610842108294,435.08624340060186,466.46225128774023,0.11351153646340607,0.000761056172541588,0.1133499072844057,0.11276570141431531,0.11425737151249683,0.131930840835511,0.004301160537743316,0.13233660327031754,0.12771570350852254,0.13614597816249943,8.553297024946673,0.26995452966745986,8.600225894447227,8.288741585872563,8.817852464020783,0.06627604166666663,0.005020483937819851,0.06718749999999996,0.06135596740760318,0.07119611592573008,7013.331475307807,1782.9440387311186,6348.020077929847,5266.046317351311,8760.616633264302,5.92578125,0.05608982467179682,5.940885416666667,5.870813221821639,5.980749278178361,1.0,0.06514466333088094,1.0277777777777777,0.9361582299357367,1.0638417700642633,0.351736111111111,0.06257069047552824,0.3423611111111111,0.29041683444509336,0.4130553877771287,0.5502817088539323,0.08126348278396145,0.5284241142252777,0.4706434957256501,0.6299199219822146,0.37256116123318755,0.043685901107218005,0.36991706795077584,0.3297489781481139,0.41537334431826123,0.653125,0.19283518931104232,0.6895833333333333,0.4641465144751785,0.8421034855248214,0.28451388888888884,0.007223557568858764,0.2841666666666667,0.2774348024714073,0.2915929753063704,0.28939079735958484,0.0060094639980578955,0.2896603293854946,0.2835015226414881,0.2952800720776816,0.32728833084356124,0.006416919268201804,0.32742191276800364,0.32099974996072345,0.33357691172639903,145.39296647427838,4.369835138785583,146.9282012711847,141.1105280382685,149.67540491028825,11.341097395785066,0.413395123303121,11.219511039828346,10.935970174948007,11.746224616622126,0.08380433077500928,0.004684225345734422,0.08467548518614626,0.07921378993618954,0.08839487161382902,0.08380433077500928,0.004684225345734422,0.08467548518614626,0.07921378993618954,0.08839487161382902,0.3326388888888889,0.006464925946189329,0.3326388888888888,0.3263032614616233,0.33897451631615444,0.02,0.0,0.02,0.02,0.02,700.0,0.0,700.0,700.0,700.0,0.08,0.0,0.08,0.08,0.08,0.1,0.0,0.1,0.1,0.1,30.0,0.0,30.0,30.0,30.0,720.0,0.0,720.0,720.0,720.0,16.0,0.0,16.0,16.0,16.0,120.0,0.0,120.0,120.0,120.0,0.23765270196171517,0.0235415113056287,0.23195038986595473,0.21458202088219905,0.2607233830412313,0.2702500030141215,0.05988257135016239,0.27253535819272784,0.21156508309096236,0.32893492293728066,0.396875,0.12198722673974653,0.3944444444444445,0.2773275177950484,0.5164224822049516,1.5742426106565783,0.8292771481082466,1.2653466818346741,0.7615510055104967,2.38693421580266,0.5079027049758367,0.06245908071481356,0.5158903722502035,0.4466928058753194,0.569112604076354,0.25625,0.11890760063894963,0.21666666666666667,0.13972055137382933,0.37277944862617063
multi_objective_without_smurf_penalty,0.05,300,high,0.6930291411398257,0.001947056006056851,0.6923857739707309,0.69112102625389,0.6949372560257614,0.24993747899230767,0.0009671454193200024,0.24961499895108055,0.24898967648137407,0.2508852815032413,346.68631906163165,5.5094088409229665,346.9857975230475,341.28709839752713,352.08553972573617,433.93391099180394,2.904465085296175,433.32589160677236,431.0875352082137,436.7802867753942,0.11639307835372242,0.0005919693827893002,0.11651795116294485,0.11581294835858891,0.11697320834885594,0.1402299914730369,0.006886167560000522,0.1410601665468065,0.1334815472642364,0.14697843568183744,8.37098564058381,0.6912168138983404,8.452328711251415,7.6935931629634355,9.048378118204182,0.07063802083333333,0.0019180885237833735,0.069921875,0.06875829408002562,0.07251774758664103,4066.138413771195,841.6190729147922,3819.71896829014,3241.3517223146982,4890.925105227691,5.857291666666667,0.033492998681039866,5.870572916666666,5.824468527959247,5.890114805374086,1.0833333333333333,0.11675481678628229,1.0972222222222223,0.9689136128827767,1.1977530537838899,0.46874999999999994,0.04262026073963422,0.45833333333333326,0.4269821444751584,0.5105178555248415,0.7743470477468789,0.2518904464359092,0.7863729508196722,0.5274944102396879,1.02119968525407,0.39656456348529523,0.0802141878801592,0.35906319290465627,0.3179546593627392,0.47517446760785126,1.3812499999999999,0.16580991211243226,1.4479166666666665,1.2187562861298162,1.5437437138701835,0.27055555555555555,0.009902430387133065,0.2728472222222222,0.2608511737761651,0.280259937334946,0.3090035993867639,0.004239772186894614,0.30774993728805045,0.3048486226436072,0.31315857612992065,0.3315777630250929,0.0049003498287393515,0.33070779337713446,0.3267754201929283,0.33638010585725747,131.52039330395715,4.649798257052938,131.30059305644,126.96359101204527,136.07719559586903,12.51537780003055,0.5112271638586707,12.506348470369163,12.014375179449052,13.016380420612046,0.0963537819060897,0.0061916586978509255,0.0959355862907193,0.09028595638219579,0.10242160742998362,0.0963537819060897,0.0061916586978509255,0.0959355862907193,0.09028595638219579,0.10242160742998362,0.39652777777777776,0.022722946651496358,0.40138888888888885,0.37425929005931136,0.41879626549624416,0.05,0.0,0.05,0.05,0.05,300.0,0.0,300.0,300.0,300.0,0.45,0.0,0.45,0.45,0.45,0.1,0.0,0.1,0.1,0.1,30.0,0.0,30.0,30.0,30.0,720.0,0.0,720.0,720.0,720.0,16.0,0.0,16.0,16.0,16.0,120.0,0.0,120.0,120.0,120.0,0.34008122901319754,0.023758358823457944,0.3375495338720871,0.31679803736620876,0.3633644206601863,0.15055355155849698,0.07345529529709216,0.14636042586171877,0.07856736216734667,0.2225397409496473,0.44375000000000003,0.16827350421923892,0.43333333333333346,0.27884196586514587,0.6086580341348542,3.3033457671224156,1.3053537504195196,3.4337244804318163,2.024099091711286,4.582592442533545,0.4906347805716945,0.056984675162539404,0.4981673306845885,0.4347897989124059,0.5464797622309832,0.9374999999999999,0.10370577048205029,0.9138888888888889,0.8358683449275905,1.0391316550724092
multi_objective_without_smurf_penalty,0.05,300,low,0.6940490882722319,0.0021162291719563804,0.6941588701247295,0.6919751836837146,0.6961229928607492,0.25045020942498464,0.0010548368177307134,0.250506938586031,0.24941646934360853,0.2514839495063607,346.01611661249746,6.727837406715107,346.40583683025864,339.42283595391666,352.60939727107825,433.241317881535,3.6413055616068104,433.97581968705475,429.6728384311603,436.8097973319097,0.11366869139226049,0.0012727223930791834,0.1134491668373927,0.1124214234470429,0.11491595933747809,0.13159814095127037,0.012046733788511992,0.13379678016436475,0.11979234183852862,0.14340394006401214,7.856930182345041,0.6251171770408267,7.639254243519755,7.2443153488450305,8.46954501584505,0.06380208333333327,0.0031032227312012815,0.0639322916666666,0.06076092505675602,0.06684324160991052,3576.072768976234,399.03255610030766,3580.344641415356,3185.0208639979323,3967.1246739545354,5.893229166666666,0.062285511587396286,5.879166666666666,5.8321893653110175,5.954268968022315,1.0277777777777777,0.17930478454663967,1.0694444444444444,0.8520590889220708,1.2034964666334846,0.3746527777777778,0.10780005855034029,0.37916666666666665,0.2690087203984443,0.48029683515711125,0.5225237218509918,0.19796510384782012,0.5340256296950949,0.32851792008012815,0.7165295236218555,0.39521225725494014,0.17241392731243937,0.33556687215223796,0.22624660848874956,0.5641779060211307,1.520138888888889,0.010906684249434988,1.5201388888888887,1.5094503383244426,1.5308274394533352,0.27368055555555554,0.015670253398199573,0.27,0.25832370722531994,0.28903740388579113,0.2843516551891903,0.009513294193427486,0.2848477389884444,0.27502862687963137,0.29367468349874926,0.32059422938924825,0.007156560753191241,0.3175593802942605,0.31358079985112086,0.32760765892737564,132.05639846143555,4.805654050461733,131.68899912740397,127.34685749198304,136.76593943088804,11.160975393324476,0.43533672579297356,11.00745175257363,10.734345402047362,11.58760538460159,0.0851908182533749,0.011928905059402488,0.08629185831535724,0.07350049129516047,0.09688114521158935,0.0851908182533749,0.011928905059402488,0.08629185831535724,0.07350049129516047,0.09688114521158935,0.32986111111111105,0.017476468600163775,0.32361111111111107,0.31273417188295055,0.34698805033927155,0.05,0.0,0.05,0.05,0.05,300.0,0.0,300.0,300.0,300.0,0.08,0.0,0.08,0.08,0.08,0.1,0.0,0.1,0.1,0.1,30.0,0.0,30.0,30.0,30.0,720.0,0.0,720.0,720.0,720.0,16.0,0.0,16.0,16.0,16.0,120.0,0.0,120.0,120.0,120.0,0.29815934729989524,0.056727206334603035,0.2946207698737138,0.24256668509198426,0.3537520095078062,0.28224126935938054,0.07171248567124673,0.25208257130458883,0.21196303340155875,0.35251950531720233,0.6833333333333332,0.10442252528074698,0.7069444444444443,0.5809992585582012,0.7856674081084652,2.481916444872833,0.4624150820125773,2.4164236841793927,2.028749664500507,2.9350832252451586,0.5804006166592758,0.09244616587641152,0.5614736312948084,0.4898033741003925,0.6709978592181591,0.8368055555555555,0.09511269577253786,0.8131944444444444,0.7435951136984684,0.9300159974126425
multi_objective_without_smurf_penalty,0.05,700,high,0.6961576762784986,0.0036566180415711588,0.6965956540589808,0.6925741905977588,0.6997411619592383,0.25148991747660593,0.001799215511615755,0.251706910446553,0.2497266862752225,0.25325314867798937,374.96466088615426,8.53589072190298,377.527692643067,366.59948797868935,383.3298337936192,487.3818489009217,7.448222031476586,486.9834243482536,480.08259131007463,494.68110649176873,0.11651247753697472,0.00015023824765094703,0.11656186563153881,0.11636524405427678,0.11665971101967265,0.13780145654344775,0.007399075153600226,0.135529995523374,0.13055036289291952,0.14505255019397598,11.39639002749457,0.5774861394243569,11.426867487433963,10.8304536108587,11.96232644413044,0.0731770833333333,0.00416123778271075,0.07395833333333329,0.06909907030627677,0.07725509636038982,13428.533242328773,3115.6955555364,12238.552732726765,10375.151597903101,16481.914886754446,5.818489583333333,0.018293537141772398,5.818229166666667,5.800561916934396,5.83641724973227,1.1041666666666667,0.08058747771078342,1.1041666666666667,1.025190938510099,1.1831423948232345,0.44027777777777777,0.08826459006919087,0.44305555555555554,0.3537784795099707,0.5267770760455848,0.7641110786746461,0.23324715645278057,0.7929280397022334,0.5355288653509211,0.9926932919983711,0.3698824041811847,0.06046887394465944,0.3826219512195122,0.31062290771541845,0.4291419006469509,1.0770833333333334,0.08839925911649764,1.084027777777778,0.9904520593991657,1.163714607267501,0.26545138888888886,0.007089571508698889,0.2660416666666666,0.25850360881036394,0.2723991689674138,0.30981707905641276,0.014314568459641977,0.30817960018135826,0.29578880196596363,0.3238453561468619,0.3420656124201759,0.016590831882861475,0.3399466161140688,0.3258065971749717,0.35832462766538015,159.0599482935427,8.183845813877179,158.72625980235026,151.03977939594307,167.08011719114234,12.77869904995422,0.45425388650781945,12.862051881257258,12.333530241176557,13.223867858731882,0.09500920130930288,0.0064776820752358456,0.09410808758323624,0.08866107287557175,0.101357329743034,0.09500920130930288,0.0064776820752358456,0.09410808758323624,0.08866107287557175,0.101357329743034,0.38749999999999996,0.020062915444463397,0.3868055555555555,0.36783834286442585,0.40716165713557406,0.05,0.0,0.05,0.05,0.05,700.0,0.0,700.0,700.0,700.0,0.45,0.0,0.45,0.45,0.45,0.1,0.0,0.1,0.1,0.1,30.0,0.0,30.0,30.0,30.0,720.0,0.0,720.0,720.0,720.0,16.0,0.0,16.0,16.0,16.0,120.0,0.0,120.0,120.0,120.0,0.31728084603832607,0.035314267781419224,0.31646860810543725,0.28267286361253524,0.3518888284641169,0.14307493441395613,0.08086262742192644,0.1417436387801247,0.06382955954046822,0.22232030928744406,0.7510416666666668,0.03320529034031116,0.7500000000000002,0.7185004821331619,0.7835828512001718,6.774710651426734,3.6000279859289264,6.771164994931447,3.246683225216386,10.30273807763708,0.4603557804522821,0.049424650732594,0.4628029962282614,0.41191962273433996,0.5087919381702242,0.3260416666666666,0.10584982738195713,0.33888888888888885,0.22230883583234862,0.4297744975009846
multi_objective_without_smurf_penalty,0.05,700,low,0.6967717728775816,0.0037587776888517725,0.6961428717501315,0.693088170742507,0.7004553750126563,0.2517988033732189,0.0018542978344925094,0.2514932329808556,0.24998159149541627,0.25361601525102156,376.32824607668215,7.596660981838929,379.1122397313974,368.88351831448,383.7729738388843,489.0431779229671,5.889740833262568,489.6829750184446,483.2712319063698,494.81512393956444,0.11366117246327753,0.0010213375846852652,0.11352792406884679,0.11266026163028597,0.11466208329626909,0.13219333007042725,0.011917423430464856,0.1290860203683103,0.12051425510857168,0.1438724050322828,10.204877697719958,0.8038443375285483,10.264570646899994,9.41711024694198,10.992645148497935,0.0673177083333333,0.005793905068043489,0.0677083333333333,0.06163968136665068,0.07299573530001591,14416.6529714687,3377.3821102479333,14070.313535135807,11106.818503425726,17726.487439511675,5.889062499999999,0.11783808605651691,5.851041666666665,5.773581175664612,6.004543824335386,0.9930555555555556,0.18719969091810856,0.9375,0.8095998584558092,1.1765112526553019,0.3829861111111111,0.127007415089255,0.33888888888888885,0.2585188443236412,0.507453377898581,0.4257271271331514,0.1353143610628522,0.42025089605734767,0.2931190532915563,0.5583352009747465,0.408439121853756,0.15742139957755544,0.36732779415706246,0.2541661502677517,0.5627120934397604,1.192013888888889,0.11938184729247138,1.1777777777777778,1.075019678542267,1.3090080992355109,0.2779513888888888,0.0243097549282337,0.27659722222222216,0.25412782905921977,0.30177494871855787,0.2921953534889232,0.01906911122802808,0.2928403958625931,0.27350762448545574,0.3108830824923907,0.32850531259791643,0.01604183299136987,0.3315479859649611,0.312784316266374,0.3442263089294589,159.38468067422411,8.062538257063219,159.13146094337338,151.48339318230217,167.28596816614606,11.147259242189417,0.4445800781492497,11.364846052065626,10.711570765603152,11.582947718775682,0.08486444286314257,0.01316850746115404,0.08060379949250135,0.0719593055512116,0.09776958017507353,0.08486444286314257,0.01316850746115404,0.08060379949250135,0.0719593055512116,0.09776958017507353,0.3267361111111111,0.023498505994012004,0.32638888888888884,0.30370757523697933,0.3497646469852429,0.05,0.0,0.05,0.05,0.05,700.0,0.0,700.0,700.0,700.0,0.08,0.0,0.08,0.08,0.08,0.1,0.0,0.1,0.1,0.1,30.0,0.0,30.0,30.0,30.0,720.0,0.0,720.0,720.0,720.0,16.0,0.0,16.0,16.0,16.0,120.0,0.0,120.0,120.0,120.0,0.2812958256478054,0.07052107903089638,0.2587975800216106,0.21218516819752697,0.35040648309808387,0.26353788253512384,0.11519716112756613,0.24051138761578128,0.15064466463010903,0.3764311004401386,0.8541666666666667,0.05684838329387714,0.85625,0.7984552510386671,0.9098780822946664,3.7611249526902926,1.6611230716312069,3.678767027908717,2.13322434249171,5.389025562888875,0.5448337081829293,0.10031553025061968,0.5397535909548854,0.446524488537322,0.6431429278285365,0.3378472222222222,0.07479717946256767,0.3486111111111111,0.26454598634890586,0.4111484580955385
multi_objective_without_smurf_penalty,0.1,300,high,0.6933493070870266,0.0011460346520168739,0.6934740315476728,0.69222619312805,0.6944724210460032,0.25010367388587984,0.000571798326624681,0.25016636668801134,0.24954331152578765,0.25066403624597206,352.4827583747028,6.4456863134946865,351.83611428327686,346.165985787478,358.79953096192764,445.11953120687497,9.411823416494817,442.446879260747,435.8959442587101,454.34311815503986,0.11592513904988108,0.0007979566800009147,0.11619109290987109,0.11514314150348018,0.11670713659628199,0.12821908300145923,0.004045576088530258,0.1263906749548611,0.12425441843469959,0.13218374756821888,8.921498456978522,1.0019911913403738,8.911045846745157,7.939547089464956,9.903449824492089,0.07213541666666662,0.001960345449763205,0.07200520833333329,0.07021427812589867,0.07405655520743457,4923.082810719375,622.6169641585299,4934.91761459287,4312.918185844015,5533.247435594734,5.815104166666667,0.1308180170617295,5.827083333333334,5.686902509946172,5.943305823387162,1.0,0.05670115145331426,0.9791666666666667,0.9444328715757521,1.055567128424248,0.4059027777777777,0.055176659327725724,0.3958333333333333,0.3518296516366065,0.45997590391894894,0.39870106849974396,0.059063978173306664,0.38818458417849894,0.34081836988990344,0.4565837671095845,0.4935032542962739,0.04765440253411196,0.5015833919774807,0.44680193981284416,0.5402045687797036,1.8621527777777775,0.0967340588306934,1.8645833333333335,1.7673534001236981,1.956952155431857,0.25684027777777774,0.027369070801228083,0.2577777777777778,0.23001858839257422,0.28366196716298125,0.2920290463814866,0.017831782823475417,0.2935919077721538,0.27455389921448065,0.3095041935484925,0.3327396705548561,0.017912566820710383,0.33956280076632206,0.3151853550705599,0.3502939860391523,145.6970674939433,2.0568218731792776,145.01564063798952,143.68138205822763,147.712752929659,12.273872416076713,0.42688388096045493,12.303631688065376,11.855526212735468,12.69221861941796,0.08913926616913088,0.005081570983144394,0.0878699376661724,0.08415932660564938,0.09411920573261238,0.08913926616913088,0.005081570983144394,0.0878699376661724,0.08415932660564938,0.09411920573261238,0.37916666666666665,0.02034931571836658,0.3763888888888889,0.3592243372626674,0.3991089960706659,0.1,0.0,0.1,0.1,0.1,300.0,0.0,300.0,300.0,300.0,0.45,0.0,0.45,0.45,0.45,0.1,0.0,0.1,0.1,0.1,30.0,0.0,30.0,30.0,30.0,720.0,0.0,720.0,720.0,720.0,16.0,0.0,16.0,16.0,16.0,120.0,0.0,120.0,120.0,120.0,0.3508987893797059,0.0246991702728025,0.354155709068881,0.32669360251235946,0.3751039762470524,0.23406270411710378,0.07250616722566292,0.2317819067646409,0.16300666023595412,0.30511874799825345,0.6624999999999999,0.16232778148541077,0.6972222222222224,0.5034187741442973,0.8215812258557025,3.0037904996123155,1.1559593452008825,2.5821370715946683,1.8709503413154507,4.13663065790918,0.5849614934968097,0.07155370099063486,0.5744573754556374,0.5148388665259875,0.6550841204676319,1.1996527777777777,0.07762364854061685,1.1701388888888888,1.1235816022079732,1.2757239533475822
multi_objective_without_smurf_penalty,0.1,300,low,0.6921089344532141,0.003566435841285414,0.6922159621462678,0.6886138273287544,0.6956040415776737,0.24948923483124832,0.0017738248517843041,0.24954012798849562,0.2477508864764997,0.2512275831859969,352.00507179036106,8.461739228841488,352.7590228715567,343.7125673460964,360.2975762346257,444.71761646958436,10.871369517684373,442.5741975778269,434.06367434225365,455.37155859691507,0.11365144844099125,0.0008746703873727172,0.11340052950359406,0.11279427146136599,0.1145086254206165,0.13033119566041718,0.002324750456287605,0.13118159369507854,0.12805294021325533,0.13260945110757902,9.044685713315374,0.9800392754983797,9.19036756768682,8.084247223326962,10.005124203303787,0.0677083333333333,0.003937950077157563,0.0688802083333333,0.06384914225771889,0.07156752440894772,5102.96144327683,691.1975196186365,5162.809748212291,4425.587874050567,5780.335012503094,5.854817708333333,0.08788808509704556,5.820572916666666,5.768687384938229,5.940948031728437,0.9409722222222222,0.04991633947418476,0.9236111111111112,0.8920542095375211,0.9898902349069233,0.32152777777777775,0.029430027917245936,0.3097222222222222,0.29268635041887675,0.35036920513667874,0.2619066482655217,0.10042753632611534,0.2542237442922374,0.16348766266592865,0.36032563386511474,0.42526806548390683,0.07881819355132164,0.43216878402903813,0.34802623580361164,0.5025098951642021,1.9128472222222221,0.014361182749302143,1.9138888888888888,1.898773263127906,1.9269211813165383,0.27229166666666665,0.017667663901507362,0.26708333333333334,0.25497735604318944,0.28960597729014387,0.3025032774727303,0.011384502181454061,0.3068071736701863,0.2913464653349053,0.3136600896105553,0.35144177160775736,0.013502857979543158,0.3519374207688538,0.33820897078780504,0.3646745724277097,145.700631144133,1.9270729719880597,144.96847318815048,143.81209963158472,147.5891626566813,11.31846027150127,0.8254018576731602,11.042507126197396,10.509566450981573,12.127354092020965,0.08025631779265292,0.002556820715602013,0.07972185664162484,0.07775063349136295,0.0827620020939429,0.08025631779265292,0.002556820715602013,0.07972185664162484,0.07775063349136295,0.0827620020939429,0.3472222222222222,0.030702508577017167,0.3416666666666667,0.3171337638167454,0.377310680627699,0.1,0.0,0.1,0.1,0.1,300.0,0.0,300.0,300.0,300.0,0.08,0.0,0.08,0.08,0.08,0.1,0.0,0.1,0.1,0.1,30.0,0.0,30.0,30.0,30.0,720.0,0.0,720.0,720.0,720.0,16.0,0.0,16.0,16.0,16.0,120.0,0.0,120.0,120.0,120.0,0.3248865430387019,0.03000865602041875,0.3240412446913952,0.29547806013869155,0.35429502593871226,0.2640611099707505,0.025085962094207763,0.26540635755934117,0.2394768671184269,0.28864535282307413,0.6107638888888888,0.08860904299223638,0.61875,0.5239270267564972,0.6976007510212804,2.323027516032915,0.3444384936075561,2.440081692011066,1.9854777922975098,2.66057723976832,0.5889476530094524,0.04344597178365304,0.6066436251199177,0.5463706006614725,0.6315247053574323,1.3020833333333335,0.08530461635818108,1.30625,1.218484809302316,1.385681857364351
multi_objective_without_smurf_penalty,0.1,700,high,0.6974055423468489,0.00246137515457888,0.698011644595103,0.6949933946953616,0.6998176899983363,0.25210544404162843,0.001218564103943834,0.2523965431222638,0.2509112512197635,0.2532996368634934,417.03252595025333,9.41681157669176,420.3194564082505,407.8040506050954,426.26100129541123,560.0833532603633,6.162760512628919,559.8417183521802,554.0438479579869,566.1228585627397,0.11587216112874757,0.0008986632899566345,0.1156966083165901,0.11499147110459007,0.11675285115290507,0.1423406251883126,0.005814733153028902,0.14157894592247294,0.13664218669834427,0.1480390636782809,10.916705957767332,1.0417872260181942,10.95752447988929,9.895754476269502,11.937657439265163,0.07024739583333331,0.003213271531055482,0.0708333333333333,0.06709838973289893,0.07339640193376769,16971.658425182657,1796.5216659845103,17058.004533385945,15211.067192517838,18732.24965784748,5.777864583333334,0.10496267042007325,5.785677083333334,5.675001166321662,5.880728000345005,1.1145833333333333,0.08514617665624781,1.1180555555555556,1.0311400802102104,1.198026586456456,0.4857638888888889,0.0896479095416351,0.47777777777777775,0.3979089375380865,0.5736188402396912,0.4250654272365454,0.13382444568021332,0.47258225324027914,0.2939174704699363,0.5562133840031545,0.4918865005167221,0.08399105538467101,0.47999199679871946,0.4095752662397445,0.5741977347936997,1.2836805555555555,0.07588109844238575,1.3055555555555554,1.2093170790820174,1.3580440320290936,0.2542361111111111,0.02510817645093643,0.25555555555555554,0.22963009818919342,0.2788421240330288,0.3180154529487338,0.011240854497056921,0.3143712434066862,0.306999415541618,0.32903149035584955,0.3576024289705562,0.016582414801764412,0.3622383939142765,0.34135166246482707,0.37385319547628537,195.84219004387913,4.000000928927575,195.5877346241175,191.9221891335301,199.76219095422815,12.259398537732954,0.2742791622483842,12.267718335618598,11.990604958729538,12.52819211673637,0.09727072532025327,0.00868797339923891,0.09703184364499315,0.08875651138899913,0.1057849392515074,0.09727072532025327,0.00868797339923891,0.09703184364499315,0.08875651138899913,0.1057849392515074,0.4020833333333333,0.03139626265404809,0.3944444444444444,0.37131499593236617,0.4328516707343004,0.1,0.0,0.1,0.1,0.1,700.0,0.0,700.0,700.0,700.0,0.45,0.0,0.45,0.45,0.45,0.1,0.0,0.1,0.1,0.1,30.0,0.0,30.0,30.0,30.0,720.0,0.0,720.0,720.0,720.0,16.0,0.0,16.0,16.0,16.0,120.0,0.0,120.0,120.0,120.0,0.3413686672795474,0.03436896729974852,0.32986236339124686,0.30768707932579387,0.37505025523330093,0.19662032633239468,0.0888477744733229,0.1743605694369702,0.10954950734853824,0.2836911453162511,0.7847222222222221,0.11445770329524088,0.7999999999999998,0.672553672992886,0.8968907714515582,4.465215581234871,1.6206271560499736,4.270752148639588,2.8770009683058966,6.053430194163845,0.5379889936119421,0.08613250520702087,0.5272355406048181,0.4535791385090616,0.6223988487148225,0.4989583333333333,0.09435163604453203,0.4652777777777778,0.4064937300096919,0.5914229366569747
multi_objective_without_smurf_penalty,0.1,700,low,0.6974730325729622,0.0030047162214506436,0.6961379041734501,0.6945284106759406,0.7004176544699838,0.25215584998550006,0.0014998936107947323,0.25148710206135305,0.2506859542469212,0.2536257457240789,416.81647023527023,9.100873976891366,419.981511976682,407.8976137379167,425.7353267326238,561.0141194295554,5.966045937730506,560.7405284087722,555.1673944105795,566.8608444485313,0.11386498807941979,0.0009508600952673935,0.11357506956171834,0.11293314518605775,0.11479683097278183,0.14175633345530536,0.009817071897796428,0.144706552249779,0.13213560299546487,0.15137706391514585,10.673813182676469,1.2468726795504728,10.192295754280568,9.451877956717006,11.895748408635932,0.06803385416666664,0.005655200402667314,0.06861979166666665,0.062491757772052674,0.0735759505612806,16999.763090611596,2455.845703319519,18103.71774906566,14593.034301358468,19406.491879864723,5.8246093750000005,0.09697796853747323,5.789583333333334,5.729570965833277,5.919647784166724,1.1319444444444446,0.1641397953818133,1.1527777777777777,0.9710874449702676,1.2928014439186217,0.484375,0.17010865188608743,0.49375,0.31766852115163435,0.6510814788483656,0.2254178660466891,0.12362747639861324,0.23268901394666008,0.10426293917604812,0.34657279291733006,0.4544548763243955,0.08872858832841386,0.4627023223082336,0.3675008597625499,0.541408892886241,1.2635416666666668,0.06291911940276786,1.2506944444444446,1.2018809296519544,1.3252024036813792,0.26510416666666664,0.020225190245662737,0.26069444444444445,0.24528348022591717,0.2849248531074161,0.32328535706339956,0.00431565670712913,0.32492757234454145,0.319056013490413,0.3275147006363861,0.3598176382421584,0.0025169521843874114,0.3591598813291263,0.3573510251014587,0.3622842513828581,195.98231812270396,3.9606331555801004,195.76256538195608,192.10089763023547,199.86373861517245,10.766256920755898,0.2370356465324447,10.709324248864721,10.533961987154102,10.998551854357695,0.0935446432149238,0.01424216404184871,0.09450646877061211,0.07958732245391206,0.10750196397593553,0.0935446432149238,0.01424216404184871,0.09450646877061211,0.07958732245391206,0.10750196397593553,0.34027777777777773,0.018002057495577404,0.3416666666666667,0.32263576143211187,0.3579197941234436,0.1,0.0,0.1,0.1,0.1,700.0,0.0,700.0,700.0,700.0,0.08,0.0,0.08,0.08,0.08,0.1,0.0,0.1,0.1,0.1,30.0,0.0,30.0,30.0,30.0,720.0,0.0,720.0,720.0,720.0,16.0,0.0,16.0,16.0,16.0,120.0,0.0,120.0,120.0,120.0,0.3257140714779696,0.05416311242469961,0.33338063865850226,0.27263422130176396,0.37879392165417525,0.21388886506466886,0.07907379124892518,0.19284255576144108,0.13639654964072218,0.29138118048861555,0.6958333333333333,0.032254932311759944,0.6986111111111112,0.6642234996678086,0.727443166998858,3.552537879992698,1.1240401054426843,3.673257340970035,2.4509785766588674,4.654097183326528,0.5396029365426385,0.06341377337519731,0.5529835354841821,0.4774574386349451,0.6017484344503319,0.5677083333333334,0.06849700926155665,0.5819444444444445,0.5005812642570079,0.6348354024096589
multi_objective_without_smurf_penalty,0.15,300,high,0.6927265289875765,0.002427806424368776,0.6934260862101882,0.6903472786916951,0.6951057792834578,0.24979439005495374,0.00120687070651318,0.2501415003859906,0.24861165676257083,0.2509771233473367,368.9082600323238,7.570356991521757,366.43844092334314,361.4893101806325,376.32720988401513,465.4826563601288,10.322583706275502,468.6790815614405,455.36652432797877,475.5987883922788,0.11549106535458836,0.001226597257437924,0.1156399323405717,0.1142890000422992,0.11669313066687753,0.14053251273288037,0.010034129182676776,0.1381696388205176,0.13069906613385712,0.1503659593319036,9.291020712106187,0.6207041870962329,9.226946405827636,8.682730608751879,9.899310815460495,0.06816406249999996,0.0019415164276341062,0.06874999999999995,0.06626137640091853,0.07006674859908138,4988.8703848391515,414.04487801880634,4941.827104049216,4583.106404380721,5394.634365297582,5.86328125,0.08994446347839673,5.855989583333333,5.775135675791171,5.951426824208829,1.1527777777777777,0.11283386673105499,1.1111111111111112,1.0422005883813439,1.2633549671742115,0.5107638888888888,0.08250650772437548,0.4923611111111111,0.42990751131900085,0.5916202664587767,0.3916505690444032,0.16908992393396938,0.39381720430107525,0.22594244358911322,0.5573586944996932,0.527189031419465,0.15204067395596102,0.5095476244601046,0.3781891709426233,0.6761888918963068,1.7951388888888888,0.09248025592863324,1.8118055555555554,1.7045082380788283,1.8857695396989493,0.2742361111111111,0.017942129480306015,0.26840277777777777,0.25665282422041125,0.291819398001811,0.2916943777909328,0.01710249250993077,0.2961152055974636,0.2749339351312007,0.30845482045066497,0.33369325322697585,0.014933146162822467,0.33710795537981786,0.31905876998740984,0.34832773646654186,145.43106380907318,5.551875071715776,145.06568676151824,139.9902262387917,150.87190137935465,12.291506318346011,0.7296283162564279,12.472249287193058,11.576470568414711,13.00654206827731,0.10000033168593632,0.008769374778239357,0.09647112543012334,0.09140634440326176,0.10859431896861088,0.10000033168593632,0.008769374778239357,0.09647112543012334,0.09140634440326176,0.10859431896861088,0.3847222222222222,0.04273326207116414,0.3916666666666666,0.3428436253924813,0.42660081905196306,0.15,0.0,0.15,0.15,0.15,300.0,0.0,300.0,300.0,300.0,0.45,0.0,0.45,0.45,0.45,0.1,0.0,0.1,0.1,0.1,30.0,0.0,30.0,30.0,30.0,720.0,0.0,720.0,720.0,720.0,16.0,0.0,16.0,16.0,16.0,120.0,0.0,120.0,120.0,120.0,0.366146618953922,0.04387798857566782,0.36291432185631134,0.32314619014976753,0.4091470477580764,0.1858377162504771,0.09091006160160725,0.22442653451625277,0.096745855880902,0.2749295766200522,0.5125,0.16641570611813747,0.5472222222222224,0.34941260800422524,0.6755873919957747,3.272395476653433,1.4381538349081218,2.6782096439370724,1.8630047184434737,4.6817862348633925,0.5519843352043992,0.054881748770372746,0.5649235895715159,0.4982002214094339,0.6057684489993644,1.2826388888888887,0.10670367317160524,1.2680555555555555,1.1780692891807156,1.3872084885970617
multi_objective_without_smurf_penalty,0.15,300,low,0.6905290074803556,0.0006013503106592794,0.6905190878324534,0.6899396841759096,0.6911183307848017,0.2486945971366791,0.0002955236987484632,0.2486962587058245,0.2484049839119056,0.2489842103614526,369.7851861128386,6.899693391762548,367.12553892572726,363.0234865889113,376.54688563676586,466.749830082741,8.79271054872396,468.9907658494243,458.13297374499155,475.3666864204905,0.11345626195741317,0.00030812997827436866,0.113526352893422,0.11315429457870428,0.11375822933612205,0.13910806305960377,0.006624674265150054,0.14016705861914253,0.1326158822797567,0.14560024383945083,9.049019564499714,0.5207408891866122,9.181990191442004,8.538693493096835,9.559345635902593,0.0645833333333333,0.003382076343537885,0.06406249999999995,0.06126889851666617,0.06789776815000043,4838.116235895963,553.0725745696489,4815.819965491475,4296.105112817707,5380.127358974219,5.899088541666666,0.04348958333333282,5.911458333333334,5.85646875,5.941708333333332,1.1284722222222223,0.1408997943845667,1.1736111111111112,0.9903904237253469,1.2665540207190977,0.45243055555555556,0.0971585439609356,0.49722222222222223,0.35721518247383865,0.5476459286372725,0.3152078309393166,0.17386783972505274,0.3779342723004695,0.14481734800876492,0.4855983138698683,0.42791468791971105,0.0809514602736659,0.4600477381223005,0.34858225685151845,0.5072471189879036,1.732986111111111,0.07246553565678428,1.738888888888889,1.6619698861674623,1.8040023360547595,0.2794791666666666,0.008527351750728811,0.2825,0.27112236195095235,0.2878359713823809,0.30562669318219216,0.007173655020543269,0.3069755348442632,0.29859651126205977,0.31265687510232454,0.34533116299409017,0.008652205052555305,0.34438248250545955,0.336852002042586,0.35381032394559436,145.70560274911412,5.83901371890729,144.89510325766588,139.98336930458498,151.42783619364326,11.154652098897037,0.1698031442453663,11.11855407158943,10.988245017536578,11.321059180257496,0.0927491844581447,0.00958198359154059,0.0968109391717216,0.08335884053843493,0.10213952837785448,0.0927491844581447,0.00958198359154059,0.0968109391717216,0.08335884053843493,0.10213952837785448,0.3416666666666667,0.007938161203464026,0.34375,0.3338872686872719,0.3494460646460614,0.15,0.0,0.15,0.15,0.15,300.0,0.0,300.0,300.0,300.0,0.08,0.0,0.08,0.08,0.08,0.1,0.0,0.1,0.1,0.1,30.0,0.0,30.0,30.0,30.0,720.0,0.0,720.0,720.0,720.0,16.0,0.0,16.0,16.0,16.0,120.0,0.0,120.0,120.0,120.0,0.33861567145702826,0.03727607912078552,0.34766162517708976,0.30208511391865844,0.37514622899539807,0.17674300628324474,0.12408771925588535,0.17836121327895155,0.05513704141247709,0.2983489711540124,0.41458333333333314,0.11885892232238116,0.43194444444444413,0.2981015894573996,0.5310650772092667,4.124217795310106,3.726411821675059,2.795478968367063,0.4723342100685479,7.776101380551664,0.515358677740273,0.11304815758538136,0.5079309310159182,0.40457148330659926,0.6261458721739468,1.3184027777777778,0.15833891721797674,1.2951388888888888,1.1632306389041607,1.473574916651395
multi_objective_without_smurf_penalty,0.15,700,high,0.6958599137209952,0.00516947145791046,0.6973622729157021,0.690793831692243,0.7009259957497475,0.2513472955457206,0.002577155598870838,0.25209072729286514,0.24882168305882718,0.25387290803261403,460.62673782926765,19.07131946887363,456.68938580106715,441.9368447497715,479.3166309087638,617.3508444380577,30.292976597115544,622.1764533498556,587.6637273728845,647.0379615032309,0.11535021062675402,0.0012875770039825559,0.11529342890469224,0.11408838516285111,0.11661203609065693,0.14180193964025922,0.006801919237671652,0.14336505088422324,0.135136058787341,0.14846782049317744,11.241312404281581,0.9393475357279817,11.605142065761116,10.320751819268159,12.161872989295004,0.06692708333333332,0.0026557393299962433,0.06744791666666665,0.064324458789937,0.06952970787672963,16650.732291755052,2569.372820540747,16843.339317226226,14132.74692762512,19168.717655884982,5.853515625,0.07885237205318803,5.83203125,5.776240300387876,5.930790949612124,1.107638888888889,0.12021446456109992,1.1319444444444446,0.9898287136190111,1.225449064158767,0.4864583333333333,0.14274451532853583,0.4986111111111111,0.3465687083113682,0.6263479583552984,0.4048305670580543,0.19896027725930307,0.33011363636363633,0.20984949534393732,0.5998116387721713,0.39079567485730177,0.09576271111609186,0.39814643188137167,0.29694821796353177,0.48464313175107177,1.2753472222222222,0.05058016037397257,1.275,1.225778665055729,1.3249157793887154,0.2699652777777778,0.020669222449991753,0.26375,0.24970943977678586,0.2902211157787697,0.322046281457106,0.010242533264769139,0.3249274688332806,0.31200859885763227,0.33208396405657975,0.35498852081505594,0.018324570019394706,0.36005639137239087,0.3370304421960491,0.3729465994340628,208.14739346408203,9.912538498557673,206.32806252057287,198.4331057354955,217.86168119266856,12.227434391889146,0.8139913321613143,12.331861409371044,11.429722886371058,13.025145897407233,0.09711339712302533,0.01282063806984843,0.09861914317553544,0.08454917181457387,0.10967762243147679,0.09711339712302533,0.01282063806984843,0.09861914317553544,0.08454917181457387,0.10967762243147679,0.38541666666666663,0.02297621332162508,0.39166666666666666,0.3628999776114741,0.4079333557218592,0.15,0.0,0.15,0.15,0.15,700.0,0.0,700.0,700.0,700.0,0.45,0.0,0.45,0.45,0.45,0.1,0.0,0.1,0.1,0.1,30.0,0.0,30.0,30.0,30.0,720.0,0.0,720.0,720.0,720.0,16.0,0.0,16.0,16.0,16.0,120.0,0.0,120.0,120.0,120.0,0.3205618855135307,0.024358229113246962,0.3196254656879558,0.2966908209825487,0.34443295004451274,0.1950499422168287,0.07551644909020688,0.19448992013270275,0.12104382210842596,0.26905606232523144,0.7013888888888888,0.054539316433532894,0.6958333333333333,0.6479403587840266,0.7548374189937511,4.043116085048918,1.5680324136304287,3.866470344348106,2.5064443196910977,5.5797878504067375,0.5156118277303594,0.07625254366967203,0.535875815926979,0.4408843349340808,0.590339320526638,0.5739583333333333,0.02288859110737613,0.5743055555555556,0.5515275140481047,0.596389152618562
multi_objective_without_smurf_penalty,0.15,700,low,0.6928955271228763,0.004263649369325204,0.6913297304834132,0.6887171507409375,0.697073903504815,0.24987051894087947,0.0021235939075661178,0.2490954190608884,0.24778939691146468,0.25195164097029427,462.5897738807871,17.885235771281778,459.37082221551384,445.062242824931,480.1173049366432,618.5484954410781,29.617564375136805,624.6813821879097,589.5232823534441,647.5737085287121,0.11315847007487603,0.00035587470804587936,0.11314486883147035,0.11280971286099108,0.11350722728876099,0.14253438901362778,0.010380719828322692,0.14003051860927823,0.13236128358187155,0.152707494445384,10.695824708327525,0.6173626159038199,10.520277950328095,10.090809344741782,11.300840071913267,0.06393229166666664,0.0017339396141873471,0.064453125,0.06223303084476304,0.06563155248857024,15221.34931406068,1587.8458507938296,15160.665098816717,13665.260380282727,16777.438247838632,5.859114583333334,0.06737430963193337,5.859114583333334,5.793087759894039,5.925141406772628,1.1145833333333335,0.09308319103186617,1.0833333333333335,1.0233618061221046,1.2058048605445624,0.453125,0.0886815797237765,0.43472222222222223,0.36621705187069903,0.5400329481293009,0.2135050754235276,0.03705265178779816,0.21263297872340425,0.17719347667148538,0.2498166741755698,0.37000785575938283,0.10169505296582895,0.35655830870652416,0.27034670385287046,0.4696690076658952,1.2489583333333334,0.06308242004003166,1.226388888888889,1.1871375616941025,1.3107791049725643,0.2730902777777777,0.013761160360413695,0.2745833333333333,0.2596043406245723,0.2865762149309831,0.31826162882040404,0.022899163705809595,0.32126801657927084,0.29582044838871063,0.34070280925209745,0.35738395344048607,0.02345849448853579,0.3587212370457505,0.334394628841721,0.38037327803925114,208.4599756747345,9.978425388422876,206.4536301945283,198.68111879408008,218.2388325553889,10.700952008656401,0.13469049230035587,10.713383043864276,10.568955326202053,10.832948691110749,0.0913917123456812,0.007421979049507204,0.08918225314326181,0.08411817287716415,0.09866525181419826,0.0913917123456812,0.007421979049507204,0.08918225314326181,0.08411817287716415,0.09866525181419826,0.3374999999999999,0.019902023389078406,0.3416666666666667,0.31799601707870306,0.35700398292129676,0.15,0.0,0.15,0.15,0.15,700.0,0.0,700.0,700.0,700.0,0.08,0.0,0.08,0.08,0.08,0.1,0.0,0.1,0.1,0.1,30.0,0.0,30.0,30.0,30.0,720.0,0.0,720.0,720.0,720.0,16.0,0.0,16.0,16.0,16.0,120.0,0.0,120.0,120.0,120.0,0.29667629022378766,0.04130775136274177,0.2837631336514764,0.25619469388830074,0.3371578865592746,0.1930104238796188,0.07611535381157893,0.21863391167247637,0.11841737714427146,0.26760347061496614,0.5715277777777779,0.07524394483656416,0.6041666666666666,0.497788711837945,0.6452668437176108,3.3740856753844604,1.4095398970526916,2.7860092761059745,1.9927365762728226,4.7554347744960985,0.4896867141034065,0.10646985125130708,0.5023970453239528,0.38534625987712556,0.5940271683296874,0.6774305555555555,0.07766505555209155,0.6798611111111111,0.6013188011145059,0.7535423099966052
nearest,0.0,300,high,0.6927101277548091,0.0005677435455446693,0.6927346546226271,0.6921537390801753,0.6932665164294429,0.24978333945525713,0.00027320446720031515,0.24979284510042316,0.2495155990774008,0.2500510798331134,322.7536581838758,7.675036697199105,322.361727334569,315.2321222206207,330.27519414713095,406.44092530673527,7.940582678089178,404.7100082428111,398.65915428220785,414.2226963312627,0.14167419399593142,0.0023408753377302,0.14125077205961628,0.13938013616495581,0.14396825182690703,0.21903176808044234,0.00921600453380355,0.2201572232312089,0.21000008363731484,0.22806345252356983,49.166762309166515,1.0084895586425064,49.05317842315959,48.17844254169686,50.15508207663617,0.013062273960216926,0.0019628218663911307,0.0128654309825195,0.011138708531153618,0.014985839389280234,38.713644605204266,12.764939087275977,38.037955701540255,26.20400429967381,51.22328491073472,6.0042955093429775,0.12668368897746,6.027512808921038,5.880145494145067,6.128445524540888,2.071527777777778,0.1760678034144145,2.0625,1.8989813304316516,2.244074225123904,1.1934027777777778,0.12268103591865394,1.1930555555555555,1.073175362577497,1.3136301929780587,2.0085964912280705,0.3243666556548437,2.125526315789474,1.6907171686863238,2.326475813769817,0.7646392958892958,0.10541204448780686,0.7769637769637769,0.6613354922912451,0.8679430994873465,0.0,0.0,0.0,0.0,0.0,0.5210416666666666,0.02830642785702026,0.5140277777777778,0.49330136736678676,0.5487819659665465,0.44508137482914856,0.007052759564540396,0.4456137661459266,0.438169670455899,0.4519930792023981,0.46640678864931717,0.005438302826529972,0.4665647560613619,0.4610772518793178,0.47173632541931654,128.5346149072475,4.652513949077401,128.83752737954484,123.97515123715164,133.09407857734334,18.92678663176921,0.9360544256305205,19.075523433466493,18.0094532946513,19.84411996888712,0.18870421591356806,0.013240365136365744,0.1904104918393926,0.17572865807992963,0.2016797737472065,0.18870421591356806,0.013240365136365744,0.1904104918393926,0.17572865807992963,0.2016797737472065,0.5868055555555556,0.03994112179041226,0.5715277777777777,0.5476632562009516,0.6259478549101596,0.0,0.0,0.0,0.0,0.0,300.0,0.0,300.0,300.0,300.0,0.45,0.0,0.45,0.45,0.45,0.1,0.0,0.1,0.1,0.1,30.0,0.0,30.0,30.0,30.0,720.0,0.0,720.0,720.0,720.0,16.0,0.0,16.0,16.0,16.0,120.0,0.0,120.0,120.0,120.0,0.503247454077686,0.03410783753225828,0.5023508187409269,0.4698217732960729,0.5366731348592991,0.0,0.0,0.0,0.0,0.0,0.0,0.0,0.0,0.0,0.0,0.0,0.0,0.0,0.0,0.0,0.503247454077686,0.03410783753225828,0.5023508187409269,0.4698217732960729,0.5366731348592991,0.0,0.0,0.0,0.0,0.0
nearest,0.0,300,low,0.6930082784173837,0.001275226043538361,0.6932907991406989,0.6917585568947161,0.6942579999400512,0.24993392468749945,0.0006294733032226784,0.2500707513652535,0.24931704085034123,0.25055080852465766,323.6074279583785,11.74430780817187,326.5840375382979,312.09800630637005,335.1168496103869,407.14857816810735,11.48063284557744,408.7628031953175,395.89755797944144,418.39959835677325,0.1372655145890076,0.008706109999804939,0.1351281882919411,0.12873352678919875,0.14579750238881645,0.21902014963148309,0.005623519976794035,0.21953483666894796,0.21350910005422494,0.22453119920874123,47.39271531927818,5.080561475033698,46.8306767757577,42.413765073745154,52.37166556481121,0.015973405550146026,0.00819439025904993,0.01732341366439465,0.007942903096277093,0.02400390800401496,44.45271199055204,17.161486399476107,52.522838690325415,27.634455319065456,61.27096866203863,5.976548242652778,0.07232402873203359,5.965563014029995,5.905670694495385,6.047425790810171,1.9993055555555557,0.3685234621853403,1.9222222222222223,1.6381525626139222,2.3604585484971894,1.0822916666666669,0.24697859146071277,0.9958333333333335,0.8402526470351683,1.3243306862981654,2.0901869119032694,0.7207366514677034,1.8932461873638342,1.38386499346492,2.796508830341619,0.8013244471577805,0.07605943621601163,0.7716049382716049,0.7267861996660891,0.8758626946494719,0.0,0.0,0.0,0.0,0.0,0.5234375,0.09248514888844424,0.49624999999999997,0.43280205408932465,0.6140729459106753,0.4488493524319943,0.004235327938758889,0.4501830617983787,0.4446987310520106,0.45299997381197804,0.46618456698865335,0.004125582083846073,0.4660593503299177,0.4621414965464842,0.4702276374308225,128.63468117089386,4.752875191454157,129.05423301573504,123.97686348326879,133.29249885851894,17.69913276596925,1.8924249779945062,17.11523737889528,15.844556287534633,19.553709244403866,0.17662121900212385,0.031413113074472525,0.16684209178370302,0.14583636818914078,0.20740606981510692,0.17662121900212385,0.031413113074472525,0.16684209178370302,0.14583636818914078,0.20740606981510692,0.521875,0.06356980504271449,0.49513888888888885,0.45957659105813975,0.5841734089418602,0.0,0.0,0.0,0.0,0.0,300.0,0.0,300.0,300.0,300.0,0.08,0.0,0.08,0.08,0.08,0.1,0.0,0.1,0.1,0.1,30.0,0.0,30.0,30.0,30.0,720.0,0.0,720.0,720.0,720.0,16.0,0.0,16.0,16.0,16.0,120.0,0.0,120.0,120.0,120.0,0.5043863221353432,0.0761394104563265,0.48403148613868463,0.42976969988814323,0.5790029443825432,0.0,0.0,0.0,0.0,0.0,0.0,0.0,0.0,0.0,0.0,0.0,0.0,0.0,0.0,0.0,0.5043863221353432,0.0761394104563265,0.48403148613868463,0.42976969988814323,0.5790029443825432,0.0,0.0,0.0,0.0,0.0
nearest,0.0,700,high,0.6927101277548091,0.0005677435455446693,0.6927346546226271,0.6921537390801753,0.6932665164294429,0.24978333945525713,0.00027320446720031515,0.24979284510042316,0.2495155990774008,0.2500510798331134,322.7536581838758,7.675036697199105,322.361727334569,315.2321222206207,330.27519414713095,406.44092530673527,7.940582678089178,404.7100082428111,398.65915428220785,414.2226963312627,0.14167419399593142,0.0023408753377302,0.14125077205961628,0.13938013616495581,0.14396825182690703,0.21903176808044234,0.00921600453380355,0.2201572232312089,0.21000008363731484,0.22806345252356983,49.166762309166515,1.0084895586425064,49.05317842315959,48.17844254169686,50.15508207663617,0.013062273960216926,0.0019628218663911307,0.0128654309825195,0.011138708531153618,0.014985839389280234,38.713644605204266,12.764939087275977,38.037955701540255,26.20400429967381,51.22328491073472,6.0042955093429775,0.12668368897746,6.027512808921038,5.880145494145067,6.128445524540888,2.071527777777778,0.1760678034144145,2.0625,1.8989813304316516,2.244074225123904,1.1934027777777778,0.12268103591865394,1.1930555555555555,1.073175362577497,1.3136301929780587,2.0085964912280705,0.3243666556548437,2.125526315789474,1.6907171686863238,2.326475813769817,0.7646392958892958,0.10541204448780686,0.7769637769637769,0.6613354922912451,0.8679430994873465,0.0,0.0,0.0,0.0,0.0,0.5210416666666666,0.02830642785702026,0.5140277777777778,0.49330136736678676,0.5487819659665465,0.44508137482914856,0.007052759564540396,0.4456137661459266,0.438169670455899,0.4519930792023981,0.46640678864931717,0.005438302826529972,0.4665647560613619,0.4610772518793178,0.47173632541931654,128.5346149072475,4.652513949077401,128.83752737954484,123.97515123715164,133.09407857734334,18.92678663176921,0.9360544256305205,19.075523433466493,18.0094532946513,19.84411996888712,0.18870421591356806,0.013240365136365744,0.1904104918393926,0.17572865807992963,0.2016797737472065,0.18870421591356806,0.013240365136365744,0.1904104918393926,0.17572865807992963,0.2016797737472065,0.5868055555555556,0.03994112179041226,0.5715277777777777,0.5476632562009516,0.6259478549101596,0.0,0.0,0.0,0.0,0.0,700.0,0.0,700.0,700.0,700.0,0.45,0.0,0.45,0.45,0.45,0.1,0.0,0.1,0.1,0.1,30.0,0.0,30.0,30.0,30.0,720.0,0.0,720.0,720.0,720.0,16.0,0.0,16.0,16.0,16.0,120.0,0.0,120.0,120.0,120.0,0.503247454077686,0.03410783753225828,0.5023508187409269,0.4698217732960729,0.5366731348592991,0.0,0.0,0.0,0.0,0.0,0.0,0.0,0.0,0.0,0.0,0.0,0.0,0.0,0.0,0.0,0.503247454077686,0.03410783753225828,0.5023508187409269,0.4698217732960729,0.5366731348592991,0.0,0.0,0.0,0.0,0.0
nearest,0.0,700,low,0.6930082784173837,0.001275226043538361,0.6932907991406989,0.6917585568947161,0.6942579999400512,0.24993392468749945,0.0006294733032226784,0.2500707513652535,0.24931704085034123,0.25055080852465766,323.6074279583785,11.74430780817187,326.5840375382979,312.09800630637005,335.1168496103869,407.14857816810735,11.48063284557744,408.7628031953175,395.89755797944144,418.39959835677325,0.1372655145890076,0.008706109999804939,0.1351281882919411,0.12873352678919875,0.14579750238881645,0.21902014963148309,0.005623519976794035,0.21953483666894796,0.21350910005422494,0.22453119920874123,47.39271531927818,5.080561475033698,46.8306767757577,42.413765073745154,52.37166556481121,0.015973405550146026,0.00819439025904993,0.01732341366439465,0.007942903096277093,0.02400390800401496,44.45271199055204,17.161486399476107,52.522838690325415,27.634455319065456,61.27096866203863,5.976548242652778,0.07232402873203359,5.965563014029995,5.905670694495385,6.047425790810171,1.9993055555555557,0.3685234621853403,1.9222222222222223,1.6381525626139222,2.3604585484971894,1.0822916666666669,0.24697859146071277,0.9958333333333335,0.8402526470351683,1.3243306862981654,2.0901869119032694,0.7207366514677034,1.8932461873638342,1.38386499346492,2.796508830341619,0.8013244471577805,0.07605943621601163,0.7716049382716049,0.7267861996660891,0.8758626946494719,0.0,0.0,0.0,0.0,0.0,0.5234375,0.09248514888844424,0.49624999999999997,0.43280205408932465,0.6140729459106753,0.4488493524319943,0.004235327938758889,0.4501830617983787,0.4446987310520106,0.45299997381197804,0.46618456698865335,0.004125582083846073,0.4660593503299177,0.4621414965464842,0.4702276374308225,128.63468117089386,4.752875191454157,129.05423301573504,123.97686348326879,133.29249885851894,17.69913276596925,1.8924249779945062,17.11523737889528,15.844556287534633,19.553709244403866,0.17662121900212385,0.031413113074472525,0.16684209178370302,0.14583636818914078,0.20740606981510692,0.17662121900212385,0.031413113074472525,0.16684209178370302,0.14583636818914078,0.20740606981510692,0.521875,0.06356980504271449,0.49513888888888885,0.45957659105813975,0.5841734089418602,0.0,0.0,0.0,0.0,0.0,700.0,0.0,700.0,700.0,700.0,0.08,0.0,0.08,0.08,0.08,0.1,0.0,0.1,0.1,0.1,30.0,0.0,30.0,30.0,30.0,720.0,0.0,720.0,720.0,720.0,16.0,0.0,16.0,16.0,16.0,120.0,0.0,120.0,120.0,120.0,0.5043863221353432,0.0761394104563265,0.48403148613868463,0.42976969988814323,0.5790029443825432,0.0,0.0,0.0,0.0,0.0,0.0,0.0,0.0,0.0,0.0,0.0,0.0,0.0,0.0,0.0,0.5043863221353432,0.0761394104563265,0.48403148613868463,0.42976969988814323,0.5790029443825432,0.0,0.0,0.0,0.0,0.0
nearest,0.02,300,high,0.6926902863985648,0.0009194099235563907,0.6929889941861099,0.6917892646734796,0.69359130812365,0.24977958884515888,0.0004458807108045601,0.24992271568417984,0.2493426257485704,0.25021655194174736,329.6254225223697,8.351420156803728,329.7731934342255,321.44103076870203,337.8098142760374,412.48207124509804,11.294566262202402,414.6321271707011,401.4133963081397,423.5507461820564,0.13875693135961342,0.007525538581475304,0.13772974564510776,0.13138190354976761,0.14613195916945923,0.22047377245851313,0.007806354588314742,0.2186716720559493,0.21282354496196468,0.22812399995506158,47.609131079862294,3.5372266631187603,47.566904267845395,44.142648950005906,51.07561320971868,0.016451135743165025,0.006871365763464347,0.01700136612021855,0.009717197294969965,0.023185074191360084,71.96619741894207,40.16864552635088,75.53654017903688,32.60092480311821,111.33147003476594,5.977361114464376,0.012779072437021189,5.973625429553264,5.964837623476095,5.989884605452657,1.958333333333333,0.5076118133834354,1.801388888888889,1.4608737562175662,2.4557929104491,1.1190972222222222,0.41775379012842795,0.9638888888888888,0.7096985078963628,1.5284959365480817,2.0152180720394113,0.6049326312533726,2.1894353369763206,1.422384093411106,2.6080520506677165,0.7579245375019439,0.22683383698174697,0.6991706795077581,0.5356273772598319,0.9802216977440559,0.5579861111111111,0.11833232806910858,0.5125,0.44202042960338467,0.6739517926188374,0.5301388888888888,0.07626876076292814,0.5005555555555555,0.45539550334121925,0.6048822744365584,0.44769745756553125,0.005262151280715088,0.447137625369178,0.44254054931043046,0.45285436582063204,0.4676582928914644,0.003023700362310704,0.4675300127092909,0.4646950665363999,0.47062151924652884,132.24079999812795,1.9540271925409494,132.44136785806717,130.32585334943784,134.15574664681807,19.044198412472134,1.5926674552293816,18.64768074207046,17.48338430634734,20.60501251859693,0.1814896387271824,0.04458319163921245,0.16677857701519735,0.13779811092075422,0.2251811665336106,0.1814896387271824,0.04458319163921245,0.16677857701519735,0.13779811092075422,0.2251811665336106,0.5784722222222223,0.06902186240396542,0.5763888888888888,0.5108307970663362,0.6461136473781084,0.02,0.0,0.02,0.02,0.02,300.0,0.0,300.0,300.0,300.0,0.45,0.0,0.45,0.45,0.45,0.1,0.0,0.1,0.1,0.1,30.0,0.0,30.0,30.0,30.0,720.0,0.0,720.0,720.0,720.0,16.0,0.0,16.0,16.0,16.0,120.0,0.0,120.0,120.0,120.0,0.5333369890354577,0.11933300204285309,0.5057332891495527,0.4163906470334616,0.6502833310374537,0.0,0.0,0.0,0.0,0.0,0.0,0.0,0.0,0.0,0.0,0.0,0.0,0.0,0.0,0.0,0.5333369890354577,0.11933300204285309,0.5057332891495527,0.4163906470334616,0.6502833310374537,0.5579861111111111,0.11833232806910858,0.5125,0.44202042960338467,0.6739517926188374
nearest,0.02,300,low,0.6937008024877207,0.0007543004548798363,0.6935041930711041,0.6929615880419384,0.694440016933503,0.250267261225581,0.00036240200677478766,0.25017905876513474,0.24991210725894172,0.2506224151922203,330.5129259853951,11.428329491901097,331.67501429602544,319.31316308333203,341.71268888745817,414.34571839253823,13.92441379162871,417.08598244793416,400.6997928767421,427.99164390833437,0.13496223380605063,0.0048889417951526615,0.13593731243629825,0.13017107084680102,0.13975339676530024,0.220906220174655,0.0024424986646373412,0.22199684772989176,0.2185125714833104,0.2232998688659996,46.791997323810314,2.7659962984090067,47.041534847279486,44.081320951369484,49.502673696251144,0.0168964699788003,0.004856917105908656,0.016560304449648698,0.012136691215009817,0.02165624874259078,58.290010520177034,24.747904041236893,63.00359605162131,34.03706455976488,82.5429564805892,6.044201990489796,0.09490976490926123,6.014193816144429,5.95119042087872,6.137213560100872,1.8694444444444445,0.09963926705418209,1.8666666666666667,1.771797962731346,1.9670909261575429,1.023263888888889,0.16373334976449636,1.0229166666666667,0.8628052061196826,1.1837225716580955,1.814563817330211,0.45035095663669944,1.7074063231850118,1.3732198798262456,2.2559077548341766,0.7107833737912057,0.1506082355878628,0.6750267522739433,0.5631873029151002,0.8583794446673112,0.6694444444444444,0.15103381737799504,0.6861111111111111,0.5214313034140092,0.8174575854748796,0.5151736111111112,0.036088735054577686,0.515,0.479806650757625,0.5505405714645972,0.44965250712172733,0.005588555376702156,0.4512967266634293,0.44417572285255924,0.4551292913908954,0.46740376211640633,0.004014975302131547,0.46731109845746216,0.4634690863203174,0.47133843791249525,132.822429342839,1.979305180082341,132.8295146095892,130.88271026635832,134.7621484193197,17.40392491493264,1.4812018188461977,17.080382477286292,15.952347132463368,18.855502697401917,0.1686704809514849,0.01582670705841131,0.16637749125864634,0.15316030803424183,0.18418065386872798,0.1686704809514849,0.01582670705841131,0.16637749125864634,0.15316030803424183,0.18418065386872798,0.515625,0.05488454726793859,0.4916666666666667,0.4618381436774202,0.5694118563225798,0.02,0.0,0.02,0.02,0.02,300.0,0.0,300.0,300.0,300.0,0.08,0.0,0.08,0.08,0.08,0.1,0.0,0.1,0.1,0.1,30.0,0.0,30.0,30.0,30.0,720.0,0.0,720.0,720.0,720.0,16.0,0.0,16.0,16.0,16.0,120.0,0.0,120.0,120.0,120.0,0.510546017334145,0.036378481636258196,0.5139292985961189,0.4748951053306119,0.5461969293376779,0.0,0.0,0.0,0.0,0.0,0.0,0.0,0.0,0.0,0.0,0.0,0.0,0.0,0.0,0.0,0.510546017334145,0.036378481636258196,0.5139292985961189,0.4748951053306119,0.5461969293376779,0.6694444444444444,0.15103381737799504,0.6861111111111111,0.5214313034140092,0.8174575854748796
nearest,0.02,700,high,0.6932532846907367,0.0009264890290619437,0.6931528638125861,0.6923453254422559,0.6941612439392174,0.2500636047404603,0.00043988098165499863,0.25000068146496546,0.2496325213784384,0.2504946881024822,343.3268278047908,11.516989846449533,343.49268339751626,332.0401777552703,354.6134778543113,435.9031241305554,16.769049829259,437.01469898382027,419.46945529788155,452.33679296322924,0.13877621518497285,0.007688151224194474,0.13768292502294216,0.13124182698526227,0.14631060338468344,0.2251331930598961,0.009521776656380324,0.2253558718346882,0.2158018519366434,0.2344645341831488,47.70413865705862,3.347479741040484,47.43793265302313,44.423608510838946,50.984668803278296,0.0173827025918985,0.007344942145924049,0.017676619828259098,0.01018465928889293,0.02458074589490407,256.6703792522601,141.19331938049527,256.9038194751,118.30092625937473,395.0398322451455,5.977361114464376,0.012779072437021189,5.973625429553264,5.964837623476095,5.989884605452657,2.103472222222222,0.4323491613558454,2.0625,1.6797700440934935,2.52717440035095,1.288888888888889,0.38766838900713957,1.2743055555555556,0.9089738676618921,1.6688039101158858,2.0620903737839225,0.6617781349899597,2.2757936507936507,1.413547801493762,2.710632946074083,0.867793688571903,0.1718447280230122,0.8505885500267523,0.699385855109351,1.036201522034455,0.20937499999999998,0.0725807961172966,0.2097222222222222,0.1382458198050493,0.28050418019495066,0.5301388888888888,0.07626876076292814,0.5005555555555555,0.45539550334121925,0.6048822744365584,0.4503982699332574,0.004686278009167361,0.45238113960937204,0.4458057174842734,0.45499082238224137,0.47038095112911477,0.0022241201758152218,0.4699236183228882,0.46820131335681586,0.47256058890141367,145.30066866766379,4.1731990448161005,146.61252512611537,141.210933603744,149.39040373158358,19.627435319191783,2.041010371288203,19.48218464171832,17.627245155329344,21.62762548305422,0.1970576383298856,0.0417842040139684,0.19370624174548423,0.15610911839619657,0.23800615826357463,0.1970576383298856,0.0417842040139684,0.19370624174548423,0.15610911839619657,0.23800615826357463,0.615625,0.08604668288668929,0.6076388888888888,0.5312992507710445,0.6999507492289555,0.02,0.0,0.02,0.02,0.02,700.0,0.0,700.0,700.0,700.0,0.45,0.0,0.45,0.45,0.45,0.1,0.0,0.1,0.1,0.1,30.0,0.0,30.0,30.0,30.0,720.0,0.0,720.0,720.0,720.0,16.0,0.0,16.0,16.0,16.0,120.0,0.0,120.0,120.0,120.0,0.5584943607742869,0.12089899660353015,0.56375011594838,0.4400133441028274,0.6769753774457465,0.0,0.0,0.0,0.0,0.0,0.0,0.0,0.0,0.0,0.0,0.0,0.0,0.0,0.0,0.0,0.5584943607742869,0.12089899660353015,0.56375011594838,0.4400133441028274,0.6769753774457465,0.20937499999999998,0.0725807961172966,0.2097222222222222,0.1382458198050493,0.28050418019495066
nearest,0.02,700,low,0.6940727378426408,0.0014906873274303494,0.694324109615772,0.692611864261759,0.6955336114235225,0.2504170589708503,0.0006866288549597952,0.250565309986295,0.2497441626929897,0.2510899552487109,344.46689227924696,13.874839002804435,345.69572726857325,330.8695500564986,358.0642345019953,436.5876678810685,18.897950027888555,439.4057726722885,418.06767685373774,455.1076589083993,0.13500151467481097,0.004870741721163255,0.13605956396440344,0.130228187788071,0.13977484156155096,0.22202568744608828,0.0023719537916838075,0.2218534512161155,0.21970117273023815,0.2243502021619384,47.18238512571249,2.9163799027812902,47.53787362941925,44.324332820986825,50.04043743043816,0.017166696548764876,0.0043564330550574385,0.0171301717408274,0.012897392154808587,0.021436000942721165,234.67373107333196,84.35824279202586,243.93026225957925,152.00265313714664,317.3448090095173,6.044201990489796,0.09490976490926123,6.014193816144429,5.95119042087872,6.137213560100872,2.022222222222222,0.1967979264837736,2.0180555555555553,1.829360254268124,2.21508419017632,1.163888888888889,0.21133942332620254,1.0958333333333332,0.9567762540292105,1.3710015237485675,1.803848963421739,0.42128393435774386,1.7365934981939426,1.39099070775115,2.216707219092328,0.7353022282140287,0.13387045175711143,0.7451177100053504,0.6041091854920595,0.8664952709359979,0.25625,0.11890760063894963,0.21666666666666667,0.13972055137382933,0.37277944862617063,0.5151736111111112,0.03608873505457772,0.515,0.47980665075762496,0.5505405714645973,0.4468591636956438,0.007714577117110995,0.447845958823733,0.43929887812087504,0.4544194492704126,0.4675632172630142,0.004865193265630462,0.46911427573448866,0.46279532786269634,0.47233110666333206,145.63162979510707,4.288440039140441,147.11089087643163,141.42895855674945,149.8343010334647,17.65981471443592,1.8623474944760618,17.046920103109922,15.83471416984938,19.48491525902246,0.1814524169440425,0.022499521943349036,0.17532838300411596,0.15940288543956044,0.20350194844852454,0.1814524169440425,0.022499521943349036,0.17532838300411596,0.15940288543956044,0.20350194844852454,0.5232638888888889,0.054461153426183385,0.5013888888888889,0.4698919585312291,0.5766358192465486,0.02,0.0,0.02,0.02,0.02,700.0,0.0,700.0,700.0,700.0,0.08,0.0,0.08,0.08,0.08,0.1,0.0,0.1,0.1,0.1,30.0,0.0,30.0,30.0,30.0,720.0,0.0,720.0,720.0,720.0,16.0,0.0,16.0,16.0,16.0,120.0,0.0,120.0,120.0,120.0,0.5079027049758367,0.06245908071481356,0.5158903722502035,0.4466928058753194,0.569112604076354,0.0,0.0,0.0,0.0,0.0,0.0,0.0,0.0,0.0,0.0,0.0,0.0,0.0,0.0,0.0,0.5079027049758367,0.06245908071481356,0.5158903722502035,0.4466928058753194,0.569112604076354,0.25625,0.11890760063894963,0.21666666666666667,0.13972055137382933,0.37277944862617063
nearest,0.05,300,high,0.6931285218563942,0.001002085485442608,0.6932351484059798,0.6921464780806604,0.6941105656321279,0.24999054401871695,0.0004867269214796264,0.25004212161826656,0.2495135516356669,0.250467536401767,338.84929695147315,2.463620715880504,338.74301290920715,336.43494864991027,341.26364525303603,424.67767430320373,2.0555106286644698,424.0115193812321,422.66327388711255,426.6920747192949,0.132714344295233,0.003916006265449212,0.13284759921951406,0.12887665815509275,0.13655203043537323,0.21224889748978776,0.012640266676752547,0.21186797081458195,0.19986143614657026,0.22463635883300526,42.87575674972117,3.7596533207748126,42.96015770858659,39.191296495361854,46.560217004080485,0.025406261913839073,0.007932897433120626,0.02536615198881685,0.01763202242938086,0.033180501398297285,126.13848476826627,59.76046506547844,134.45330431342546,67.57322900409739,184.70374053243515,5.9931511310204595,0.05968267607582666,5.998255813953488,5.934662108466149,6.05164015357477,1.6416666666666666,0.21760244264545248,1.6472222222222226,1.4284162728741232,1.85491706045921,0.8552083333333335,0.1696354986955723,0.83125,0.6889655446116726,1.0214511220549942,1.6939416803853424,0.2645880733912564,1.6598484848484847,1.4346453684619112,1.9532379923087737,0.6532865000852806,0.1760109862597237,0.7307692307692308,0.48079573355075134,0.8257772666198098,0.9374999999999999,0.10370577048205029,0.9138888888888889,0.8358683449275905,1.0391316550724092,0.45083333333333336,0.05164376234648683,0.45416666666666666,0.4002224462337763,0.5014442204328905,0.44325427777611215,0.010476139947209778,0.4466732070322394,0.43298766062784655,0.45352089492437775,0.4645400960366684,0.007122202564499844,0.46673855743179316,0.45756033752345854,0.47151985454987827,131.9632205018499,5.086469182732662,131.76697541644657,126.97848070277188,136.9479603009279,18.064376142197073,1.2543955737111543,17.995590077550723,16.835068479960142,19.293683804434004,0.15278644690027365,0.020419905557216046,0.15256716403211318,0.13277493945420193,0.17279795434634537,0.15278644690027365,0.020419905557216046,0.15256716403211318,0.13277493945420193,0.17279795434634537,0.5524305555555555,0.057010745052492776,0.5569444444444445,0.4965600254041126,0.6083010857069985,0.05,0.0,0.05,0.05,0.05,300.0,0.0,300.0,300.0,300.0,0.45,0.0,0.45,0.45,0.45,0.1,0.0,0.1,0.1,0.1,30.0,0.0,30.0,30.0,30.0,720.0,0.0,720.0,720.0,720.0,16.0,0.0,16.0,16.0,16.0,120.0,0.0,120.0,120.0,120.0,0.4906347805716945,0.056984675162539404,0.4981673306845885,0.4347897989124059,0.5464797622309832,0.0,0.0,0.0,0.0,0.0,0.0,0.0,0.0,0.0,0.0,0.0,0.0,0.0,0.0,0.0,0.4906347805716945,0.056984675162539404,0.4981673306845885,0.4347897989124059,0.5464797622309832,0.9374999999999999,0.10370577048205029,0.9138888888888889,0.8358683449275905,1.0391316550724092
nearest,0.05,300,low,0.6938343472557944,0.000671779401232161,0.6937814602359405,0.6931760034425869,0.6944926910690019,0.25034361615029854,0.0003279187800749192,0.2503162239462181,0.2500222557458251,0.250664976554772,333.5164835638848,5.084423231221178,333.70098812822,328.533748797288,338.49921833048154,417.8444523233767,3.624356431872734,418.4793418865894,414.2925830201414,421.39632162661195,0.1381814198206281,0.005250690752073962,0.13637193905686915,0.1330357428835956,0.1433270967576606,0.22402372418949823,0.010657509215263483,0.22146005925773335,0.21357936515854,0.23446808322045645,48.02247572373315,2.683472608164899,47.022450708490204,45.39267256773155,50.65227887973475,0.0150494162300715,0.005508933381322604,0.01671789617486335,0.009650661516375347,0.020448170943767652,74.22258522115439,47.21508474542669,72.9150880294665,27.951802170636235,120.49336827167255,5.984080187635304,0.028534743917346676,5.985003661765534,5.956116138596305,6.012044236674304,2.042361111111111,0.40596361383911844,1.8833333333333333,1.644516769548775,2.440205452673447,1.167013888888889,0.32567272690761245,1.038888888888889,0.8478546165194288,1.4861731612583493,2.235530716423165,0.527966680627057,2.1106025934401225,1.7181233694086493,2.7529380634376808,0.8114964303988694,0.17346029244226333,0.7883275261324041,0.6415053438054514,0.9814875169922874,0.8368055555555555,0.09511269577253786,0.8131944444444444,0.7435951136984684,0.9300159974126425,0.5240277777777778,0.0759606684287872,0.49625,0.4495863227175663,0.5984692328379893,0.4472755789197281,0.008284662605899317,0.4485231344500554,0.43915660956594677,0.4553945482735094,0.4689673420371093,0.005873904684656069,0.46913312189615464,0.4632109154461464,0.47472376862807225,132.57009390723888,4.847615256756818,132.28691005191132,127.81943095561721,137.32075685886056,17.76248960929361,1.3782557398963464,17.707870255130587,16.41179898419519,19.11318023439203,0.18384822012683077,0.033434647353105564,0.17034554715025163,0.1510822657207873,0.21661417453287424,0.18384822012683077,0.033434647353105564,0.17034554715025163,0.1510822657207873,0.21661417453287424,0.5538194444444444,0.06125167966118867,0.55625,0.49379279837647955,0.6138460905124093,0.05,0.0,0.05,0.05,0.05,300.0,0.0,300.0,300.0,300.0,0.08,0.0,0.08,0.08,0.08,0.1,0.0,0.1,0.1,0.1,30.0,0.0,30.0,30.0,30.0,720.0,0.0,720.0,720.0,720.0,16.0,0.0,16.0,16.0,16.0,120.0,0.0,120.0,120.0,120.0,0.5804006166592758,0.09244616587641152,0.5614736312948084,0.4898033741003925,0.6709978592181591,0.0,0.0,0.0,0.0,0.0,0.0,0.0,0.0,0.0,0.0,0.0,0.0,0.0,0.0,0.0,0.5804006166592758,0.09244616587641152,0.5614736312948084,0.4898033741003925,0.6709978592181591,0.8368055555555555,0.09511269577253786,0.8131944444444444,0.7435951136984684,0.9300159974126425
nearest,0.05,700,high,0.6931012569900029,0.0009189429512579877,0.6928053943791824,0.6922006928977701,0.6940018210822357,0.24996506215576353,0.0004265351994442977,0.24984276128575045,0.24954705766030813,0.25038306665121896,368.2398019296978,5.523046149890857,369.92660824114637,362.8272167028048,373.65238715659086,480.1880732222756,8.40133045028044,482.26829818382873,471.95476938100074,488.42137706355044,0.13249592587198278,0.004019281270561281,0.13255965857968127,0.12855703022683274,0.13643482151713282,0.21438692020238587,0.01046036990007099,0.2135726052722276,0.2041357577003163,0.22463808270445543,43.298314471535214,4.061788577618846,43.22409651384106,39.317761665468744,47.278867277601684,0.024837574660058426,0.00709348783312838,0.02505798068369545,0.017885956583592613,0.03178919273652424,353.1524836104538,100.66399481556019,359.08860571500816,254.50176869120486,451.8031985297028,5.9931511310204595,0.05968267607582666,5.998255813953488,5.934662108466149,6.05164015357477,1.698611111111111,0.1956641638639434,1.6847222222222222,1.5068602305244465,1.8903619916977756,0.9375000000000001,0.18936826425294417,0.9409722222222223,0.7519191010321148,1.1230808989678853,1.7416423853923853,0.302188666111601,1.7295454545454545,1.4454974926030162,2.0377872781817543,0.6601409261470237,0.09644406495899092,0.6538461538461539,0.5656257424872126,0.7546561098068347,0.3260416666666666,0.10584982738195713,0.33888888888888885,0.22230883583234862,0.4297744975009846,0.4508333333333333,0.051643762346486856,0.4541666666666666,0.4002224462337762,0.5014442204328904,0.4409444711360145,0.012618566464955306,0.4387946348783045,0.4285782760003583,0.45331066627167066,0.4657180863283119,0.006536989191850451,0.4648878348188804,0.4593118369202985,0.47212433573632534,159.5185879499422,7.827546453122188,159.2566279048354,151.84759242588245,167.18958347400195,18.10886245370405,1.7403032401523248,17.58812667585724,16.40336527835477,19.814359629053328,0.15915428586958885,0.021515598846509942,0.1581356035668186,0.1380689990000091,0.1802395727391686,0.15915428586958885,0.021515598846509942,0.1581356035668186,0.1380689990000091,0.1802395727391686,0.5479166666666666,0.07375945918273834,0.51875,0.47563239666758306,0.6202009366657502,0.05,0.0,0.05,0.05,0.05,700.0,0.0,700.0,700.0,700.0,0.45,0.0,0.45,0.45,0.45,0.1,0.0,0.1,0.1,0.1,30.0,0.0,30.0,30.0,30.0,720.0,0.0,720.0,720.0,720.0,16.0,0.0,16.0,16.0,16.0,120.0,0.0,120.0,120.0,120.0,0.4603557804522821,0.049424650732594,0.4628029962282614,0.41191962273433996,0.5087919381702242,0.0,0.0,0.0,0.0,0.0,0.0,0.0,0.0,0.0,0.0,0.0,0.0,0.0,0.0,0.0,0.4603557804522821,0.049424650732594,0.4628029962282614,0.41191962273433996,0.5087919381702242,0.3260416666666666,0.10584982738195713,0.33888888888888885,0.22230883583234862,0.4297744975009846
nearest,0.05,700,low,0.693252547074882,0.0012988982110300718,0.693614950961055,0.6919796268280726,0.6945254673216915,0.25006397785037804,0.0006322456565763401,0.2502464178968027,0.24944437710693323,0.25068357859382284,364.23384866396964,8.46336060203794,365.726931963169,355.9397552739725,372.5279420539668,474.39349388671656,11.880379583010424,477.2018781065018,462.7507218953663,486.0362658780668,0.13800458739204605,0.005259497564117386,0.1362114270218702,0.13285027977921102,0.14315889500488108,0.22318717691524562,0.013275623102868879,0.2176231335300745,0.2101770662744341,0.23619728755605712,48.4277587260302,2.4480206781230622,47.661622070612665,46.028698461469595,50.8268189905908,0.015101536030163249,0.006073958099589377,0.0167091139734582,0.00914905709256566,0.02105401496776084,190.84045598847126,83.99325620051715,211.92735870800772,108.52706491196446,273.1538470649781,5.984080187635304,0.028534743917346676,5.985003661765534,5.956116138596305,6.012044236674304,2.061111111111111,0.406847258019548,1.9416666666666664,1.6624007982519537,2.459821423970268,1.2017361111111111,0.3831829666840505,1.1104166666666666,0.8262168037607416,1.5772554184614807,2.1410168397582585,0.5302162867517541,2.084057971014493,1.6214048787415396,2.6606288007749774,0.785645756682342,0.12816992412377173,0.8029348700080408,0.6600392310410458,0.9112522823236383,0.3378472222222222,0.07479717946256767,0.3486111111111111,0.26454598634890586,0.4111484580955385,0.5240277777777778,0.07596066842878715,0.4962500000000001,0.4495863227175664,0.5984692328379891,0.45268744356187146,0.006387264963053403,0.45054867375070146,0.4464279238980791,0.4589469632256638,0.47227393371650367,0.006397122459199515,0.47010409897000915,0.46600475370648814,0.4785431137265192,159.67060749903092,7.877412015243235,159.65340965806092,151.95074372409255,167.3904712739693,18.02048429064769,1.2157917222523589,18.08246602193912,16.82900840284038,19.211960178455,0.18792652136009197,0.03746705267834371,0.17653604920864524,0.15120880973531514,0.2246442329848688,0.18792652136009197,0.03746705267834371,0.17653604920864524,0.15120880973531514,0.2246442329848688,0.5947916666666667,0.052916180614079586,0.6020833333333333,0.5429338096648687,0.6466495236684647,0.05,0.0,0.05,0.05,0.05,700.0,0.0,700.0,700.0,700.0,0.08,0.0,0.08,0.08,0.08,0.1,0.0,0.1,0.1,0.1,30.0,0.0,30.0,30.0,30.0,720.0,0.0,720.0,720.0,720.0,16.0,0.0,16.0,16.0,16.0,120.0,0.0,120.0,120.0,120.0,0.5448337081829293,0.10031553025061968,0.5397535909548854,0.446524488537322,0.6431429278285365,0.0,0.0,0.0,0.0,0.0,0.0,0.0,0.0,0.0,0.0,0.0,0.0,0.0,0.0,0.0,0.5448337081829293,0.10031553025061968,0.5397535909548854,0.446524488537322,0.6431429278285365,0.3378472222222222,0.07479717946256767,0.3486111111111111,0.26454598634890586,0.4111484580955385
nearest,0.1,300,high,0.6927725161995737,0.0008260294969326664,0.6929027340579008,0.6919630072925796,0.6935820251065677,0.24981179680300952,0.000401707038509865,0.24987942372135005,0.24941812390526985,0.2502054697007492,339.8590749080885,8.51336064914615,336.6205724574168,331.5159814719253,348.2021683442517,431.71528624047323,13.275572722945777,428.35668747607497,418.70522497198635,444.7253475089601,0.13988447642070334,0.00769428946648084,0.14052399289770567,0.13234407274355212,0.14742488009785457,0.22126835908097056,0.009481210409076053,0.21942950724582222,0.21197677288007602,0.2305599452818651,48.133441098975666,3.6926556290948644,48.87893221960948,44.5146385824627,51.75224361548863,0.016528666432611073,0.00828408286953922,0.015052160953800249,0.008410265220462638,0.024647067644759508,76.2424815233045,43.35332302259602,72.33373669825826,33.756224961160406,118.72873808544861,6.1215481879800535,0.049393662926047736,6.109801136363636,6.073142398312527,6.16995397764758,1.9965277777777777,0.3283295340383053,1.9458333333333333,1.6747648344202384,2.318290721135317,1.184722222222222,0.2361138344069528,1.145138888888889,0.9533306645034083,1.4161137799410357,1.8778620322239643,0.5514173613473572,1.9151646238884883,1.3374730181035543,2.4182510463443743,0.785432957211923,0.07644899198907716,0.7740471869328494,0.7105129450626273,0.8603529693612186,1.1996527777777777,0.07762364854061685,1.1701388888888888,1.1235816022079732,1.2757239533475822,0.5482986111111111,0.0791299764718803,0.5595833333333333,0.47075123416866843,0.6258459880535538,0.4468891645609169,0.00869375782841895,0.44566998947031,0.4383692818890663,0.4554090472327674,0.46730364804102503,0.004777642405099648,0.4661354405962126,0.46262155848402736,0.4719857375980227,145.89082874207529,2.042923944466027,145.4275150325352,143.88876327649857,147.892894207652,19.210579705691373,2.020220903313722,19.37086797922516,17.230763220443926,21.19039619093882,0.18886908166325328,0.03038290162090993,0.18496093026399796,0.15909383807476155,0.21864432525174501,0.18886908166325328,0.03038290162090993,0.18496093026399796,0.15909383807476155,0.21864432525174501,0.6263888888888889,0.10466240063650312,0.6416666666666666,0.5238197362651158,0.728958041512662,0.1,0.0,0.1,0.1,0.1,300.0,0.0,300.0,300.0,300.0,0.45,0.0,0.45,0.45,0.45,0.1,0.0,0.1,0.1,0.1,30.0,0.0,30.0,30.0,30.0,720.0,0.0,720.0,720.0,720.0,16.0,0.0,16.0,16.0,16.0,120.0,0.0,120.0,120.0,120.0,0.5849614934968097,0.07155370099063486,0.5744573754556374,0.5148388665259875,0.6550841204676319,0.0,0.0,0.0,0.0,0.0,0.0,0.0,0.0,0.0,0.0,0.0,0.0,0.0,0.0,0.0,0.5849614934968097,0.07155370099063486,0.5744573754556374,0.5148388665259875,0.6550841204676319,1.1996527777777777,0.07762364854061685,1.1701388888888888,1.1235816022079732,1.2757239533475822
nearest,0.1,300,low,0.6941632975268566,0.0009591914045235247,0.6939170984037696,0.6932232899504235,0.6951033051032897,0.2504975819774911,0.00046313593463957986,0.25038052589087056,0.2500437087615443,0.2509514551934379,340.9723123943051,6.403683553768284,340.06198579031707,334.6967025116122,347.247922276998,431.5627685236941,10.460385041407465,428.0270219387507,421.3115911831148,441.8139458642734,0.1360757953637677,0.004077872878237919,0.13498837938615543,0.13207947994309455,0.14007211078444087,0.22809080496744533,0.007505177251316468,0.23006778563735192,0.2207357312611552,0.23544587867373545,47.461937900763964,1.8128167321254707,47.11709342661537,45.685377503281,49.238498298246924,0.015733848037035876,0.0031399774810178856,0.01631586651053855,0.012656670105638347,0.018811025968433405,69.44297181326347,26.75842612525048,63.16118653170902,43.219714210518,95.66622941600895,6.088029921244281,0.05938747422284362,6.079953285111513,6.029830196505895,6.146229645982668,2.05,0.14285089639488813,2.0680555555555555,1.9100061215330095,2.18999387846699,1.1809027777777779,0.08918047516248026,1.2243055555555558,1.0935059121185473,1.2682996434370084,1.6189835330785123,0.20596799005727245,1.6462264150943398,1.4171349028223852,1.8208321633346394,0.7886635597977848,0.11856334112512122,0.8200241984271022,0.672471485495166,0.9048556341004036,1.3020833333333335,0.08530461635818108,1.30625,1.218484809302316,1.385681857364351,0.5312152777777779,0.026053022215546996,0.5338194444444444,0.5056833160065418,0.556747239549014,0.4559865176732547,0.006939149283040187,0.45644834547722446,0.4491861513758753,0.4627868839706341,0.47383458273950496,0.0050902300359279,0.4741290121580619,0.46884615730429563,0.4788230081747143,146.23248093798324,2.1901205319936996,145.78674967165324,144.0861628166294,148.37879905933707,17.149279255120977,0.960044639047442,17.38585487192062,16.208435508854485,18.090123001387468,0.1836556734904013,0.009298603880433744,0.18537734946715684,0.17454304168757623,0.19276830529322636,0.1836556734904013,0.009298603880433744,0.18537734946715684,0.17454304168757623,0.19276830529322636,0.5326388888888889,0.029188704196570603,0.5326388888888889,0.5040339587762497,0.5612438190015281,0.1,0.0,0.1,0.1,0.1,300.0,0.0,300.0,300.0,300.0,0.08,0.0,0.08,0.08,0.08,0.1,0.0,0.1,0.1,0.1,30.0,0.0,30.0,30.0,30.0,720.0,0.0,720.0,720.0,720.0,16.0,0.0,16.0,16.0,16.0,120.0,0.0,120.0,120.0,120.0,0.5889476530094524,0.04344597178365304,0.6066436251199177,0.5463706006614725,0.6315247053574323,0.0,0.0,0.0,0.0,0.0,0.0,0.0,0.0,0.0,0.0,0.0,0.0,0.0,0.0,0.0,0.5889476530094524,0.04344597178365304,0.6066436251199177,0.5463706006614725,0.6315247053574323,1.3020833333333335,0.08530461635818108,1.30625,1.218484809302316,1.385681857364351
nearest,0.1,700,high,0.6927660688237984,0.00141525228085075,0.6927391224887463,0.6913791215885647,0.6941530160590321,0.24981456357195336,0.0006949060141922985,0.24980998701342466,0.2491335556780449,0.2504955714658618,405.21937167921294,7.350122576949929,407.78477990887365,398.016251553802,412.42249180462386,549.5077486736063,4.955608140971397,549.4394674692305,544.6512526954543,554.3642446517583,0.13961438427771852,0.007821614225347771,0.14023931189816857,0.1319492023368777,0.14727956621855934,0.22847871846825824,0.002366479038376843,0.2276324494028552,0.22615956901064893,0.23079786792586754,48.32861892215578,3.673415080090136,48.93750988835364,44.72867214366745,51.928565700644114,0.01637366433088765,0.006587861969286212,0.0158621305265772,0.009917559600987162,0.022829769060788138,177.23721615222195,98.96224115054328,166.11882140268304,80.25421982468954,274.22021247975437,6.1215481879800535,0.049393662926047736,6.109801136363636,6.073142398312527,6.16995397764758,2.0465277777777775,0.3718584112045055,1.9902777777777778,1.682106534797362,2.410949020758193,1.2208333333333332,0.3301487537284934,1.1770833333333335,0.8972875546794097,1.5443791119872567,1.9019212813918909,0.43919703449180353,1.9306149732620321,1.4715081875899234,2.3323343751938586,0.7177171685371062,0.14856357848590268,0.6557017543859649,0.5721248616209216,0.8633094754532908,0.4989583333333333,0.09435163604453203,0.4652777777777778,0.4064937300096919,0.5914229366569747,0.5482986111111111,0.07912997647188035,0.5595833333333333,0.4707512341686684,0.6258459880535538,0.4550010286361972,0.0021052107993956445,0.45481731567711603,0.45293792205278943,0.45706413521960493,0.4738181901744801,0.0026420567650659015,0.47372919029511446,0.4712289745447155,0.47640740580424473,196.49979066230586,4.016732604980097,195.93906267596788,192.56339270942536,200.43618861518635,19.432850261602695,1.9846895994461806,19.19076771833509,17.487854454145438,21.377846069059952,0.19279342338254113,0.03629131583877941,0.1894909815050001,0.1572279338605373,0.22835891290454496,0.19279342338254113,0.03629131583877941,0.1894909815050001,0.1572279338605373,0.22835891290454496,0.6416666666666666,0.09062965611708584,0.6263888888888889,0.5528496036719225,0.7304837296614107,0.1,0.0,0.1,0.1,0.1,700.0,0.0,700.0,700.0,700.0,0.45,0.0,0.45,0.45,0.45,0.1,0.0,0.1,0.1,0.1,30.0,0.0,30.0,30.0,30.0,720.0,0.0,720.0,720.0,720.0,16.0,0.0,16.0,16.0,16.0,120.0,0.0,120.0,120.0,120.0,0.5379889936119421,0.08613250520702087,0.5272355406048181,0.4535791385090616,0.6223988487148225,0.0,0.0,0.0,0.0,0.0,0.0,0.0,0.0,0.0,0.0,0.0,0.0,0.0,0.0,0.0,0.5379889936119421,0.08613250520702087,0.5272355406048181,0.4535791385090616,0.6223988487148225,0.4989583333333333,0.09435163604453203,0.4652777777777778,0.4064937300096919,0.5914229366569747
nearest,0.1,700,low,0.6940028922431245,0.0009639934592865766,0.694038501285252,0.6930581786530237,0.6949476058332253,0.2504107547142064,0.00045962940704224683,0.2504388975237096,0.24996031789530498,0.25086119153310776,406.82616925785845,8.90662683429638,409.20395370784877,398.097674960248,415.5546635554689,549.3398988501652,7.7613012936464845,550.0631372546407,541.7338235823917,556.9459741179388,0.13569999993173104,0.0036520858430326452,0.1348604193837823,0.13212095580555905,0.13927904405790303,0.23007270660676174,0.006025237177877826,0.23237480749608225,0.22416797417244147,0.235977439041082,47.75556671279697,1.7894281624197064,47.29933138089008,46.001927113625655,49.509206311968285,0.0162961899327068,0.003587652619222923,0.01674668227946915,0.012780290365868335,0.019812089499545264,155.590650093603,48.96808246947637,143.34505949485208,107.60192927351615,203.57937091368984,6.088029921244281,0.05938747422284362,6.079953285111513,6.029830196505895,6.146229645982668,2.0041666666666664,0.19624169401311187,2.026388888888889,1.8118498065338169,2.196483526799516,1.1555555555555554,0.18457073989311348,1.2041666666666666,0.9746762304603043,1.3364348806508066,1.5988768576999608,0.21999186293954434,1.6310763888888888,1.3832848320192073,1.8144688833807143,0.8038941075522767,0.12910031232127125,0.8102692075015123,0.6773758014774309,0.9304124136271226,0.5677083333333334,0.06849700926155665,0.5819444444444445,0.5005812642570079,0.6348354024096589,0.5312152777777778,0.02605302221554704,0.5338194444444444,0.5056833160065417,0.5567472395490138,0.46479541851291656,0.00891836198488536,0.46621231219150483,0.4560554237677289,0.4735354132581042,0.47903136513265365,0.006626548999615946,0.4800134030787627,0.47253734711303,0.4855253831522773,196.68438335180485,3.9883862448757825,196.36768682139444,192.7757648318266,200.59300187178312,17.489486192757482,1.093159771415064,17.64741380613038,16.418189616770718,18.560782768744247,0.18149039906111497,0.01523080895884487,0.1834590683704819,0.166564206281447,0.19641659184078294,0.18149039906111497,0.01523080895884487,0.1834590683704819,0.166564206281447,0.19641659184078294,0.528125,0.051984474078973705,0.5305555555555556,0.47718021540260575,0.5790697845973942,0.1,0.0,0.1,0.1,0.1,700.0,0.0,700.0,700.0,700.0,0.08,0.0,0.08,0.08,0.08,0.1,0.0,0.1,0.1,0.1,30.0,0.0,30.0,30.0,30.0,720.0,0.0,720.0,720.0,720.0,16.0,0.0,16.0,16.0,16.0,120.0,0.0,120.0,120.0,120.0,0.5396029365426385,0.06341377337519731,0.5529835354841821,0.4774574386349451,0.6017484344503319,0.0,0.0,0.0,0.0,0.0,0.0,0.0,0.0,0.0,0.0,0.0,0.0,0.0,0.0,0.0,0.5396029365426385,0.06341377337519731,0.5529835354841821,0.4774574386349451,0.6017484344503319,0.5677083333333334,0.06849700926155665,0.5819444444444445,0.5005812642570079,0.6348354024096589
nearest,0.15,300,high,0.6928378307404577,0.0010630086978518274,0.6926601144943745,0.6917960822165629,0.6938795792643525,0.24985811514729994,0.0005134419174753047,0.24975912631630232,0.24935494206817416,0.2503612882264257,358.6777924685615,8.925266109646795,355.5003252103726,349.93103168110764,367.4245532560154,454.7802542725058,10.53683996169336,455.57504804220673,444.45415111004627,465.1063574349653,0.13547910396040577,0.004782700947887339,0.13720021600549248,0.13079205703147617,0.14016615088933537,0.22518528914674468,0.009213012154372098,0.22697980306206095,0.21615653723546002,0.23421404105802934,45.66524378973638,4.129530513484093,47.1091717409947,41.61830388652197,49.71218369295079,0.019878121425848248,0.0089870429363402,0.01631147540983605,0.011070819348234852,0.028685423503461642,66.84650570729028,14.802088626499778,68.62057735256181,52.3404588533205,81.35255256126005,5.977478271426756,0.10154920910406033,6.007838602654177,5.877960046504777,6.076996496348736,1.8930555555555555,0.29653780666534413,1.9847222222222223,1.6024485050235182,2.1836626060875926,1.059375,0.23773508778684854,1.1020833333333333,0.8263946139688884,1.2923553860311114,1.643628785895086,0.29008518200260325,1.733625730994152,1.3593453075325348,1.9279122642576372,0.6950445068818747,0.14987909739289096,0.6717386893893285,0.5481629914368416,0.8419260223269078,1.2826388888888887,0.10670367317160524,1.2680555555555555,1.1780692891807156,1.3872084885970617,0.4784722222222222,0.0572912878775357,0.4859027777777778,0.4223267601022372,0.5346176843422071,0.44845219351272336,0.009034662998703969,0.4495858220500967,0.4395982237739935,0.45730616325145323,0.4681662636823374,0.0041902521460844555,0.46894250016756667,0.4640598165791746,0.47227271078550015,145.83737179549337,5.861153364359141,145.05307170604289,140.0934414984214,151.58130209256532,17.823956194961728,1.4833539811164362,17.65907694610774,16.37026929346762,19.277643096455837,0.17377710172012958,0.026241298033796757,0.1790165524590375,0.14806062964700875,0.19949357379325042,0.17377710172012958,0.026241298033796757,0.1790165524590375,0.14806062964700875,0.19949357379325042,0.5795138888888889,0.05181101649303122,0.5784722222222223,0.5287390927257183,0.6302886850520595,0.15,0.0,0.15,0.15,0.15,300.0,0.0,300.0,300.0,300.0,0.45,0.0,0.45,0.45,0.45,0.1,0.0,0.1,0.1,0.1,30.0,0.0,30.0,30.0,30.0,720.0,0.0,720.0,720.0,720.0,16.0,0.0,16.0,16.0,16.0,120.0,0.0,120.0,120.0,120.0,0.5519843352043992,0.054881748770372746,0.5649235895715159,0.4982002214094339,0.6057684489993644,0.0,0.0,0.0,0.0,0.0,0.0,0.0,0.0,0.0,0.0,0.0,0.0,0.0,0.0,0.0,0.5519843352043992,0.054881748770372746,0.5649235895715159,0.4982002214094339,0.6057684489993644,1.2826388888888887,0.10670367317160524,1.2680555555555555,1.1780692891807156,1.3872084885970617
nearest,0.15,300,low,0.6932320859786765,0.0005053783341899388,0.6930875873476866,0.6927368152111704,0.6937273567461826,0.2500405318737279,0.00024936573138471086,0.24996834302634985,0.24979615345697087,0.2502849102904849,361.7226725199003,4.210783033735789,362.0940835135822,357.59610514683925,365.84923989296135,457.35026470944183,6.430079266349795,456.39136914403423,451.04878702841904,463.6517423904646,0.13097778518634,0.010548712779660302,0.1327747085867999,0.12064004666227292,0.14131552371040712,0.21404364947193483,0.02352669859047877,0.22165622414837943,0.19098748485326564,0.23709981409060402,41.40106367743838,12.200615573659132,46.22645334659505,29.44446041525243,53.35766693962433,0.026333082589748848,0.020773741494115896,0.0191598360655737,0.00597481592551527,0.046691349253982425,121.86930704898364,111.7716823687625,84.56346851562748,12.33305832759639,231.40555577037088,5.998755291554264,0.11696205943557318,5.975546448087432,5.884132473307402,6.113378109801126,1.75,0.44717333526223074,1.8125,1.311770131443014,2.188229868556986,0.9444444444444444,0.3970101091269228,0.9090277777777778,0.55537453750006,1.3335143513888288,1.321637861210185,0.7726157413726787,1.325929938605995,0.5644744346649597,2.07880128775541,0.6151837839677451,0.2360426225332842,0.6214804063860668,0.3838620138851266,0.8465055540503637,1.3184027777777778,0.15833891721797674,1.2951388888888888,1.1632306389041607,1.473574916651395,0.4657986111111111,0.07426061941697916,0.4845833333333333,0.3930232040824715,0.5385740181397507,0.4491353557745223,0.014196400437090181,0.4554958495491397,0.4352228833461739,0.46304782820287066,0.4695467178260304,0.007199257823592293,0.4715455196221058,0.46249144515890994,0.4766019904931509,145.97898782297926,5.836630048610335,145.03612090002616,140.25909037534115,151.69888527061738,16.303521072936945,2.9723492404150824,16.41975734615861,13.390618817330164,19.216423328543726,0.15756279964906,0.044862973723196226,0.15948770655389738,0.1135970854003277,0.2015285138977923,0.15756279964906,0.044862973723196226,0.15948770655389738,0.1135970854003277,0.2015285138977923,0.49722222222222223,0.1029090752935706,0.5270833333333333,0.39637132843452305,0.5980731160099214,0.15,0.0,0.15,0.15,0.15,300.0,0.0,300.0,300.0,300.0,0.08,0.0,0.08,0.08,0.08,0.1,0.0,0.1,0.1,0.1,30.0,0.0,30.0,30.0,30.0,720.0,0.0,720.0,720.0,720.0,16.0,0.0,16.0,16.0,16.0,120.0,0.0,120.0,120.0,120.0,0.515358677740273,0.11304815758538136,0.5079309310159182,0.40457148330659926,0.6261458721739468,0.0,0.0,0.0,0.0,0.0,0.0,0.0,0.0,0.0,0.0,0.0,0.0,0.0,0.0,0.0,0.515358677740273,0.11304815758538136,0.5079309310159182,0.40457148330659926,0.6261458721739468,1.3184027777777778,0.15833891721797674,1.2951388888888888,1.1632306389041607,1.473574916651395
nearest,0.15,700,high,0.6923970813797972,0.0019059660621669418,0.6926340788143155,0.6905292346388736,0.6942649281207207,0.24963613545231855,0.0009299975120934579,0.24974302498662018,0.24872473789046695,0.25054753301417015,453.5528766863076,20.58843690067129,450.6349055417569,433.3762085236498,473.7295448489655,610.2666950119259,30.493666662133208,614.267949246457,580.3829016830354,640.1504883408164,0.13509836173262685,0.00505917040455017,0.1369196616454215,0.13014037473616769,0.140056348729086,0.2277496793778026,0.011809360744791596,0.2284747487252399,0.21617650584790685,0.23932285290769836,45.94108581038714,4.053010047244043,47.18481462170018,41.96913596408798,49.913035656686304,0.0199022724797124,0.009060736759945922,0.01635977751756435,0.011022750454965397,0.028781794504459404,145.66320657376815,41.070994213343376,144.88460947465995,105.41363224469164,185.91278090284464,5.977478271426756,0.10154920910406033,6.007838602654177,5.877960046504777,6.076996496348736,1.979166666666667,0.2857242980315057,2.0541666666666667,1.6991568545957914,2.2591764787375426,1.1545138888888888,0.31574421973210953,1.2027777777777775,0.8450845535514215,1.4639432242263561,1.5838908640379228,0.4458470046208618,1.7395765998707176,1.1469607995094782,2.0208209285663674,0.6864282308314676,0.10895801913134742,0.7273401297497684,0.5796493720827471,0.7932070895801882,0.5739583333333333,0.02288859110737613,0.5743055555555556,0.5515275140481047,0.596389152618562,0.4784722222222223,0.05729128787753565,0.4859027777777778,0.42232676010223735,0.5346176843422072,0.45227137802136075,0.00854744924349893,0.45065478689952104,0.4438948777627318,0.4606478782799897,0.4720402272588902,0.004760065975597712,0.47101812039587654,0.4673753626028045,0.47670509191497595,208.42837922975409,9.650766938322924,206.62517140903412,198.9706276301976,217.88613082931056,17.932415597199398,1.3192617959613873,17.684124344291913,16.63953903715724,19.225292157241558,0.18162251462165305,0.029632915159657335,0.18754357070131375,0.15258225776518886,0.21066277147811724,0.18162251462165305,0.029632915159657335,0.18754357070131375,0.15258225776518886,0.21066277147811724,0.5819444444444445,0.03796860843298641,0.5965277777777778,0.5447352081801178,0.6191536807087712,0.15,0.0,0.15,0.15,0.15,700.0,0.0,700.0,700.0,700.0,0.45,0.0,0.45,0.45,0.45,0.1,0.0,0.1,0.1,0.1,30.0,0.0,30.0,30.0,30.0,720.0,0.0,720.0,720.0,720.0,16.0,0.0,16.0,16.0,16.0,120.0,0.0,120.0,120.0,120.0,0.5156118277303594,0.07625254366967203,0.535875815926979,0.4408843349340808,0.590339320526638,0.0,0.0,0.0,0.0,0.0,0.0,0.0,0.0,0.0,0.0,0.0,0.0,0.0,0.0,0.0,0.5156118277303594,0.07625254366967203,0.535875815926979,0.4408843349340808,0.590339320526638,0.5739583333333333,0.02288859110737613,0.5743055555555556,0.5515275140481047,0.596389152618562
nearest,0.15,700,low,0.6934621894236801,0.0009182292002246744,0.6933045784139928,0.6925623248074599,0.6943620540399003,0.25016445612630545,0.00044426059698268755,0.2500812495127598,0.2497290807412624,0.25059983151134846,453.66728112535685,15.647901199128814,452.37611910469843,438.3323379502106,469.0022243005031,610.1360222213498,26.967866965883108,615.9911596973427,583.7075125947844,636.5645318479152,0.13046168598726704,0.01065554013499613,0.13244303129325274,0.12001925665497083,0.14090411531956326,0.21990879751317247,0.024711611906997572,0.22845252483930045,0.19569141784431485,0.24412617718203009,41.40943312982341,12.30911508344908,46.26935427646785,29.346500348043314,53.47236591160351,0.026494310714532725,0.02195796716366982,0.0181352459016393,0.004975502894136303,0.04801311853492915,226.15981102106917,219.3648091340873,137.60522119623607,11.18229806966363,441.13732397247475,5.998755291554264,0.11696205943557318,5.975546448087432,5.884132473307402,6.113378109801126,1.8375000000000001,0.4696909280593298,1.976388888888889,1.377202890501857,2.2977971094981435,1.042361111111111,0.33999988652866653,1.1159722222222221,0.7091612223130179,1.3755609999092042,1.2424651664930293,0.6862300157299828,1.1862996158770807,0.5699597510776462,1.9149705819084124,0.6285593941851962,0.2428432752559137,0.6817851959361394,0.3905729844344008,0.8665458039359917,0.6774305555555555,0.07766505555209155,0.6798611111111111,0.6013188011145059,0.7535423099966052,0.4657986111111111,0.07426061941697915,0.48458333333333325,0.39302320408247154,0.5385740181397507,0.4570820776135357,0.012125931013974186,0.4600575882971002,0.44519866521984097,0.4689654900072304,0.47476893160944705,0.005068163019905154,0.47593601718686906,0.46980213184994,0.4797357313689541,208.82452353172684,9.696856952106327,206.79625244365462,199.32160371866263,218.32744334479105,16.16322093878094,2.6972743043564256,15.707248586804958,13.519892120511642,18.806549757050234,0.1653973384942622,0.04129080754331712,0.17372977017921626,0.12493234710181142,0.20586232988671296,0.1653973384942622,0.04129080754331712,0.17372977017921626,0.12493234710181142,0.20586232988671296,0.4989583333333333,0.09690009465228298,0.48611111111111105,0.40399624057409594,0.5939204260925706,0.15,0.0,0.15,0.15,0.15,700.0,0.0,700.0,700.0,700.0,0.08,0.0,0.08,0.08,0.08,0.1,0.0,0.1,0.1,0.1,30.0,0.0,30.0,30.0,30.0,720.0,0.0,720.0,720.0,720.0,16.0,0.0,16.0,16.0,16.0,120.0,0.0,120.0,120.0,120.0,0.4896867141034065,0.10646985125130708,0.5023970453239528,0.38534625987712556,0.5940271683296874,0.0,0.0,0.0,0.0,0.0,0.0,0.0,0.0,0.0,0.0,0.0,0.0,0.0,0.0,0.0,0.4896867141034065,0.10646985125130708,0.5023970453239528,0.38534625987712556,0.5940271683296874,0.6774305555555555,0.07766505555209155,0.6798611111111111,0.6013188011145059,0.7535423099966052
role_aware,0.0,300,high,0.695298499720467,0.002756699796457879,0.694635258687665,0.6925969339199383,0.6980000655209957,0.2510686690381323,0.0013517950177425843,0.2507520831648869,0.24974390992074458,0.25239342815552,335.1170955393032,7.463368610736234,335.9243322740243,327.8029943007817,342.4311967778247,420.233569102314,7.273507977613852,419.83482589056996,413.10553128425244,427.36160692037555,0.11578712227931907,0.0005897637593676508,0.1157400452606341,0.11520915379513878,0.11636509076349937,0.12877825366870627,0.0033419811929794444,0.12896281237957916,0.12550311209958642,0.1320533952378261,8.86745744312127,0.9898724374650072,9.075273030360314,7.897382454405562,9.837532431836976,0.01777343749999997,0.0020981999939707775,0.01822916666666665,0.01571720150590861,0.019829673494091333,3187.4879408676334,285.6850378542808,3085.8941152821103,2907.5166037704385,3467.4592779648283,5.810416666666666,0.07263960258306727,5.826822916666666,5.73922985613526,5.881603477198071,0.96875,0.04299577690047845,0.9583333333333333,0.9266141386375312,1.010885861362469,0.38125,0.048305920280607206,0.36111111111111116,0.3339101981250049,0.42858980187499507,0.5968685126966861,0.11005652708149455,0.5937996820349762,0.4890131161568214,0.7047239092365507,0.38138944388944385,0.08930024128041596,0.39688552188552184,0.29387520743463624,0.46890368034425145,0.0,0.0,0.0,0.0,0.0,0.26607638888888885,0.0172864598735209,0.26749999999999996,0.24913565821283837,0.28301711956493936,0.2888351252177939,0.02357291608015835,0.29351352108409545,0.26573366745923876,0.3119365829763491,0.32238484364916437,0.026149362575055013,0.3240696191761955,0.2967584683256105,0.34801121897271825,127.70186391336269,4.331584926326185,128.03877364768488,123.45691068556303,131.94681714116234,12.379883249318533,0.3664701718806055,12.294490678794855,12.02074248087554,12.739024017761526,0.08734812641520656,0.003224947330640505,0.08633613713595464,0.08418767803117887,0.09050857479923426,0.08734812641520656,0.003224947330640505,0.08633613713595464,0.08418767803117887,0.09050857479923426,0.3805555555555555,0.03312046226392576,0.3694444444444444,0.34809750253690824,0.4130136085742027,0.0,0.0,0.0,0.0,0.0,300.0,0.0,300.0,300.0,300.0,0.45,0.0,0.45,0.45,0.45,0.1,0.0,0.1,0.1,0.1,30.0,0.0,30.0,30.0,30.0,720.0,0.0,720.0,720.0,720.0,16.0,0.0,16.0,16.0,16.0,120.0,0.0,120.0,120.0,120.0,0.12068831723395455,0.030254618183284277,0.12570923278330978,0.09103879141433596,0.15033784305357314,0.38255913684373144,0.028328859357515338,0.379950238904018,0.3547968546733664,0.41032141901409647,0.0,0.0,0.0,0.0,0.0,0.0,0.0,0.0,0.0,0.0,0.503247454077686,0.03410783753225828,0.5023508187409269,0.4698217732960729,0.5366731348592991,0.0,0.0,0.0,0.0,0.0
role_aware,0.0,300,low,0.694035117010237,0.003240190658585445,0.6947166415715031,0.6908597301648233,0.6972105038556508,0.25044058891036247,0.001606591619967355,0.2507798463450756,0.24886612912279446,0.25201504869793045,335.06806109171686,7.745278117200279,336.2299506168879,327.47768853686057,342.65843364657314,420.2185669165737,7.885067920151187,419.514714074014,412.49120035482554,427.9459334783219,0.11351536889057692,0.00022642448233519923,0.11355266617625205,0.11329347289788842,0.11373726488326542,0.12656516713959742,0.005557922393727582,0.1261921005069443,0.1211184031937444,0.13201193108545045,7.648895787403259,0.8479814735532041,7.60661104528597,6.817873943321119,8.4799176314854,0.01308593749999995,0.0037035058993041495,0.012630208333333299,0.009456501718681884,0.016715373281318016,2731.7675655638973,317.23501766463494,2709.2955059428054,2420.877248252555,3042.6578828752395,5.911067708333333,0.07379233008163719,5.894010416666667,5.838751224853329,5.983384191813338,0.9618055555555556,0.11361473325748171,0.9861111111111112,0.8504631169632235,1.0731479941478876,0.3114583333333333,0.06936453736031026,0.3055555555555556,0.24348108672022922,0.37943557994643734,0.44900229400229397,0.05323864145380829,0.4514245014245014,0.39682842537756186,0.5011761626270261,0.37012100553767213,0.029195093643434835,0.3765432098765431,0.341509813767106,0.3987321973082383,0.0,0.0,0.0,0.0,0.0,0.2844791666666666,0.017221615506039463,0.28145833333333325,0.26760198347074793,0.3013563498625853,0.28703180203401646,0.013616790891599286,0.28300040467403076,0.27368734696024916,0.30037625710778376,0.31996402604856644,0.008512215740735386,0.3199346959940934,0.31162205462264575,0.32830599747448713,128.26943471067148,4.561164616832495,128.4256158907846,123.79949338617563,132.7393760351673,11.363068885830064,0.35569823990560123,11.41516356228533,11.014484610722574,11.711653160937553,0.0805312774334157,0.007635821644274907,0.0817471524589799,0.0730481722220263,0.08801438264480511,0.0805312774334157,0.007635821644274907,0.0817471524589799,0.0730481722220263,0.08801438264480511,0.3315972222222222,0.02246324730362619,0.3333333333333333,0.30958323986466857,0.35361120457977585,0.0,0.0,0.0,0.0,0.0,300.0,0.0,300.0,300.0,300.0,0.08,0.0,0.08,0.08,0.08,0.1,0.0,0.1,0.1,0.1,30.0,0.0,30.0,30.0,30.0,720.0,0.0,720.0,720.0,720.0,16.0,0.0,16.0,16.0,16.0,120.0,0.0,120.0,120.0,120.0,0.09658696001196755,0.029666425035107157,0.10155625221215711,0.06751386347756254,0.12566005654637258,0.40779936212337564,0.09637327546264317,0.399034730805162,0.31335355216998534,0.502245172076766,0.0,0.0,0.0,0.0,0.0,0.0,0.0,0.0,0.0,0.0,0.5043863221353432,0.0761394104563265,0.48403148613868463,0.42976969988814323,0.5790029443825432,0.0,0.0,0.0,0.0,0.0
role_aware,0.0,700,high,0.695298499720467,0.002756699796457879,0.694635258687665,0.6925969339199383,0.6980000655209957,0.2510686690381323,0.0013517950177425843,0.2507520831648869,0.24974390992074458,0.25239342815552,335.1170955393032,7.463368610736234,335.9243322740243,327.8029943007817,342.4311967778247,420.233569102314,7.273507977613852,419.83482589056996,413.10553128425244,427.36160692037555,0.11578712227931907,0.0005897637593676508,0.1157400452606341,0.11520915379513878,0.11636509076349937,0.12877825366870627,0.0033419811929794444,0.12896281237957916,0.12550311209958642,0.1320533952378261,8.86745744312127,0.9898724374650072,9.075273030360314,7.897382454405562,9.837532431836976,0.01777343749999997,0.0020981999939707775,0.01822916666666665,0.01571720150590861,0.019829673494091333,3187.4879408676334,285.6850378542808,3085.8941152821103,2907.5166037704385,3467.4592779648283,5.810416666666666,0.07263960258306727,5.826822916666666,5.73922985613526,5.881603477198071,0.96875,0.04299577690047845,0.9583333333333333,0.9266141386375312,1.010885861362469,0.38125,0.048305920280607206,0.36111111111111116,0.3339101981250049,0.42858980187499507,0.5968685126966861,0.11005652708149455,0.5937996820349762,0.4890131161568214,0.7047239092365507,0.38138944388944385,0.08930024128041596,0.39688552188552184,0.29387520743463624,0.46890368034425145,0.0,0.0,0.0,0.0,0.0,0.26607638888888885,0.0172864598735209,0.26749999999999996,0.24913565821283837,0.28301711956493936,0.2888351252177939,0.02357291608015835,0.29351352108409545,0.26573366745923876,0.3119365829763491,0.32238484364916437,0.026149362575055013,0.3240696191761955,0.2967584683256105,0.34801121897271825,127.70186391336269,4.331584926326185,128.03877364768488,123.45691068556303,131.94681714116234,12.379883249318533,0.3664701718806055,12.294490678794855,12.02074248087554,12.739024017761526,0.08734812641520656,0.003224947330640505,0.08633613713595464,0.08418767803117887,0.09050857479923426,0.08734812641520656,0.003224947330640505,0.08633613713595464,0.08418767803117887,0.09050857479923426,0.3805555555555555,0.03312046226392576,0.3694444444444444,0.34809750253690824,0.4130136085742027,0.0,0.0,0.0,0.0,0.0,700.0,0.0,700.0,700.0,700.0,0.45,0.0,0.45,0.45,0.45,0.1,0.0,0.1,0.1,0.1,30.0,0.0,30.0,30.0,30.0,720.0,0.0,720.0,720.0,720.0,16.0,0.0,16.0,16.0,16.0,120.0,0.0,120.0,120.0,120.0,0.12068831723395455,0.030254618183284277,0.12570923278330978,0.09103879141433596,0.15033784305357314,0.38255913684373144,0.028328859357515338,0.379950238904018,0.3547968546733664,0.41032141901409647,0.0,0.0,0.0,0.0,0.0,0.0,0.0,0.0,0.0,0.0,0.503247454077686,0.03410783753225828,0.5023508187409269,0.4698217732960729,0.5366731348592991,0.0,0.0,0.0,0.0,0.0
role_aware,0.0,700,low,0.694035117010237,0.003240190658585445,0.6947166415715031,0.6908597301648233,0.6972105038556508,0.25044058891036247,0.001606591619967355,0.2507798463450756,0.24886612912279446,0.25201504869793045,335.06806109171686,7.745278117200279,336.2299506168879,327.47768853686057,342.65843364657314,420.2185669165737,7.885067920151187,419.514714074014,412.49120035482554,427.9459334783219,0.11351536889057692,0.00022642448233519923,0.11355266617625205,0.11329347289788842,0.11373726488326542,0.12656516713959742,0.005557922393727582,0.1261921005069443,0.1211184031937444,0.13201193108545045,7.648895787403259,0.8479814735532041,7.60661104528597,6.817873943321119,8.4799176314854,0.01308593749999995,0.0037035058993041495,0.012630208333333299,0.009456501718681884,0.016715373281318016,2731.7675655638973,317.23501766463494,2709.2955059428054,2420.877248252555,3042.6578828752395,5.911067708333333,0.07379233008163719,5.894010416666667,5.838751224853329,5.983384191813338,0.9618055555555556,0.11361473325748171,0.9861111111111112,0.8504631169632235,1.0731479941478876,0.3114583333333333,0.06936453736031026,0.3055555555555556,0.24348108672022922,0.37943557994643734,0.44900229400229397,0.05323864145380829,0.4514245014245014,0.39682842537756186,0.5011761626270261,0.37012100553767213,0.029195093643434835,0.3765432098765431,0.341509813767106,0.3987321973082383,0.0,0.0,0.0,0.0,0.0,0.2844791666666666,0.017221615506039463,0.28145833333333325,0.26760198347074793,0.3013563498625853,0.28703180203401646,0.013616790891599286,0.28300040467403076,0.27368734696024916,0.30037625710778376,0.31996402604856644,0.008512215740735386,0.3199346959940934,0.31162205462264575,0.32830599747448713,128.26943471067148,4.561164616832495,128.4256158907846,123.79949338617563,132.7393760351673,11.363068885830064,0.35569823990560123,11.41516356228533,11.014484610722574,11.711653160937553,0.0805312774334157,0.007635821644274907,0.0817471524589799,0.0730481722220263,0.08801438264480511,0.0805312774334157,0.007635821644274907,0.0817471524589799,0.0730481722220263,0.08801438264480511,0.3315972222222222,0.02246324730362619,0.3333333333333333,0.30958323986466857,0.35361120457977585,0.0,0.0,0.0,0.0,0.0,700.0,0.0,700.0,700.0,700.0,0.08,0.0,0.08,0.08,0.08,0.1,0.0,0.1,0.1,0.1,30.0,0.0,30.0,30.0,30.0,720.0,0.0,720.0,720.0,720.0,16.0,0.0,16.0,16.0,16.0,120.0,0.0,120.0,120.0,120.0,0.09658696001196755,0.029666425035107157,0.10155625221215711,0.06751386347756254,0.12566005654637258,0.40779936212337564,0.09637327546264317,0.399034730805162,0.31335355216998534,0.502245172076766,0.0,0.0,0.0,0.0,0.0,0.0,0.0,0.0,0.0,0.0,0.5043863221353432,0.0761394104563265,0.48403148613868463,0.42976969988814323,0.5790029443825432,0.0,0.0,0.0,0.0,0.0
role_aware,0.02,300,high,0.6939742826504353,0.0021780366737861384,0.6940267944930951,0.6918398067101248,0.6961087585907457,0.2504088100443301,0.0010910910460567012,0.25043416522248596,0.24933954081919452,0.25147807926946564,341.0378031858087,11.352413856650793,339.9863036027292,329.9124376062909,352.1631687653265,425.74426582407284,13.960601888299589,427.0230370031141,412.06287597353924,439.42565567460645,0.11552580271723074,0.0006935257272442747,0.1157476918989225,0.11484614750453136,0.11620545792993013,0.13423819670636844,0.00778664950120915,0.13452577083912065,0.12660728019518347,0.1418691132175534,8.056169156553132,1.1885202070857772,7.661873555221701,6.89141935360907,9.220918959497194,0.02018229166666665,0.0036859155808267566,0.02018229166666665,0.01657009439745643,0.02379448893587687,3314.740487903946,603.2300259911126,3316.3656604637163,2723.5750624326556,3905.905913375236,5.87109375,0.04357293036297526,5.870833333333333,5.8283922782442845,5.9137952217557155,1.0833333333333333,0.04536092116265147,1.0833333333333333,1.0388796305939347,1.1277870360727318,0.4319444444444444,0.05662171419622084,0.41180555555555554,0.376455164532148,0.4874337243567408,0.7652999669189905,0.14835841011742756,0.7809258790791804,0.6199087250039115,0.9106912088340695,0.3919280614221667,0.047787119153964615,0.39205457463884424,0.34509668465128135,0.438759438193052,0.9291666666666667,0.10465625685435839,0.9298611111111112,0.8266035349493954,1.031729798383938,0.273611111111111,0.007785214698467526,0.27368055555555554,0.26598160070661286,0.2812406215156092,0.29599133303373504,0.017603023329890957,0.29406880173760336,0.2787403701704419,0.3132422958970282,0.33622939958197345,0.017698267837167495,0.3373767390719866,0.31888509710154933,0.3535737020623976,132.00002133703921,1.9812367766653354,132.09753543618314,130.05840929590718,133.94163337817125,11.984229541931848,0.2535517761967519,12.049611439654424,11.735748801259032,12.232710282604664,0.0925670879462204,0.003950448562405348,0.09117232037057725,0.08869564835506316,0.09643852753737764,0.0925670879462204,0.003950448562405348,0.09117232037057725,0.08869564835506316,0.09643852753737764,0.36319444444444443,0.026991177494719267,0.3687499999999999,0.33674309049961954,0.3896457983892693,0.02,0.0,0.02,0.02,0.02,300.0,0.0,300.0,300.0,300.0,0.45,0.0,0.45,0.45,0.45,0.1,0.0,0.1,0.1,0.1,30.0,0.0,30.0,30.0,30.0,720.0,0.0,720.0,720.0,720.0,16.0,0.0,16.0,16.0,16.0,120.0,0.0,120.0,120.0,120.0,0.21758428572646762,0.021228477355679582,0.20896009333160412,0.19678037791790165,0.2383881935350336,0.31575270330899013,0.10018880888995649,0.29948781289625237,0.2175676705968328,0.4139377360211475,0.3711805555555556,0.08659047428340787,0.3520833333333334,0.2863218907578159,0.45603922035329536,1.2230087607301487,0.28834998775767,1.266743104721186,0.9404257727276322,1.5055917487326653,0.5333369890354577,0.11933300204285309,0.5057332891495527,0.4163906470334616,0.6502833310374537,0.5579861111111111,0.11833232806910858,0.5125,0.44202042960338467,0.6739517926188374
role_aware,0.02,300,low,0.6932619432692552,0.002543169839221473,0.6932779749008977,0.6907696368268181,0.6957542497116922,0.25005453299446945,0.0012713163590517076,0.25006069173708806,0.24880864296259877,0.25130042302634015,341.00702626970804,10.630981017866002,340.91689248864054,330.58866487219933,351.42538766721674,426.6508233636714,13.150079624095017,428.9025486990521,413.7637453320583,439.5379013952845,0.1132852814169845,0.0004958984499113802,0.11315630568209635,0.11279930093607135,0.11377126189789766,0.13268121313202952,0.007427963014304199,0.13336883573886193,0.1254018093780114,0.13996061688604763,8.215561350020192,0.5583375525663772,8.31811745511046,7.668390548505142,8.762732151535241,0.01660156249999995,0.003928610768013415,0.0173177083333333,0.012751523947346806,0.020451601052653097,3170.2494482546285,690.0896015678054,3113.865248609196,2493.9616387181795,3846.5372577910775,5.935807291666667,0.06694464479929144,5.9359375,5.870201539763362,6.001413043569973,1.0347222222222223,0.06262846878920686,1.0555555555555556,0.9733463228087996,1.0960981216356451,0.4048611111111111,0.048888099741105646,0.42222222222222217,0.3569507733648276,0.4527714488573946,0.5456756859703904,0.17690868327355752,0.5979662698412698,0.37230517636230404,0.7190461955784768,0.4171709074951174,0.11772887090029226,0.43901008679333803,0.30179661401283103,0.5325452009774039,0.8958333333333334,0.08751102223346309,0.8840277777777779,0.8100725315445395,0.9815941351221272,0.2852083333333333,0.01481387439144791,0.2839583333333333,0.2706907364297143,0.29972593023695226,0.3024430401466982,0.020179200017753147,0.299273004668114,0.2826674241293001,0.3222186561640963,0.33886267959464067,0.022485188853195885,0.33824345758813795,0.3168271945185087,0.3608981646707726,132.16019238090917,2.2319592204213565,132.4451868461196,129.97287234489625,134.3475124169221,11.035968246459987,0.17836493640423906,11.066204023936155,10.861170608783834,11.21076588413614,0.08779436242566765,0.004973002765029415,0.08903729324894655,0.08292081971593883,0.09266790513539648,0.08779436242566765,0.004973002765029415,0.08903729324894655,0.08292081971593883,0.09266790513539648,0.34687499999999993,0.01929089504629693,0.3423611111111111,0.32796992285462895,0.3657800771453709,0.02,0.0,0.02,0.02,0.02,300.0,0.0,300.0,300.0,300.0,0.08,0.0,0.08,0.08,0.08,0.1,0.0,0.1,0.1,0.1,30.0,0.0,30.0,30.0,30.0,720.0,0.0,720.0,720.0,720.0,16.0,0.0,16.0,16.0,16.0,120.0,0.0,120.0,120.0,120.0,0.20151288467317813,0.03921588807331717,0.21790893611080098,0.1630813143613273,0.23994445498502895,0.30903313266096677,0.029353608768321014,0.32055177014672814,0.2802665960680122,0.33779966925392135,0.2263888888888889,0.15200562448983,0.22152777777777777,0.0774233768888555,0.37535440088892225,0.7125137221036911,0.4570868826873394,0.6937181723552385,0.26456857707009857,1.1604588671372837,0.510546017334145,0.036378481636258196,0.5139292985961189,0.4748951053306119,0.5461969293376779,0.6694444444444444,0.15103381737799504,0.6861111111111111,0.5214313034140092,0.8174575854748796
role_aware,0.02,700,high,0.6957976481733492,0.005324295864594562,0.6954306711005697,0.6905798382260465,0.7010154581206519,0.25130628951553646,0.002658677073873027,0.2511424790736265,0.2487007859831409,0.25391179304793204,355.0353352604169,13.38013606497421,354.7715021750553,341.9228019167422,368.1478686040916,448.8631688469062,17.116784893643423,451.80388181985506,432.08871965113565,465.63761804267676,0.1152926789569521,0.0007278882450953869,0.1154322696000764,0.11457934847675862,0.11600600943714558,0.13285938902563357,0.013197069042768577,0.1359106810445818,0.11992626136372037,0.14579251668754678,12.406210710960421,1.8579591423209514,12.197421592358769,10.585410751485888,14.227010670434954,0.020117187499999953,0.003444168353210166,0.019010416666666648,0.01674190251385399,0.023492472486145916,7513.356560972546,1740.3084437770756,7136.207847206311,5807.854286071011,9218.85883587408,5.899479166666667,0.03642607700052449,5.902604166666666,5.863781611206153,5.9351767221271805,1.0451388888888888,0.1560569795433627,1.0694444444444444,0.8922030489363935,1.1980747288413842,0.4565972222222222,0.09478000708376402,0.44375,0.36371281528013344,0.549481629164311,0.7915688830943068,0.086576379234857,0.8036505867014342,0.706724031444147,0.8764137347444667,0.4159194479806645,0.06097818824762105,0.40326746738990055,0.3561608234979959,0.4756780724633331,0.6652777777777777,0.13935108280826308,0.6791666666666667,0.5287137166256799,0.8018418389298756,0.2854861111111111,0.007952323857370923,0.28444444444444444,0.2776928337308876,0.2932793884913346,0.30089376684270586,0.0290659489545892,0.31398905373177965,0.27240913686720847,0.32937839681820325,0.3440533028944366,0.02510016606398782,0.35307416327839913,0.31945514015172854,0.3686514656371446,144.9688915309402,4.209608489470979,146.2444017131255,140.84347521125864,149.09430785062176,11.704519049287242,0.45354839435726363,11.622977319343217,11.260041622817123,12.148996475757361,0.09293630229104995,0.010269256729445068,0.0923625841151616,0.08287243069619378,0.10300017388590611,0.09293630229104995,0.010269256729445068,0.0923625841151616,0.08287243069619378,0.10300017388590611,0.36423611111111104,0.013813452544292325,0.3687499999999999,0.35069892761770455,0.37777329460451753,0.02,0.0,0.02,0.02,0.02,700.0,0.0,700.0,700.0,700.0,0.45,0.0,0.45,0.45,0.45,0.1,0.0,0.1,0.1,0.1,30.0,0.0,30.0,30.0,30.0,720.0,0.0,720.0,720.0,720.0,16.0,0.0,16.0,16.0,16.0,120.0,0.0,120.0,120.0,120.0,0.20659265309625902,0.055456029787698646,0.2113104491293994,0.15224574390431433,0.2609395622882037,0.351901707678028,0.1090064894463935,0.3906604946384419,0.24507534802056236,0.4587280673354936,0.45590277777777777,0.12084863142835749,0.49374999999999997,0.3374711189779874,0.5743344365775681,1.5018839685697745,0.9297556469667251,1.2485061722668522,0.5907234345423839,2.413044502597165,0.5584943607742869,0.12089899660353015,0.56375011594838,0.4400133441028274,0.6769753774457465,0.20937499999999998,0.0725807961172966,0.2097222222222222,0.1382458198050493,0.28050418019495066
role_aware,0.02,700,low,0.693941075929766,0.005875082109781779,0.6946323097630689,0.6881834954621798,0.6996986563973521,0.25038323693939935,0.0028782887541055784,0.2507462581946174,0.24756251396037587,0.2532039599184228,355.03710257462234,12.334000362602652,353.8804468646822,342.94978221927175,367.1244229299729,449.46275526969737,16.380241884042277,452.2609082887388,433.4101182233359,465.5153923160588,0.11325295596229175,0.0003345203433745853,0.1131584262944593,0.11292512602578465,0.11358078589879884,0.1363811481529011,0.0023138392884980287,0.1366127649932543,0.134113585650173,0.13864871065562917,13.02069447343142,1.8825134319586547,13.128731521406191,11.175831310111938,14.8655576367509,0.01425781249999995,0.0035730267536490446,0.0147135416666666,0.010756246281423885,0.017759378718576014,7619.729876352789,2126.004096743463,7582.376846640862,5536.245861544196,9703.213891161382,5.959635416666668,0.0763342212845607,5.951822916666668,5.884827879807799,6.034442953525537,1.0590277777777777,0.08811512180867724,1.0555555555555554,0.972674958405274,1.1453805971502813,0.3725694444444444,0.0707231805090585,0.3972222222222222,0.3032607275455671,0.4418781613433217,0.4956048615036744,0.1543966944404491,0.55,0.3442961009520343,0.6469136220553144,0.3566127535865179,0.0350027684301275,0.36183438892798503,0.32231004052499296,0.39091546664804283,0.7340277777777777,0.10657705051029161,0.7,0.6295822682776919,0.8384732872778635,0.29545138888888883,0.020818937927769753,0.29409722222222223,0.2750488297196745,0.3158539480581032,0.3021299753711472,0.010839692821239845,0.30393612293472755,0.29150707640633217,0.31275287433596227,0.3414274911905452,0.01141892740294291,0.3424331714741192,0.33023694233566114,0.3526180400454293,145.17058750988286,4.301016065560481,146.41502316179975,140.95559176563359,149.38558325413214,10.901098792372363,0.5859370114692897,10.967847884662298,10.326880521132459,11.475317063612266,0.0856158755749786,0.006326782529270391,0.0866060279633443,0.07941562869629362,0.09181612245366358,0.0856158755749786,0.006326782529270391,0.0866060279633443,0.07941562869629362,0.09181612245366358,0.31076388888888884,0.014583333333333347,0.31111111111111106,0.29647222222222214,0.32505555555555554,0.02,0.0,0.02,0.02,0.02,700.0,0.0,700.0,700.0,700.0,0.08,0.0,0.08,0.08,0.08,0.1,0.0,0.1,0.1,0.1,30.0,0.0,30.0,30.0,30.0,720.0,0.0,720.0,720.0,720.0,16.0,0.0,16.0,16.0,16.0,120.0,0.0,120.0,120.0,120.0,0.17304586891304513,0.01697782940290494,0.1715151161768844,0.1564075960981983,0.18968414172789197,0.33485683606279154,0.06558639746702519,0.3388496720087609,0.27058216654510686,0.3991315055804762,0.47777777777777775,0.014915744160728746,0.4756944444444444,0.46316034850026355,0.49239520705529194,1.468075603542028,0.2874028618903595,1.4017154292565726,1.1864207988894755,1.7497304081945804,0.5079027049758367,0.06245908071481356,0.5158903722502035,0.4466928058753194,0.569112604076354,0.25625,0.11890760063894963,0.21666666666666667,0.13972055137382933,0.37277944862617063
role_aware,0.05,300,high,0.6947363619486977,0.0037244528766384754,0.6950219827572874,0.691086398129592,0.6983863257678034,0.25078688019461903,0.0018443543454033917,0.25093838950355646,0.24897941293612372,0.2525943474531144,345.78639904250514,6.133981853605723,345.81719314006796,339.7750968259715,351.7977012590388,433.1480115059962,3.8372941357988855,434.13870447884415,429.3874632529133,436.9085597590791,0.11622768637731425,0.0005375035377728068,0.1161780712109408,0.1157009329102969,0.11675443984433159,0.13597387392669175,0.0033795825236215414,0.13669630170890607,0.13266188305354262,0.13928586479984087,9.321454252255489,0.9479405275848587,9.321734473770123,8.392472535222327,10.25043596928865,0.019466145833333323,0.003255208333333342,0.018359374999999997,0.016276041666666647,0.02265625,4251.778215239728,945.7028060858361,3945.9474289300406,3324.9894652756084,5178.566965203847,5.851432291666667,0.05377525347485276,5.84921875,5.798732543261311,5.904132040072023,1.0972222222222223,0.030003429159295644,1.1041666666666667,1.0678188616461126,1.126625582798332,0.4545138888888889,0.02638584290412788,0.4541666666666666,0.42865576284284357,0.4803720149349342,0.8444449422249178,0.1271163183730258,0.8545370584160702,0.7198709502193525,0.9690189342304831,0.3870755768621622,0.07245626309831583,0.3970404595404595,0.3160684390258127,0.4580827146985117,1.2784722222222222,0.17248151031103884,1.3069444444444445,1.1094403421174042,1.4475041023270403,0.2748263888888889,0.01642939712894469,0.2735416666666666,0.2587255797025231,0.2909271980752547,0.3086547841486558,0.005063489328683973,0.3078668952357445,0.30369256460654553,0.3136170036907661,0.33980841637954984,0.007813356007257698,0.34046402411187116,0.3321513274924373,0.34746550526666237,131.70114766245408,5.080706199997819,131.73659103510357,126.72205558645621,136.68023973845195,12.545208746329777,0.1342973245830315,12.535163589179444,12.413597368238406,12.676820124421148,0.0956725448176409,0.0025816073009521973,0.0962511667389424,0.09314256966270774,0.09820251997257405,0.0956725448176409,0.0025816073009521973,0.0962511667389424,0.09314256966270774,0.09820251997257405,0.3885416666666666,0.011304736525069225,0.3909722222222222,0.37746302487209876,0.3996203084612345,0.05,0.0,0.05,0.05,0.05,300.0,0.0,300.0,300.0,300.0,0.45,0.0,0.45,0.45,0.45,0.1,0.0,0.1,0.1,0.1,30.0,0.0,30.0,30.0,30.0,720.0,0.0,720.0,720.0,720.0,16.0,0.0,16.0,16.0,16.0,120.0,0.0,120.0,120.0,120.0,0.2555214740297759,0.03268010806608406,0.2612710803681968,0.2234949681250135,0.28754797993453823,0.2351133065419186,0.045328578832507516,0.23653635497384767,0.1906912992860612,0.27953531379777596,0.34097222222222234,0.11014919268975965,0.3736111111111115,0.2330260133862579,0.4489184310581868,1.4860680906188066,0.6097309168323478,1.3686236363778124,0.8885317921231057,2.0836043891145075,0.4906347805716945,0.056984675162539404,0.4981673306845885,0.4347897989124059,0.5464797622309832,0.9374999999999999,0.10370577048205029,0.9138888888888889,0.8358683449275905,1.0391316550724092
role_aware,0.05,300,low,0.6924105379471737,0.0018190275515280886,0.69248584009393,0.6906278909466761,0.6941931849476712,0.24962923207934973,0.0009049336171682605,0.24967855148213863,0.24874239713452484,0.2505160670241746,345.76878841773856,5.234054179006029,345.81549002209124,340.63941532231263,350.8981615131645,432.64244784646587,3.2893135384115313,433.6836968423881,429.41892057882256,435.8659751141092,0.11327292814313761,0.0008720916717981703,0.11321423978509745,0.1124182783047754,0.11412757798149982,0.1304438423348322,0.007505404343687487,0.13087408344737775,0.12308854607801846,0.13779913859164594,9.366959921246096,1.5970057381326963,8.605687721711742,7.8018942978760535,10.932025544616138,0.014843749999999949,0.003620946808092729,0.01406249999999995,0.011295222128069075,0.018392277871930825,3863.38639836273,1042.1775253051533,3557.8408836103063,2842.0524235636794,4884.72037316178,5.934895833333333,0.08284033861223004,5.910416666666667,5.853712301493347,6.016079365173319,0.9930555555555556,0.1096548081696945,1.0138888888888888,0.885593843549255,1.1005172675618562,0.3555555555555555,0.09242809461899085,0.33194444444444443,0.2649760228289445,0.4461350882821665,0.5693921650527596,0.2523071542403222,0.5341185041282176,0.32213115389724384,0.8166531762082754,0.32558523793279887,0.07411907729045798,0.30501662971175164,0.25294854218815005,0.3982219336774477,1.3892361111111111,0.12001036799346108,1.4270833333333335,1.2716259504775191,1.506846271744703,0.2872916666666667,0.013963457231648692,0.2851388888888889,0.273607478579651,0.30097585475368244,0.2959246112442371,0.01562991222268182,0.2917165686024077,0.2806072972660089,0.31124192522246524,0.3275170878702618,0.016464353149283094,0.330908046965248,0.31138202178396435,0.34365215395655924,132.0905982564169,4.922136544388684,131.6850354484077,127.266904442916,136.91429206991782,11.226639523871672,0.1651952726402477,11.244641022758124,11.06474815668423,11.388530891059114,0.0837564397331426,0.008133151668658049,0.08236906063578214,0.07578595109785771,0.0917269283684275,0.0837564397331426,0.008133151668658049,0.08236906063578214,0.07578595109785771,0.0917269283684275,0.32638888888888884,0.011453071182271284,0.325,0.315164879130263,0.3376128986475147,0.05,0.0,0.05,0.05,0.05,300.0,0.0,300.0,300.0,300.0,0.08,0.0,0.08,0.08,0.08,0.1,0.0,0.1,0.1,0.1,30.0,0.0,30.0,30.0,30.0,720.0,0.0,720.0,720.0,720.0,16.0,0.0,16.0,16.0,16.0,120.0,0.0,120.0,120.0,120.0,0.20791558260449233,0.05357051064440519,0.19805342500032358,0.15541648217297524,0.2604146830360094,0.37248503405478345,0.1004912849111257,0.3436958910861474,0.27400357484188026,0.47096649326768664,0.5524305555555556,0.10236638762218213,0.5416666666666667,0.45211149568581716,0.6527496154252941,1.5273215293166462,0.33071788672992286,1.4686106942719084,1.2032180003213218,1.8514250583119707,0.5804006166592758,0.09244616587641152,0.5614736312948084,0.4898033741003925,0.6709978592181591,0.8368055555555555,0.09511269577253786,0.8131944444444444,0.7435951136984684,0.9300159974126425
role_aware,0.05,700,high,0.6971366691172456,0.004585386456817737,0.6985005090732319,0.6926429903895642,0.701630347844927,0.25198282643768544,0.0023076768760365097,0.25262783264937516,0.24972130309916965,0.2542443497762012,376.78759201708806,7.032673453073795,379.35554957681154,369.8955720330757,383.6796120011004,488.86111881878526,6.521231930982124,489.37340295345746,482.4703115264228,495.2519261111477,0.1161425622670883,0.0006088853565976157,0.11612290212483531,0.11554585461762264,0.11673926991655396,0.1310151320778708,0.0051798270712204155,0.13190477494755765,0.1259389015480748,0.1360913626076668,16.2671685808877,4.025876547192148,16.00118096322648,12.321809564639395,20.212527597136003,0.018815104166666652,0.0034310163496478648,0.0180989583333333,0.015452708144011744,0.02217750018932156,13810.155780376737,3628.2001981923518,12973.579232722368,10254.519586148232,17365.791974605243,5.888411458333333,0.05080973204102762,5.892447916666665,5.8386179209331255,5.93820499573354,0.9895833333333333,0.0895626950099681,0.9791666666666666,0.9018118922235645,1.077354774443102,0.39791666666666664,0.06920793057389442,0.3673611111111111,0.33009289470425013,0.46574043862908315,0.7882877343921435,0.10569241017788857,0.7823685373398144,0.6847091724178127,0.8918662963664743,0.352318413294023,0.1101369926996131,0.3337577057089252,0.24438416044840217,0.4602526661396439,0.8947916666666667,0.07651399687708776,0.8847222222222222,0.8198079497271207,0.9697753836062126,0.2796875,0.013592851981832249,0.27937499999999993,0.26636650505780435,0.2930084949421956,0.31271951766476136,0.01176478465829398,0.31513869158544444,0.30119002869963324,0.3242490066298895,0.3575683548636597,0.008303175848293359,0.3537382376411776,0.3494312425323322,0.36570546719498714,158.90542826558416,7.980189975658569,158.71692600297303,151.08484208943878,166.72601444172955,12.457021003140504,0.5632231870650457,12.386413075182691,11.90506227981676,13.008979726464249,0.0899814630722543,0.007874961148776201,0.087365846176983,0.08226400114645362,0.09769892499805498,0.0899814630722543,0.007874961148776201,0.087365846176983,0.08226400114645362,0.09769892499805498,0.3951388888888889,0.029517292832027912,0.4041666666666667,0.36621194191350154,0.4240658358642762,0.05,0.0,0.05,0.05,0.05,700.0,0.0,700.0,700.0,700.0,0.45,0.0,0.45,0.45,0.45,0.1,0.0,0.1,0.1,0.1,30.0,0.0,30.0,30.0,30.0,720.0,0.0,720.0,720.0,720.0,16.0,0.0,16.0,16.0,16.0,120.0,0.0,120.0,120.0,120.0,0.20854628553610222,0.0387672580868078,0.19291946292442136,0.17055437261103057,0.24653819846117386,0.25180949491617993,0.05091686612896734,0.23210676630515467,0.20191096610979192,0.30170802372256794,0.56875,0.13326821326432892,0.5659722222222223,0.43814715100095764,0.6993528489990424,2.367211783432409,0.8527767356971412,2.4714315962891633,1.5314905824492104,3.2029329844156074,0.4603557804522821,0.049424650732594,0.4628029962282614,0.41191962273433996,0.5087919381702242,0.3260416666666666,0.10584982738195713,0.33888888888888885,0.22230883583234862,0.4297744975009846
role_aware,0.05,700,low,0.6975468261807497,0.006571920892078187,0.6947323939364486,0.691106343706513,0.7039873086549864,0.25209637540276325,0.003235307589099837,0.2507328606836846,0.2489257739654454,0.2552669768400811,375.2845043830823,7.437238720095552,376.255711913498,367.9960104373887,382.57299832877595,487.76443425989413,7.2951337173067525,488.17573958389585,480.61520321693354,494.9136653028547,0.113034114551774,0.0012200312328379927,0.1130083446533969,0.11183848394359278,0.11422974515995524,0.1349454317481122,0.00536867454722401,0.1345229971456074,0.12968413069183266,0.14020673280439172,15.08378503451575,3.573358287398846,14.912406428295814,11.58189391286488,18.585676156166617,0.0143880208333333,0.003002330487069688,0.0134114583333333,0.011445736956005006,0.017330304710661593,13322.49397343598,3872.6596473312493,12961.22129157107,9527.287519051355,17117.700427820604,5.9359375,0.06843625802187848,5.947395833333333,5.868869967138559,6.003005032861441,1.065972222222222,0.03652716166217481,1.0763888888888888,1.0301756037932908,1.1017688406511534,0.3972222222222222,0.04077755071084222,0.39374999999999993,0.3572602225255968,0.4371842219188476,0.5165659075736221,0.20319084534097553,0.5253134040501446,0.31743887913946606,0.7156929360077782,0.39645034843205573,0.052341990116764665,0.3798076923076923,0.34515519811762635,0.4477454987464851,0.9576388888888889,0.03796013991310125,0.96875,0.9204379517740497,0.9948398260037281,0.2853472222222222,0.015343084325699152,0.2866666666666666,0.270310999583037,0.3003834448614074,0.30447455573035054,0.008716799168706034,0.3029546312122484,0.2959320925450186,0.31301701891568245,0.34700857522713935,0.01418255717054092,0.3461659028503503,0.33310966920000923,0.36090748125426947,159.31322142419793,8.172782606160679,158.7792760728358,151.30389447016046,167.3225483782354,11.286290422463704,0.240128238346979,11.175799990666295,11.050964748883665,11.521616096043743,0.08849152581025574,0.0026647333201510674,0.0888429395971474,0.08588008715650769,0.09110296446400379,0.08849152581025574,0.0026647333201510674,0.0888429395971474,0.08588008715650769,0.09110296446400379,0.34201388888888895,0.005933335934248261,0.3402777777777778,0.33619921967332567,0.34782855810445223,0.05,0.0,0.05,0.05,0.05,700.0,0.0,700.0,700.0,700.0,0.08,0.0,0.08,0.08,0.08,0.1,0.0,0.1,0.1,0.1,30.0,0.0,30.0,30.0,30.0,720.0,0.0,720.0,720.0,720.0,16.0,0.0,16.0,16.0,16.0,120.0,0.0,120.0,120.0,120.0,0.2007575653850323,0.019485050479199156,0.20559466599065157,0.18166221591541715,0.21985291485464747,0.3440761427978969,0.09170462177289944,0.3444638974956514,0.25420561346045545,0.43394667213533833,0.6197916666666667,0.08826732188737084,0.5868055555555556,0.5332896912170433,0.7062936421162902,1.9587666286129788,0.8662264074764778,1.6474838663159144,1.1098647492860305,2.807668507939927,0.5448337081829293,0.10031553025061968,0.5397535909548854,0.446524488537322,0.6431429278285365,0.3378472222222222,0.07479717946256767,0.3486111111111111,0.26454598634890586,0.4111484580955385
role_aware,0.1,300,high,0.6962291561634193,0.005243235206370658,0.6962291134298393,0.6910907856611761,0.7013675266656625,0.2515224793452225,0.0026117986088043167,0.2515225749590281,0.24896291670859425,0.2540820419818507,351.64411937162083,7.942808616342909,351.4547092011172,343.8601669276048,359.4280718156369,444.589648423621,10.542835310473002,442.3547369069204,434.25766981935743,454.92162702788454,0.11570449231411287,0.000867284997245331,0.11589364287078255,0.11485455301681244,0.1165544316114133,0.13551524477902566,0.00837473363168841,0.13480199598633374,0.127308005819971,0.1437224837380803,8.95042755871184,0.602411553183763,9.09007513733093,8.360064236591754,9.540790880831928,0.01953124999999995,0.0013779954745127962,0.0192708333333333,0.01818081443497741,0.02088168556502249,4601.805524339241,304.981297760919,4669.5245744664535,4302.92385253354,4900.6871961449415,5.872786458333334,0.1022208673507173,5.869270833333333,5.772610008329631,5.972962908337037,1.0763888888888888,0.09722222222222221,1.0833333333333335,0.981111111111111,1.1716666666666666,0.44756944444444446,0.08357507375213558,0.42638888888888893,0.3656658721673516,0.5294730167215373,0.5935138506396433,0.09324988520495282,0.5697767145135566,0.5021289631387896,0.6848987381404971,0.4482786308715863,0.0497407403859421,0.4606553147574819,0.39953270529336304,0.4970245564498096,1.651736111111111,0.1063951441445091,1.6437499999999998,1.547468869849492,1.75600335237273,0.27694444444444444,0.02329720527579546,0.2778472222222222,0.2541131832741649,0.299775705614724,0.30620723268086464,0.012603013943027631,0.3107372434322899,0.2938562790166976,0.3185581863450317,0.34389744200622063,0.004997752453703911,0.343539529428799,0.3389996446015908,0.34879523941085044,145.67197860071462,1.8163768770271798,145.01480769767946,143.891929261228,147.45202794020125,11.869960549949656,0.193076413983189,11.917377062018318,11.680745664246132,12.05917543565318,0.09282911108560979,0.00790124024022029,0.0908919507984621,0.08508589565019391,0.10057232652102567,0.09282911108560979,0.00790124024022029,0.0908919507984621,0.08508589565019391,0.10057232652102567,0.35381944444444446,0.01381345254429226,0.35624999999999996,0.34028226095103803,0.3673566279378509,0.1,0.0,0.1,0.1,0.1,300.0,0.0,300.0,300.0,300.0,0.45,0.0,0.45,0.45,0.45,0.1,0.0,0.1,0.1,0.1,30.0,0.0,30.0,30.0,30.0,720.0,0.0,720.0,720.0,720.0,16.0,0.0,16.0,16.0,16.0,120.0,0.0,120.0,120.0,120.0,0.27610935062957087,0.025115261690159634,0.2653049113866488,0.25149639417321445,0.3007223070859273,0.30885214286723883,0.08656497907412655,0.305517778594677,0.2240184633745948,0.39368582235988286,0.4520833333333334,0.1724069349955735,0.47638888888888886,0.2831245370376714,0.6210421296289954,1.4919231770515093,0.5674411679164961,1.457733729255276,0.9358308324933432,2.0480155216096754,0.5849614934968097,0.07155370099063486,0.5744573754556374,0.5148388665259875,0.6550841204676319,1.1996527777777777,0.07762364854061685,1.1701388888888888,1.1235816022079732,1.2757239533475822
role_aware,0.1,300,low,0.6948172015668077,0.004890670902735789,0.6932185046805543,0.6900243440821267,0.6996100590514888,0.25082246190143026,0.0023996522759442388,0.2500521739461005,0.2484708026710049,0.2531741211318556,351.2684866193272,7.1996373955389386,350.78294655154815,344.212841971699,358.32413126695536,443.9100719515293,10.964253134546869,441.25172640530417,433.1651038796734,454.6550400233852,0.11355995248064042,0.0011278731960354435,0.1131571065330277,0.11245463674852568,0.11466526821275516,0.1415923852258668,0.010478860441571576,0.14072191233161063,0.13132310199312666,0.15186166845860696,9.633331194860448,1.373576909866523,9.193032079882231,8.287225823191255,10.97943656652964,0.015820312499999975,0.0018943709064926303,0.0153645833333333,0.013963829011637197,0.01767679598836275,4755.645290175815,778.4935338020955,4918.5501566710245,3992.721627049761,5518.5689533018685,5.886458333333333,0.07233273129229721,5.8661458333333325,5.815572256666881,5.957344409999784,1.1458333333333335,0.12855040163810014,1.1111111111111112,1.0198539397279953,1.2718127269386716,0.46562499999999996,0.10944570759752358,0.4395833333333333,0.35836820655442686,0.572881793445573,0.27868130010624936,0.06325990563249972,0.29289215686274506,0.21668659258639963,0.34067600762609906,0.4623527723249009,0.055882594780695925,0.46710526315789475,0.4075878294398189,0.517117715209983,1.7072916666666667,0.03192179148489214,1.7118055555555554,1.6760083110114723,1.738575022321861,0.2817361111111111,0.01775262253854021,0.27479166666666666,0.26433854102334164,0.2991336811988805,0.3058674898746088,0.015895095141731277,0.3018708254177767,0.29029029663571215,0.3214446831135055,0.3408183625192643,0.01068142711465936,0.33839775772959446,0.3303505639468981,0.35128616109163047,145.6451158082738,1.6688979295008095,145.0107490721233,144.009595837363,147.2806357791846,11.175233593935447,0.6272307341691389,11.227638761928922,10.560547474449692,11.789919713421202,0.09402655051622315,0.008890064015052443,0.09273198695814056,0.08531428778147175,0.10273881325097454,0.09402655051622315,0.008890064015052443,0.09273198695814056,0.08531428778147175,0.10273881325097454,0.33784722222222224,0.029666679671241415,0.33611111111111114,0.30877387614440566,0.36692056830003883,0.1,0.0,0.1,0.1,0.1,300.0,0.0,300.0,300.0,300.0,0.08,0.0,0.08,0.08,0.08,0.1,0.0,0.1,0.1,0.1,30.0,0.0,30.0,30.0,30.0,720.0,0.0,720.0,720.0,720.0,16.0,0.0,16.0,16.0,16.0,120.0,0.0,120.0,120.0,120.0,0.26839964747026895,0.03952983568342353,0.26855591326257855,0.2296604085005139,0.307138886440024,0.3205480055391834,0.029654444912682234,0.31181083835283624,0.2914866495247548,0.349609361553612,0.4052083333333334,0.11090475629627333,0.41527777777777763,0.29652167216298553,0.5138949945036813,1.2573960096267693,0.28409353643299884,1.368702135405535,0.9789843439224305,1.535807675331108,0.5889476530094524,0.04344597178365304,0.6066436251199177,0.5463706006614725,0.6315247053574323,1.3020833333333335,0.08530461635818108,1.30625,1.218484809302316,1.385681857364351
role_aware,0.1,700,high,0.701412854832979,0.005289850464400384,0.7010637478357363,0.6962288013778666,0.7065969082880914,0.25402864744172327,0.0026160398856261654,0.2539291981022843,0.2514649283538096,0.2565923665296369,416.6016802862216,9.30257591067489,419.4762691015975,407.48515589376024,425.718204678683,560.3065459441831,5.7398859614580395,559.6467212548844,554.6814577019542,565.931634186412,0.11543439149970447,0.0008849269347329019,0.11563030517087206,0.11456716310366623,0.11630161989574271,0.142236455550585,0.003732237973272947,0.1426287926000092,0.13857886233677752,0.1458940487643925,14.83971325168401,1.368915961369883,14.774781202759026,13.498175609541525,16.181250893826494,0.022070312499999953,0.005533981820423089,0.02109374999999995,0.016647010315985325,0.02749361468401458,14908.13301952606,1442.2468976248513,15134.168396525693,13494.731059853706,16321.534979198414,5.85234375,0.09663903086165351,5.865625,5.75763749975558,5.94705000024442,1.1666666666666667,0.08561686115234686,1.1736111111111112,1.0827621427373668,1.2505711905959667,0.5090277777777777,0.07403789625796055,0.5006944444444444,0.43647063944497644,0.581584916110579,0.5308547744627663,0.0775489172474212,0.5414567109482364,0.45485683556029355,0.606852713365239,0.48061915328744925,0.02149569293533331,0.47607318789584796,0.4595533742108226,0.5016849323640759,0.9770833333333333,0.03896322260862644,0.9680555555555557,0.9388993751768794,1.0152672914897871,0.26697916666666666,0.021428647211065348,0.2722916666666666,0.24597909239982263,0.2879792409335107,0.31190466768844544,0.015585176975615907,0.30971481069249296,0.29663119425234186,0.327178141124549,0.35843620411265226,0.020014447890483986,0.36413272909437144,0.33882204517997794,0.3780503630453266,195.8077105002437,4.202492191187117,195.64868300978205,191.68926815288032,199.92615284760709,12.137800913280833,0.6217003150038896,12.102098442412535,11.528534604577022,12.747067221984643,0.09962507951819946,0.007626973096659075,0.0980129393791602,0.09215064588347356,0.10709951315292536,0.09962507951819946,0.007626973096659075,0.0980129393791602,0.09215064588347356,0.10709951315292536,0.38020833333333326,0.03087740843807738,0.3833333333333333,0.34994847306401744,0.4104681936026491,0.1,0.0,0.1,0.1,0.1,700.0,0.0,700.0,700.0,700.0,0.45,0.0,0.45,0.45,0.45,0.1,0.0,0.1,0.1,0.1,30.0,0.0,30.0,30.0,30.0,720.0,0.0,720.0,720.0,720.0,16.0,0.0,16.0,16.0,16.0,120.0,0.0,120.0,120.0,120.0,0.25097393918538147,0.011346469053696257,0.249300530458624,0.23985439951275914,0.2620934788580038,0.2870150544265606,0.09186971579423703,0.2798775610166382,0.19698273294820834,0.3770473759049129,0.478125,0.11371019744094024,0.5305555555555557,0.3666890065078786,0.5895609934921214,1.779217623563828,0.7029926582423647,1.5458818475089646,1.0902848184863105,2.468150428641345,0.5379889936119421,0.08613250520702087,0.5272355406048181,0.4535791385090616,0.6223988487148225,0.4989583333333333,0.09435163604453203,0.4652777777777778,0.4064937300096919,0.5914229366569747
role_aware,0.1,700,low,0.7064381067974357,0.006284059631574097,0.7068350541999925,0.7002797283584931,0.7125964852363783,0.2564919518838893,0.003138083757787109,0.25667262374606825,0.2534166298012579,0.2595672739665207,417.3373133348566,10.495519310737254,420.843531334327,407.0517044103341,427.62292225937915,560.2198891574152,8.697960899213143,560.8636197114621,551.6958874761863,568.7438908386441,0.1136832360685131,0.0007243012569141601,0.11352390984970145,0.11297342083673723,0.11439305130028898,0.14189934413196664,0.0028755678764200007,0.1424960676486464,0.13908128761307503,0.14471740065085825,16.154542691167503,1.9848758481360285,16.765575457615697,14.209364359994195,18.099721022340812,0.016601562499999927,0.0026074198430339544,0.01653645833333325,0.014046291053826652,0.019156833946173204,16382.837684068149,2371.4046302331553,16526.153825790432,14058.861146439656,18706.81422169664,5.887630208333333,0.09649752379852826,5.841666666666667,5.7930626350107755,5.982197781655891,1.121527777777778,0.04726985614968088,1.1319444444444444,1.0752033187510905,1.1678522368044653,0.5024305555555555,0.0602674829064959,0.49375,0.44336842230718954,0.5614926888039214,0.2502979831521549,0.10371424197948612,0.26417910447761195,0.14865802601225853,0.3519379402920513,0.4405495864407468,0.10161226772315242,0.41036414565826324,0.3409695640720575,0.5401296088094362,1.0565972222222224,0.05182342557446012,1.0381944444444444,1.0058102651592515,1.1073841792851933,0.27989583333333334,0.024016234381952738,0.2711111111111111,0.25635992363901966,0.303431743027647,0.32344164519557256,0.006710856262604506,0.32147860500060055,0.31686500605822016,0.33001828433292496,0.35829774589077634,0.008852129714365681,0.361011626401348,0.349622658770698,0.3669728330108547,195.71813919307797,4.129886095563816,195.24870240617923,191.67085081942543,199.76542756673052,11.368000949320315,0.46532133171688533,11.226482368322234,10.911986044237768,11.824015854402862,0.09632941896178142,0.004537562298333458,0.0953322225854755,0.09188260790941463,0.1007762300141482,0.09632941896178142,0.004537562298333458,0.0953322225854755,0.09188260790941463,0.1007762300141482,0.35486111111111107,0.01721699442758061,0.35833333333333334,0.3379884565720821,0.37173376565014005,0.1,0.0,0.1,0.1,0.1,700.0,0.0,700.0,700.0,700.0,0.08,0.0,0.08,0.08,0.08,0.1,0.0,0.1,0.1,0.1,30.0,0.0,30.0,30.0,30.0,720.0,0.0,720.0,720.0,720.0,16.0,0.0,16.0,16.0,16.0,120.0,0.0,120.0,120.0,120.0,0.2319868849597948,0.019053728024218144,0.22737600267541735,0.21331423149606102,0.25065953842352856,0.30761605158284366,0.06358372693744621,0.31377398029661285,0.2453039991841464,0.36992810398154097,0.4888888888888888,0.05163230637622522,0.49791666666666656,0.4382892286401881,0.5394885491375896,1.652223296600975,0.4259479923360423,1.7229585896023973,1.2347942641116536,2.0696523290902964,0.5396029365426385,0.06341377337519731,0.5529835354841821,0.4774574386349451,0.6017484344503319,0.5677083333333334,0.06849700926155665,0.5819444444444445,0.5005812642570079,0.6348354024096589
role_aware,0.15,300,high,0.6924494314752765,0.0028374683148851966,0.6937014994300368,0.689668712526689,0.6952301504238639,0.2496524686579924,0.0014060936949312922,0.25026563689749814,0.24827449683695973,0.25103044047902506,369.64112925139807,7.376361064284327,367.84017867457226,362.4122954083994,376.8699630943967,466.479791238203,9.630717579760693,469.04412849426086,457.04168801003755,475.91789446636847,0.115074973506169,0.0010772102549240705,0.11534612241141326,0.11401930745634342,0.11613063955599459,0.13953507585996475,0.004964493502165617,0.13959764964438215,0.13466987222784244,0.14440027949208706,10.14637463269161,1.0507114850244628,10.318068936120046,9.116677377367637,11.176071888015585,0.020703124999999975,0.002599822765949994,0.02031249999999995,0.018155298689368982,0.023250951310630968,4545.924264646339,632.8317143271966,4398.7447875756425,3925.7491846056864,5166.099344686992,5.901953125,0.06780891967634865,5.8760416666666675,5.835500383717179,5.968405866282822,1.1006944444444444,0.10840156920340834,1.0833333333333333,0.9944609066251042,1.2069279822637846,0.4826388888888889,0.1396714067082159,0.4708333333333333,0.34576091031483736,0.6195168674629404,0.46524798730681083,0.16314684203004698,0.461038961038961,0.30536408211736477,0.6251318924962569,0.3438921047737934,0.06880344577970424,0.34502159581723113,0.27646472790968324,0.41131948163790355,1.594097222222222,0.038928138262183366,1.5930555555555554,1.5559476467252824,1.6322467977191617,0.2842708333333333,0.008898558831621854,0.2803472222222222,0.2755502456783439,0.2929914209883227,0.3146815246517244,0.009753381322268074,0.3133777134445802,0.30512321095590167,0.3242398383475471,0.3580728689431869,0.019523642239481265,0.3586048299873923,0.3389396995484953,0.3772060383378785,145.4842352605738,5.597495866680493,144.76326530025486,139.9986893112269,150.96978120992068,11.790452731694359,0.3730309533029695,11.801928227731093,11.424882397457448,12.156023065931269,0.09612873389947,0.011202104776806499,0.09418847147235254,0.08515067121819964,0.10710679658074038,0.09612873389947,0.011202104776806499,0.09418847147235254,0.08515067121819964,0.10710679658074038,0.36805555555555547,0.01647263599505297,0.3673611111111111,0.35191237228040356,0.3841987388307074,0.15,0.0,0.15,0.15,0.15,300.0,0.0,300.0,300.0,300.0,0.45,0.0,0.45,0.45,0.45,0.1,0.0,0.1,0.1,0.1,30.0,0.0,30.0,30.0,30.0,720.0,0.0,720.0,720.0,720.0,16.0,0.0,16.0,16.0,16.0,120.0,0.0,120.0,120.0,120.0,0.26152590772461454,0.04385717355819315,0.25712181154443575,0.21854587763758526,0.3045059378116438,0.29045842747978456,0.09197355450451901,0.31154699985928125,0.20032434406535593,0.3805925108942132,0.3114583333333333,0.1167623890819095,0.313888888888889,0.19703119203306196,0.4258854746336046,1.0624063490434925,0.10124614752341206,1.0633411758595437,0.9631851244705487,1.1616275736164363,0.5519843352043992,0.054881748770372746,0.5649235895715159,0.4982002214094339,0.6057684489993644,1.2826388888888887,0.10670367317160524,1.2680555555555555,1.1780692891807156,1.3872084885970617
role_aware,0.15,300,low,0.696575316813726,0.003554986964768562,0.6966708914272487,0.6930914295882528,0.7000592040391992,0.25168624049613686,0.0017400850248323065,0.2517406552282254,0.2499809571718012,0.25339152382047253,369.2277809628403,8.126858177539798,367.5251390166528,361.26345994885133,377.1921019768293,465.77813251018443,9.66601740164374,466.55330681770835,456.30543545657355,475.2508295637953,0.11328573944816225,0.0005042889138059842,0.1134078212819544,0.11279153631263239,0.11377994258369212,0.13368960107242306,0.003152953733173239,0.13438533717933987,0.13059970641391327,0.13677949573093284,9.31355897556152,1.4518964028497887,9.58611565631558,7.890700500768727,10.736417450354313,0.012239583333333326,0.0022401888716256724,0.0125,0.010044198239140167,0.014434968427526486,4386.253394325396,762.3187484583822,4600.6782781534075,3639.1810208361812,5133.32576781461,5.925781249999999,0.04813600914240174,5.938281249999999,5.878607961040445,5.972954538959553,1.0659722222222223,0.052429405800491304,1.0555555555555556,1.0145914045377409,1.1173530399067038,0.38159722222222225,0.04001952648395532,0.3694444444444444,0.342378086267946,0.4208163581764985,0.3163715098783748,0.04901580995128271,0.3022774327122153,0.26833601612611774,0.3644070036306319,0.3721164916231243,0.06355011379831509,0.3858560794044665,0.30983738010077555,0.4343956031454731,1.5569444444444445,0.11168255829430357,1.5534722222222221,1.447495537316027,1.666393351572862,0.2892361111111111,0.01719625431747976,0.2890972222222222,0.2723837818799809,0.30608844034224125,0.30765741264764157,0.017477219429099907,0.308804969274284,0.29052973760712364,0.3247850876881595,0.3428824524010793,0.017941127365213323,0.3395260197093123,0.3253001475831702,0.36046475721898835,145.607799731259,5.348610305393769,144.87482918562603,140.3661616319731,150.8494378305449,11.217208014208804,0.4505887896968822,11.412225468841868,10.775631000305859,11.65878502811175,0.08719191450766678,0.0026118868467519822,0.08644018782736959,0.08463226539784983,0.08975156361748372,0.08719191450766678,0.0026118868467519822,0.08644018782736959,0.08463226539784983,0.08975156361748372,0.3374999999999999,0.03017439025333396,0.3430555555555555,0.30792909755173264,0.3670709024482672,0.15,0.0,0.15,0.15,0.15,300.0,0.0,300.0,300.0,300.0,0.08,0.0,0.08,0.08,0.08,0.1,0.0,0.1,0.1,0.1,30.0,0.0,30.0,30.0,30.0,720.0,0.0,720.0,720.0,720.0,16.0,0.0,16.0,16.0,16.0,120.0,0.0,120.0,120.0,120.0,0.2269412270438826,0.012228341843557863,0.231474947844609,0.21495745203719588,0.2389250020505693,0.2884174506963904,0.11438623244100167,0.2875167339702096,0.17631894290420877,0.400515958488572,0.2385416666666666,0.1136819201144375,0.27777777777777757,0.12713338495451784,0.3499499483788153,0.8045632274870969,0.28499911057696153,0.7983910654149572,0.5252640991216746,1.083862355852519,0.515358677740273,0.11304815758538136,0.5079309310159182,0.40457148330659926,0.6261458721739468,1.3184027777777778,0.15833891721797674,1.2951388888888888,1.1632306389041607,1.473574916651395
role_aware,0.15,700,high,0.6936170675800553,0.003115875515571848,0.6933522858696339,0.6905635095747948,0.6966706255853157,0.25020194492630043,0.0015178669280165157,0.2500627009278858,0.24871443533684426,0.25168945451575664,461.41149455864024,19.015544803646627,457.56894104268315,442.77626065106654,480.04672846621395,617.4777934320525,29.36858405882156,622.51608462496,588.6965810544074,646.2590058096977,0.11458444784078432,0.001119081731283098,0.11431368746979484,0.11348774774412689,0.11568114793744176,0.1460810252728601,0.005019408128420752,0.14583956986788865,0.14116200530700776,0.15100004523871244,13.76548906150741,0.45803802113979586,13.740453471253662,13.31661180079041,14.214366322224409,0.01757812499999995,0.002275233059389099,0.01679687499999995,0.015348396601798635,0.019807853398201267,14653.09980374005,1504.2279605325489,14433.62037122465,13178.95640241815,16127.243205061948,5.9328125,0.07501567158798411,5.911979166666667,5.859297141843776,6.006327858156224,1.15625,0.04299577690047845,1.1666666666666665,1.114114138637531,1.198385861362469,0.5277777777777778,0.031569865039319106,0.5208333333333333,0.4968393100392451,0.5587162455163105,0.3947828487302171,0.22787679270574862,0.3831168831168831,0.17146359187858343,0.6181021055818507,0.3534227316118728,0.11537604978522914,0.3518413275744487,0.24035420282234826,0.4664912604013974,1.0763888888888888,0.0909200797698165,1.0805555555555557,0.9872872107144687,1.1654905670633091,0.2894444444444444,0.013151733991983163,0.28624999999999995,0.2765557451323009,0.3023331437565879,0.3294856342173609,0.013363003827784846,0.32892117321352077,0.31638989046613175,0.34258137796859,0.36853281450821257,0.011092680557453133,0.36477733885894825,0.3576619875619085,0.37940364145451666,208.2354768087842,9.713506458274656,206.28414686605865,198.71624047967504,217.75471313789336,11.41969349025864,0.1400306042436267,11.385647262335873,11.282463498099885,11.556923482417394,0.10008032805743552,0.0029166622710910407,0.10062233167028214,0.0972219990317663,0.10293865708310475,0.10008032805743552,0.0029166622710910407,0.10062233167028214,0.0972219990317663,0.10293865708310475,0.3770833333333333,0.017179606773406946,0.375,0.3602473186953945,0.39391934797127215,0.15,0.0,0.15,0.15,0.15,700.0,0.0,700.0,700.0,700.0,0.45,0.0,0.45,0.45,0.45,0.1,0.0,0.1,0.1,0.1,30.0,0.0,30.0,30.0,30.0,720.0,0.0,720.0,720.0,720.0,16.0,0.0,16.0,16.0,16.0,120.0,0.0,120.0,120.0,120.0,0.23656411621192316,0.02914886421779143,0.2452506730904505,0.20799822927848757,0.2651300031453588,0.2790477115184363,0.09570147288818044,0.2976947787814893,0.1852602680880195,0.37283515494885316,0.5024305555555556,0.09456266429952083,0.5263888888888889,0.4097591445420252,0.595101966569086,1.9043410137273282,0.4093024632242316,1.8440389182334385,1.5032245997675813,2.305457427687075,0.5156118277303594,0.07625254366967203,0.535875815926979,0.4408843349340808,0.590339320526638,0.5739583333333333,0.02288859110737613,0.5743055555555556,0.5515275140481047,0.596389152618562
role_aware,0.15,700,low,0.7002956555602957,0.003237866722096366,0.6993695774076054,0.6971225461726412,0.7034687649479502,0.2535122267016426,0.0015457989154442633,0.2531004985791387,0.2519973437645072,0.25502710963877795,462.2743381012834,18.115264558615923,459.3551567804542,444.5213788338398,480.027297368727,618.6614951637873,29.329553810607102,624.1706995938939,589.9185324293924,647.4044578981823,0.11291560727514555,0.00033694864908131024,0.1130447017418974,0.11258539759904586,0.11324581695124523,0.14232153371575762,0.006148274893151408,0.14430605981280695,0.13629622432046923,0.148346843111046,13.627482989931734,0.4676598074455815,13.67598469079682,13.169176378635063,14.085789601228404,0.014843749999999975,0.00563768502816998,0.0134114583333333,0.009318818672393394,0.020368681327606556,13796.693428745582,1049.43077891661,13999.542006627282,12768.251265407305,14825.13559208386,5.950260416666667,0.06463581536943892,5.942708333333333,5.886917317604617,6.013603515728716,1.1180555555555554,0.06464925946189329,1.1319444444444444,1.0546992812829,1.1814118298282108,0.41215277777777776,0.05978544242133202,0.4097222222222222,0.3535630442048724,0.4707425113506831,0.2054029304029304,0.018800346227880543,0.20256410256410257,0.18697859109960746,0.22382726970625333,0.3900029256968884,0.08098212592392372,0.4035566583953681,0.31064044229144316,0.4693654091023336,1.0666666666666669,0.1658389942578672,1.0430555555555556,0.904144452293957,1.2291888810393767,0.28930555555555554,0.013481049036613292,0.28916666666666657,0.2760941274996745,0.3025169836114366,0.3216744076692114,0.0179783670263242,0.32438922703444073,0.3040556079834137,0.3392932073550091,0.35789067659466123,0.005173215921315559,0.3574940407231719,0.352820924991772,0.3629604281975505,208.3490178555658,9.74806718030382,206.39932681649503,198.79591201886805,217.90212369226353,10.886168461903841,0.18591857502062253,10.95100156250777,10.70396825838363,11.068368665424051,0.09006058823722568,0.004521875768384103,0.0900526766255783,0.08562914998420926,0.0944920264902421,0.09006058823722568,0.004521875768384103,0.0900526766255783,0.08562914998420926,0.0944920264902421,0.3451388888888889,0.009918650595198367,0.3423611111111111,0.33541861130559447,0.3548591664721833,0.15,0.0,0.15,0.15,0.15,700.0,0.0,700.0,700.0,700.0,0.08,0.0,0.08,0.08,0.08,0.1,0.0,0.1,0.1,0.1,30.0,0.0,30.0,30.0,30.0,720.0,0.0,720.0,720.0,720.0,16.0,0.0,16.0,16.0,16.0,120.0,0.0,120.0,120.0,120.0,0.21003796559018856,0.016692622678006894,0.20993658726428222,0.1936791953657418,0.22639673581463532,0.2796487485132179,0.09756193842083674,0.28140667688927035,0.18403804886079791,0.37525944816563794,0.3892361111111112,0.10630445227775778,0.37083333333333346,0.2850577478789086,0.49341447434331387,1.53228815211193,0.6566717809369821,1.448681260272224,0.8887498067936876,2.1758264974301724,0.4896867141034065,0.10646985125130708,0.5023970453239528,0.38534625987712556,0.5940271683296874,0.6774305555555555,0.07766505555209155,0.6798611111111111,0.6013188011145059,0.7535423099966052
