profile,seed,rating,policy,scenario,n_matches,prediction_log_loss,brier_score,rating_mae,rating_rmse,rating_volatility,expected_winprob_deviation,team_mmr_gap,role_mismatch_rate,within_team_variance,waiting_time_proxy,unfair_match_exposure,repeated_large_gap_exposure,new_player_unfair_exposure,low_activity_unfair_exposure,smurf_victimization,waiting_time_frustration,tail_unfairness_p95,cvar_unfairness_worst5,visible_rank_volatility,mmr_rank_divergence,exposure_risk_index,churn_risk_proxy,loss_streak_exposure,task_id,smurf_ratio,smurf_skill_gap,role_scarcity,role_scarcity_level,new_player_ratio,candidate_pool_size,n_players,days,matches_per_day,fairness_debt,fairness_debt_reduction_vs_nearest,smurf_victimization_delta_vs_nearest,risk_transfer_index,nearest_debt,nearest_smurf
risk_transfer,601,dynamic_k,nearest,risk_transfer,624,0.6942293044347847,0.2505401489518832,328.4924945492764,409.24556812712456,0.1304962213507237,0.2234351764750741,42.94251539956624,0.0229967948717948,53.05771516689494,5.999679487179487,1.775,0.9597222222222224,1.492063492063492,0.75,0.0,0.4659722222222222,0.4427592963118409,0.4635912198436444,123.05709164399714,17.461477351515377,0.1598688229569512,0.1598688229569512,0.4958333333333333,risk_seed601_sr0.0_gap300_low_nearest,0.0,300,low,0.08,0.1,30,720,16,120,0.4463146850470218,0.0,0.0,0.0,0.4463146850470218,0.0
risk_transfer,601,dynamic_k,nearest,risk_transfer,948,0.6933793827916397,0.2501078053368273,328.2366646862685,408.1945166954182,0.1447816383925052,0.2197031435119841,49.72761277670181,0.0113396624472573,24.21898597331048,6.124894514767932,2.1166666666666667,1.2194444444444446,1.5333333333333334,0.875,0.0,0.5604166666666667,0.4405324907741361,0.4609917013050126,123.30637565724928,19.88472210438268,0.195513568329715,0.195513568329715,0.6458333333333334,risk_seed601_sr0.0_gap300_high_nearest,0.0,300,high,0.45,0.1,30,720,16,120,0.49876379006336125,0.0,0.0,0.0,0.49876379006336125,0.0
risk_transfer,601,dynamic_k,nearest,risk_transfer,624,0.6942293044347847,0.2505401489518832,328.4924945492764,409.24556812712456,0.1304962213507237,0.2234351764750741,42.94251539956624,0.0229967948717948,53.05771516689494,5.999679487179487,1.775,0.9597222222222224,1.492063492063492,0.75,0.0,0.4659722222222222,0.4427592963118409,0.4635912198436444,123.05709164399714,17.461477351515377,0.1598688229569512,0.1598688229569512,0.4958333333333333,risk_seed601_sr0.0_gap700_low_nearest,0.0,700,low,0.08,0.1,30,720,16,120,0.4463146850470218,0.0,0.0,0.0,0.4463146850470218,0.0
risk_transfer,601,dynamic_k,nearest,risk_transfer,948,0.6933793827916397,0.2501078053368273,328.2366646862685,408.1945166954182,0.1447816383925052,0.2197031435119841,49.72761277670181,0.0113396624472573,24.21898597331048,6.124894514767932,2.1166666666666667,1.2194444444444446,1.5333333333333334,0.875,0.0,0.5604166666666667,0.4405324907741361,0.4609917013050126,123.30637565724928,19.88472210438268,0.195513568329715,0.195513568329715,0.6458333333333334,risk_seed601_sr0.0_gap700_high_nearest,0.0,700,high,0.45,0.1,30,720,16,120,0.49876379006336125,0.0,0.0,0.0,0.49876379006336125,0.0
risk_transfer,601,dynamic_k,nearest,risk_transfer,732,0.6947514550986515,0.2507676507474781,326.77049600431724,410.3920177031641,0.1344017611465302,0.2172747258983205,46.16736386865966,0.0187158469945355,75.98562756200646,5.991256830601094,1.7666666666666666,0.8236111111111111,1.7540983606557377,0.6309523809523809,0.6625,0.4979166666666667,0.4514167224947066,0.4672383466756052,134.7968532089404,16.43156134627743,0.1521228791876251,0.1521228791876251,0.4986111111111111,risk_seed601_sr0.02_gap300_low_nearest,0.02,300,low,0.08,0.1,30,720,16,120,0.4722311140811654,0.0,0.0,0.0,0.4722311140811654,0.6625
risk_transfer,601,dynamic_k,role_aware,risk_transfer,192,0.6928465972097002,0.2498562912781834,341.1400024561221,423.85212410629225,0.1161058126123857,0.1245661325691155,9.20066653547524,0.01484375,3095.0944076369165,5.8328125,0.9305555555555556,0.3541666666666667,0.4761904761904761,0.3863636363636363,0.0,0.2711111111111111,0.2576825538743985,0.2952321091512188,122.5553860817316,12.442867046550754,0.0848415162157365,0.0848415162157365,0.3791666666666666,risk_seed601_sr0.0_gap300_high_role_aware,0.0,300,high,0.45,0.1,30,720,16,120,0.08535230277402066,0.4134114872893406,0.0,0.0,0.49876379006336125,0.0
risk_transfer,601,dynamic_k,multi_objective_without_smurf_penalty,risk_transfer,192,0.6939721240821383,0.2504109016114931,341.42290330353933,424.6114700521971,0.1164467874389087,0.1233739953552497,5.745048349682363,0.0559895833333333,3108.3689309937195,5.730729166666666,0.875,0.2805555555555555,0.417910447761194,0.3409090909090909,0.0,0.24625,0.2912541347873014,0.3244187576559514,122.3261373321186,12.040797692012616,0.0773681286477263,0.0773681286477263,0.3694444444444444,risk_seed601_sr0.0_gap300_high_multi_objective_without_smurf_penalty,0.0,300,high,0.45,0.1,30,720,16,120,0.1496822241827132,0.34908156588064804,0.0,0.0,0.49876379006336125,0.0
risk_transfer,601,dynamic_k,role_aware,risk_transfer,192,0.6928465972097002,0.2498562912781834,341.1400024561221,423.85212410629225,0.1161058126123857,0.1245661325691155,9.20066653547524,0.01484375,3095.0944076369165,5.8328125,0.9305555555555556,0.3541666666666667,0.4761904761904761,0.3863636363636363,0.0,0.2711111111111111,0.2576825538743985,0.2952321091512188,122.5553860817316,12.442867046550754,0.0848415162157365,0.0848415162157365,0.3791666666666666,risk_seed601_sr0.0_gap700_high_role_aware,0.0,700,high,0.45,0.1,30,720,16,120,0.08535230277402066,0.4134114872893406,0.0,0.0,0.49876379006336125,0.0
risk_transfer,601,dynamic_k,nearest,risk_transfer,840,0.6928882605869948,0.2498716445683005,326.4195540537011,407.89537747054726,0.1402748305018656,0.2227440364040295,48.44470086008528,0.0158333333333333,69.76326556881072,5.966428571428572,1.975,1.0930555555555554,2.4444444444444446,0.6904761904761905,0.5111111111111111,0.5220833333333333,0.454653091112383,0.4713477924289621,133.71480870722925,19.11431182916612,0.1810657584607043,0.1810657584607043,0.5902777777777778,risk_seed601_sr0.02_gap300_high_nearest,0.02,300,high,0.45,0.1,30,720,16,120,0.5419751051650172,0.0,0.0,0.0,0.5419751051650172,0.5111111111111111
risk_transfer,601,dynamic_k,multi_objective_without_smurf_penalty,risk_transfer,192,0.6939721240821383,0.2504109016114931,341.42290330353933,424.6114700521971,0.1164467874389087,0.1233739953552497,5.745048349682363,0.0559895833333333,3108.3689309937195,5.730729166666666,0.875,0.2805555555555555,0.417910447761194,0.3409090909090909,0.0,0.24625,0.2912541347873014,0.3244187576559514,122.3261373321186,12.040797692012616,0.0773681286477263,0.0773681286477263,0.3694444444444444,risk_seed601_sr0.0_gap700_high_multi_objective_without_smurf_penalty,0.0,700,high,0.45,0.1,30,720,16,120,0.1496822241827132,0.34908156588064804,0.0,0.0,0.49876379006336125,0.0
risk_transfer,601,dynamic_k,multi_objective_with_smurf_exposure_penalty,risk_transfer,192,0.6918620768205755,0.2493645157754266,340.91791390223926,423.2491612911584,0.1163888746252041,0.124302875111948,7.727486096010231,0.0598958333333333,2762.0953631682555,5.768229166666667,0.9305555555555556,0.3069444444444444,0.6212121212121212,0.3295454545454545,0.0,0.2526388888888888,0.2685781513719953,0.3279832484889599,122.70979186197656,12.578800710470928,0.0808524439212915,0.0808524439212915,0.3583333333333333,risk_seed601_sr0.0_gap700_high_multi_objective_with_smurf_exposure_penalty,0.0,700,high,0.45,0.1,30,720,16,120,0.15513893615331636,0.3436248539100449,0.0,0.0,0.49876379006336125,0.0
risk_transfer,601,dynamic_k,multi_objective_with_smurf_exposure_penalty,risk_transfer,192,0.6960927957488144,0.2514659918179245,336.8352269888264,419.2002458743022,0.1144072788691999,0.1277303411313832,6.883060495057303,0.06015625,2900.481188365273,5.914583333333333,0.9722222222222222,0.3055555555555556,0.2923076923076923,0.4545454545454545,0.0,0.2866666666666666,0.2742340313757536,0.3164642002922535,122.66053461514058,12.163516265436282,0.0824552617512261,0.0824552617512261,0.3611111111111111,risk_seed601_sr0.0_gap300_low_multi_objective_with_smurf_exposure_penalty,0.0,300,low,0.08,0.1,30,720,16,120,0.16696804602316798,0.2793466390238538,0.0,0.0,0.4463146850470218,0.0
risk_transfer,601,dynamic_k,role_aware,risk_transfer,192,0.6950371445808825,0.2509391393797485,339.3245513672184,421.6972350153112,0.1135797283103588,0.1332888317112033,6.657901856152068,0.0104166666666666,2452.911331345225,5.929166666666667,1.0694444444444444,0.3944444444444444,0.4769230769230769,0.3977272727272727,0.0,0.2904166666666666,0.2844972382913094,0.3188922128636878,123.08913953317732,11.370060121297223,0.088364806670287,0.088364806670287,0.3291666666666666,risk_seed601_sr0.0_gap300_low_role_aware,0.0,300,low,0.08,0.1,30,720,16,120,0.11235010148543449,0.3339645835615873,0.0,0.0,0.4463146850470218,0.0
risk_transfer,601,dynamic_k,multi_objective_without_smurf_penalty,risk_transfer,192,0.6935561530750993,0.2502053496456954,337.0513912593747,420.6143630073727,0.113979162055043,0.1139933197729211,5.338499419018652,0.0466145833333333,2701.3490663148154,5.8656250000000005,0.7916666666666666,0.2638888888888889,0.4029850746268656,0.375,0.0,0.2740277777777778,0.272845221861942,0.3113015547393806,122.90601937887004,11.068551439736694,0.0723037470543356,0.0723037470543356,0.3236111111111111,risk_seed601_sr0.0_gap300_low_multi_objective_without_smurf_penalty,0.0,300,low,0.08,0.1,30,720,16,120,0.12008120913968777,0.32623347590733404,0.0,0.0,0.4463146850470218,0.0
risk_transfer,601,dynamic_k,multi_objective_with_smurf_exposure_penalty,risk_transfer,192,0.6918620768205755,0.2493645157754266,340.91791390223926,423.2491612911584,0.1163888746252041,0.124302875111948,7.727486096010231,0.0598958333333333,2762.0953631682555,5.768229166666667,0.9305555555555556,0.3069444444444444,0.6212121212121212,0.3295454545454545,0.0,0.2526388888888888,0.2685781513719953,0.3279832484889599,122.70979186197656,12.578800710470928,0.0808524439212915,0.0808524439212915,0.3583333333333333,risk_seed601_sr0.0_gap300_high_multi_objective_with_smurf_exposure_penalty,0.0,300,high,0.45,0.1,30,720,16,120,0.15513893615331636,0.3436248539100449,0.0,0.0,0.49876379006336125,0.0
risk_transfer,601,dynamic_k,role_aware,risk_transfer,192,0.6950371445808825,0.2509391393797485,339.3245513672184,421.6972350153112,0.1135797283103588,0.1332888317112033,6.657901856152068,0.0104166666666666,2452.911331345225,5.929166666666667,1.0694444444444444,0.3944444444444444,0.4769230769230769,0.3977272727272727,0.0,0.2904166666666666,0.2844972382913094,0.3188922128636878,123.08913953317732,11.370060121297223,0.088364806670287,0.088364806670287,0.3291666666666666,risk_seed601_sr0.0_gap700_low_role_aware,0.0,700,low,0.08,0.1,30,720,16,120,0.11235010148543449,0.3339645835615873,0.0,0.0,0.4463146850470218,0.0
risk_transfer,601,dynamic_k,multi_objective_without_smurf_penalty,risk_transfer,192,0.6935561530750993,0.2502053496456954,337.0513912593747,420.6143630073727,0.113979162055043,0.1139933197729211,5.338499419018652,0.0466145833333333,2701.3490663148154,5.8656250000000005,0.7916666666666666,0.2638888888888889,0.4029850746268656,0.375,0.0,0.2740277777777778,0.272845221861942,0.3113015547393806,122.90601937887004,11.068551439736694,0.0723037470543356,0.0723037470543356,0.3236111111111111,risk_seed601_sr0.0_gap700_low_multi_objective_without_smurf_penalty,0.0,700,low,0.08,0.1,30,720,16,120,0.12008120913968777,0.32623347590733404,0.0,0.0,0.4463146850470218,0.0
risk_transfer,601,dynamic_k,nearest,risk_transfer,732,0.6956099854531888,0.2510809563475327,338.3182727911992,429.3537729285972,0.1344069130445412,0.2250922377781108,46.51824282257258,0.0187841530054644,266.7622952593489,5.991256830601094,1.9527777777777773,1.0027777777777778,1.540983606557377,0.7261904761904762,0.1708333333333333,0.4979166666666667,0.4529079325198449,0.4714415765719547,145.8492115203306,16.566108013749968,0.1673540339886728,0.1673540339886728,0.4861111111111111,risk_seed601_sr0.02_gap700_low_nearest,0.02,700,low,0.08,0.1,30,720,16,120,0.47448371383269716,0.0,0.0,0.0,0.47448371383269716,0.1708333333333333
risk_transfer,601,dynamic_k,multi_objective_with_smurf_exposure_penalty,risk_transfer,192,0.6960927957488144,0.2514659918179245,336.8352269888264,419.2002458743022,0.1144072788691999,0.1277303411313832,6.883060495057303,0.06015625,2900.481188365273,5.914583333333333,0.9722222222222222,0.3055555555555556,0.2923076923076923,0.4545454545454545,0.0,0.2866666666666666,0.2742340313757536,0.3164642002922535,122.66053461514058,12.163516265436282,0.0824552617512261,0.0824552617512261,0.3611111111111111,risk_seed601_sr0.0_gap700_low_multi_objective_with_smurf_exposure_penalty,0.0,700,low,0.08,0.1,30,720,16,120,0.16696804602316798,0.2793466390238538,0.0,0.0,0.4463146850470218,0.0
risk_transfer,601,dynamic_k,nearest,risk_transfer,840,0.6926094022691313,0.2497310101631604,337.11422420526014,429.162244543959,0.1399677559503986,0.2276666232996892,48.49526654950546,0.0154761904761904,194.698039079308,5.966428571428572,2.1,1.3111111111111111,2.3015873015873014,0.8809523809523809,0.2208333333333333,0.5220833333333333,0.453176404823335,0.4734560898439841,145.36875069763846,18.994214295504253,0.1961635344647624,0.1961635344647624,0.5722222222222222,risk_seed601_sr0.02_gap700_high_nearest,0.02,700,high,0.45,0.1,30,720,16,120,0.5734303996193404,0.0,0.0,0.0,0.5734303996193404,0.2208333333333333
risk_transfer,601,dynamic_k,nearest,risk_transfer,1164,0.6939754665726531,0.2504031386019653,332.5006816595826,412.9628635714614,0.1457233562745369,0.2381399009352156,51.871856840775614,0.0074312714776632,18.098422012732406,5.990635738831615,2.6416666666666666,1.6430555555555555,2.982456140350877,0.8571428571428571,0.7555555555555555,0.6331944444444444,0.4556945344163545,0.4756670085228953,126.93032698369468,19.06839545347567,0.2334938753399694,0.2334938753399694,0.5930555555555556,risk_seed601_sr0.05_gap300_low_nearest,0.05,300,low,0.08,0.1,30,720,16,120,0.7002277055088503,0.0,0.0,0.0,0.7002277055088503,0.7555555555555555
risk_transfer,601,dynamic_k,role_aware,risk_transfer,192,0.6901576420982122,0.2485050508838296,337.0786523944872,423.5349029415625,0.1130091022833786,0.1245282933637214,8.752743120834142,0.0111979166666666,3963.4408064576,6.017187500000001,0.9444444444444444,0.3333333333333333,0.65625,0.2738095238095238,0.8027777777777778,0.3044444444444444,0.2840131979256548,0.3212336384251288,134.17266801096733,10.8053366828825,0.080754997256366,0.080754997256366,0.3291666666666666,risk_seed601_sr0.02_gap300_low_role_aware,0.02,300,low,0.08,0.1,30,720,16,120,0.14315082839344692,0.3290802856877185,0.14027777777777783,0.42627220127946147,0.4722311140811654,0.6625
risk_transfer,601,dynamic_k,multi_objective_with_smurf_exposure_penalty,risk_transfer,192,0.699386366620672,0.2530974849263257,335.2023459171216,420.9401063074846,0.1131161296944042,0.1272645200886466,9.516379964176991,0.07265625,3965.824772709078,6.026562500000001,0.9583333333333334,0.3833333333333333,0.4393939393939394,0.369047619047619,0.4,0.3030555555555556,0.297848508178774,0.3347025666073985,134.26546807852753,11.42761180908123,0.0852713801236394,0.0852713801236394,0.3361111111111111,risk_seed601_sr0.02_gap300_low_multi_objective_with_smurf_exposure_penalty,0.02,300,low,0.08,0.1,30,720,16,120,0.2290957254534929,0.2431353886276725,-0.26249999999999996,-1.079645383922213,0.4722311140811654,0.6625
risk_transfer,601,dynamic_k,multi_objective_without_smurf_penalty,risk_transfer,192,0.6912940263705076,0.2490833187746312,337.0033237716257,423.2815748042845,0.1132097881084284,0.1359934470011586,8.14027878669082,0.0526041666666666,4097.340839649873,5.9875,1.125,0.5416666666666666,0.6764705882352942,0.3095238095238095,0.5444444444444444,0.2972222222222222,0.3009825684353889,0.3300514450892107,134.82854649576765,10.990565178435023,0.0972934766223064,0.0972934766223064,0.3097222222222222,risk_seed601_sr0.02_gap300_low_multi_objective_without_smurf_penalty,0.02,300,low,0.08,0.1,30,720,16,120,0.23922389539221886,0.23300721868894655,-0.11805555555555558,-0.5066605069998028,0.4722311140811654,0.6625
risk_transfer,601,dynamic_k,nearest,risk_transfer,732,0.6929686948984229,0.249913511245171,341.44902588834907,423.0119667214194,0.1357880208481204,0.2262699808644501,46.127983245464456,0.0188524590163934,46.06793615204727,6.057650273224043,1.8416666666666663,0.9486111111111112,2.0476190476190474,0.7252747252747253,1.0777777777777775,0.5013888888888889,0.4517140768073867,0.4704426731601737,125.9565468355648,19.39585691916755,0.1684052884815577,0.1684052884815577,0.5958333333333333,risk_seed601_sr0.05_gap300_high_nearest,0.05,300,high,0.45,0.1,30,720,16,120,0.5481401549448136,0.0,0.0,0.0,0.5481401549448136,1.0777777777777775
risk_transfer,601,dynamic_k,role_aware,risk_transfer,192,0.6965538354301497,0.2517000943980944,335.8154394941937,421.2984745209024,0.1160400301361149,0.1301786020903353,7.176654807371858,0.01640625,4014.184513094968,5.888020833333333,1.0833333333333333,0.4097222222222222,0.9230769230769232,0.3571428571428571,0.8041666666666667,0.2730555555555555,0.3057676536917856,0.3533644611378118,133.78554407870425,11.98840718677054,0.0917859703711479,0.0917859703711479,0.3875,risk_seed601_sr0.02_gap300_high_role_aware,0.02,300,high,0.45,0.1,30,720,16,120,0.20924199353547634,0.3327331116295409,0.2930555555555556,0.8807526071581312,0.5419751051650172,0.5111111111111111
risk_transfer,601,dynamic_k,multi_objective_with_smurf_exposure_penalty,risk_transfer,192,0.6968691660136298,0.2518802601957095,338.5090782610088,422.8806248770833,0.1160368341845418,0.1262941545367088,10.810925167557116,0.0760416666666666,4719.924491131262,5.884375,0.9027777777777778,0.3319444444444444,0.746268656716418,0.2619047619047619,0.3958333333333333,0.2786111111111111,0.2881795837326525,0.3407427570248921,133.7114654118143,12.475884060871635,0.083237675809911,0.083237675809911,0.3777777777777777,risk_seed601_sr0.02_gap300_high_multi_objective_with_smurf_exposure_penalty,0.02,300,high,0.45,0.1,30,720,16,120,0.21590882143118575,0.3260662837338315,-0.11527777777777776,-0.3535409317937307,0.5419751051650172,0.5111111111111111
risk_transfer,601,dynamic_k,multi_objective_without_smurf_penalty,risk_transfer,192,0.6920203139407901,0.2494405482503312,336.0153511206255,419.7594396760073,0.1159509140040488,0.1494094135812349,6.936616241360316,0.0611979166666666,4034.028692892756,5.911979166666666,1.1805555555555556,0.4666666666666667,0.7205882352941176,0.5238095238095238,0.7638888888888888,0.2763888888888889,0.3190635562242888,0.3547457597469255,134.0040441517622,12.117343096321434,0.0975084219099659,0.0975084219099659,0.3791666666666666,risk_seed601_sr0.02_gap300_high_multi_objective_without_smurf_penalty,0.02,300,high,0.45,0.1,30,720,16,120,0.3139670209642696,0.22800808420074764,0.25277777777777777,1.1086351550378446,0.5419751051650172,0.5111111111111111
risk_transfer,601,dynamic_k,role_aware,risk_transfer,192,0.6993884730721419,0.2531294594147383,349.17190688691005,440.8902963164812,0.1160224289686717,0.1387792570970897,12.611049155640655,0.0174479166666666,7494.371238290319,5.919270833333333,1.0833333333333333,0.4569444444444444,0.8615384615384616,0.3571428571428571,0.6847222222222222,0.2779166666666666,0.318007888480162,0.3524682566834467,144.7014171566473,11.66889701052084,0.0935682675424852,0.0935682675424852,0.3652777777777777,risk_seed601_sr0.02_gap700_high_role_aware,0.02,700,high,0.45,0.1,30,720,16,120,0.21189286426071538,0.361537535358625,0.4638888888888889,1.2831002137267356,0.5734303996193404,0.2208333333333333
risk_transfer,601,dynamic_k,nearest,risk_transfer,1164,0.6943267617722024,0.2505784395424434,361.2046370406762,458.92089136433486,0.1454453908735299,0.2428083092396429,51.878316123676726,0.006701030927835,77.22453877267925,5.990635738831615,2.647222222222222,1.7430555555555556,2.8421052631578947,0.8131868131868132,0.3736111111111111,0.6331944444444444,0.4620277390238121,0.4814063452447542,150.25772754045693,19.44405656332433,0.2418624321716037,0.2418624321716037,0.6513888888888889,risk_seed601_sr0.05_gap700_low_nearest,0.05,700,low,0.08,0.1,30,720,16,120,0.6721547522388231,0.0,0.0,0.0,0.6721547522388231,0.3736111111111111
risk_transfer,601,dynamic_k,role_aware,risk_transfer,192,0.6944622077000808,0.2506920608266732,348.5956974500529,441.819848374726,0.1130675091286164,0.1378862769867305,13.478794477534567,0.0096354166666666,6592.8511715261,6.045833333333333,1.0277777777777777,0.3736111111111111,0.6,0.3095238095238095,0.6513888888888889,0.3177777777777777,0.3116496346696732,0.3519503114315369,145.01198943324243,10.203673444685116,0.0842478478822036,0.0842478478822036,0.3069444444444444,risk_seed601_sr0.02_gap700_low_role_aware,0.02,700,low,0.08,0.1,30,720,16,120,0.161442853379486,0.31304086045321117,0.4805555555555556,1.535120862049196,0.47448371383269716,0.1708333333333333
risk_transfer,601,dynamic_k,multi_objective_without_smurf_penalty,risk_transfer,192,0.6926571788488983,0.2497495257136146,348.97138359711875,442.6068033296576,0.1154067063455321,0.1299502350335058,7.550551786619853,0.07265625,5854.220483788203,5.904687499999999,0.9166666666666666,0.2361111111111111,0.582089552238806,0.25,0.4375,0.2738888888888889,0.3206711239852394,0.3432051144554549,144.81737263471675,12.463471643770598,0.078138609263154,0.078138609263154,0.3986111111111111,risk_seed601_sr0.02_gap700_high_multi_objective_without_smurf_penalty,0.02,700,high,0.45,0.1,30,720,16,120,0.2177078623615518,0.3557225372577886,0.2166666666666667,0.6090889498790754,0.5734303996193404,0.2208333333333333
risk_transfer,601,dynamic_k,multi_objective_without_smurf_penalty,risk_transfer,192,0.6914174274848751,0.249135737547849,350.6938260245019,444.3949300140508,0.1127695848801681,0.1312264283105809,8.1835891590987,0.059375,5776.436420326197,5.974999999999999,1.0416666666666667,0.375,0.6666666666666666,0.369047619047619,0.4208333333333333,0.2919444444444444,0.2834226338474588,0.3344462150236244,145.48863447067424,11.217792879002811,0.0860969509398658,0.0860969509398658,0.3347222222222222,risk_seed601_sr0.02_gap700_low_multi_objective_without_smurf_penalty,0.02,700,low,0.08,0.1,30,720,16,120,0.21697572107407495,0.25750799275862224,0.24999999999999997,0.9708436515768272,0.47448371383269716,0.1708333333333333
risk_transfer,601,dynamic_k,multi_objective_with_smurf_exposure_penalty,risk_transfer,192,0.705034962853088,0.2559355796575842,349.4163555319012,443.0199852280329,0.1167544667351604,0.1334799271612284,13.76441916248344,0.0869791666666666,5559.683076268045,5.903645833333333,1.0277777777777777,0.3736111111111111,1.044776119402985,0.369047619047619,0.2847222222222222,0.2736111111111111,0.3031062343781023,0.3512201528738542,144.3871227109998,12.706783733940188,0.08973659695488,0.08973659695488,0.4069444444444444,risk_seed601_sr0.02_gap700_high_multi_objective_with_smurf_exposure_penalty,0.02,700,high,0.45,0.1,30,720,16,120,0.2795044848711065,0.2939259147482339,0.06388888888888891,0.2173639195564426,0.5734303996193404,0.2208333333333333
risk_transfer,601,dynamic_k,nearest,risk_transfer,732,0.6923625356153377,0.2496003244478508,367.5614470772463,468.4731341552432,0.1354474641550398,0.2262457432815575,46.56797495470617,0.0180327868852459,224.3920094263221,6.057650273224043,1.897222222222222,1.102777777777778,2.076923076923077,0.6593406593406593,0.3569444444444444,0.5013888888888889,0.458228388949583,0.4742137771077488,150.34450618260888,18.174559782498097,0.1753540379602209,0.1753540379602209,0.5277777777777778,risk_seed601_sr0.05_gap700_high_nearest,0.05,700,high,0.45,0.1,30,720,16,120,0.5093880660014711,0.0,0.0,0.0,0.5093880660014711,0.3569444444444444
risk_transfer,601,dynamic_k,multi_objective_with_smurf_exposure_penalty,risk_transfer,192,0.699217452751137,0.2530091847458023,349.49696367321604,443.33479773963575,0.1130702734528583,0.1224572086883865,9.224832351207732,0.0802083333333333,4390.586281440189,6.023958333333333,1.0694444444444444,0.3541666666666667,0.6190476190476191,0.3333333333333333,0.2236111111111111,0.2984722222222222,0.2840896872473162,0.3137471182619322,144.91872477748413,11.307499607657054,0.0856685581556913,0.0856685581556913,0.3277777777777778,risk_seed601_sr0.02_gap700_low_multi_objective_with_smurf_exposure_penalty,0.02,700,low,0.08,0.1,30,720,16,120,0.22771780268021277,0.2467659111524844,0.052777777777777785,0.21387791178808624,0.47448371383269716,0.1708333333333333
risk_transfer,601,dynamic_k,nearest,risk_transfer,732,0.6943650747899871,0.2505962536864897,339.5170649347707,425.8948690056033,0.1340101778795546,0.2178128095871273,46.06983431111785,0.017691256830601,51.53763237194929,6.028961748633879,1.8666666666666667,1.0472222222222225,1.3898305084745763,0.6224489795918368,1.3194444444444444,0.49875,0.4485605446732364,0.4704873332445881,144.14439526106,17.99914779905722,0.1708096325563755,0.1708096325563755,0.55,risk_seed601_sr0.1_gap300_low_nearest,0.1,300,low,0.08,0.1,30,720,16,120,0.5244160880473044,0.0,0.0,0.0,0.5244160880473044,1.3194444444444444
risk_transfer,601,dynamic_k,role_aware,risk_transfer,192,0.6911334190777763,0.2490019991499501,350.815639757374,435.350970347837,0.1123608258126998,0.1253080887002234,8.495819565610683,0.0114583333333333,2968.5750315148707,6.049479166666667,0.9444444444444444,0.2805555555555555,0.603448275862069,0.2637362637362637,1.4416666666666669,0.3055555555555556,0.2911549424387494,0.327720175780428,126.5239688100976,11.323418117149693,0.0786440137736784,0.0786440137736784,0.325,risk_seed601_sr0.05_gap300_low_role_aware,0.05,300,low,0.08,0.1,30,720,16,120,0.18433547680342657,0.5158922287054237,0.6861111111111113,1.3299504682069618,0.7002277055088503,0.7555555555555555
risk_transfer,601,dynamic_k,multi_objective_without_smurf_penalty,risk_transfer,192,0.6915458380668121,0.2492047856008876,348.80727081750194,434.17748381350617,0.1155664753766014,0.1314000551194157,8.654051030867803,0.06953125,3895.06793070486,5.8796875,0.9305555555555556,0.4291666666666666,0.6875,0.3516483516483517,1.448611111111111,0.2794444444444445,0.3054432561190681,0.3380762542543771,126.06980364597273,12.298080227231862,0.0893369935473097,0.0893369935473097,0.3652777777777777,risk_seed601_sr0.05_gap300_high_multi_objective_without_smurf_penalty,0.05,300,high,0.45,0.1,30,720,16,120,0.31417067701535045,0.23396947792946315,0.37083333333333357,1.584964571511896,0.5481401549448136,1.0777777777777775
risk_transfer,601,dynamic_k,role_aware,risk_transfer,192,0.6979541938338766,0.252377031910992,350.0043154061152,435.1556478248602,0.1157324502155999,0.1392512390551851,8.851958900648954,0.01796875,3490.5557259205875,5.883333333333333,1.1111111111111112,0.4694444444444444,0.9672131147540984,0.3736263736263736,1.4416666666666669,0.2947222222222222,0.3036924088243273,0.3311650930010478,125.47764176979862,12.520028264430056,0.0977133235179112,0.0977133235179112,0.3958333333333333,risk_seed601_sr0.05_gap300_high_role_aware,0.05,300,high,0.45,0.1,30,720,16,120,0.26749573668193577,0.28064441826287784,0.3638888888888894,1.2966190139867202,0.5481401549448136,1.0777777777777775
risk_transfer,601,dynamic_k,multi_objective_without_smurf_penalty,risk_transfer,192,0.6915433760046642,0.2491976380322118,351.278980232381,436.6475055964704,0.1124112642971796,0.1417210133556699,8.768080206649147,0.0598958333333333,3457.851384643173,5.978645833333332,1.1527777777777777,0.4444444444444444,0.7384615384615385,0.3296703296703296,1.5333333333333334,0.2958333333333333,0.289474340832142,0.3159970259894709,126.61416771247926,10.839948615834915,0.0924924200800962,0.0924924200800962,0.325,risk_seed601_sr0.05_gap300_low_multi_objective_without_smurf_penalty,0.05,300,low,0.08,0.1,30,720,16,120,0.3119522679671644,0.38827543754168586,0.7777777777777779,2.0031598771793915,0.7002277055088503,0.7555555555555555
risk_transfer,601,dynamic_k,multi_objective_with_smurf_exposure_penalty,risk_transfer,192,0.6953282648380695,0.2510937161523635,350.5120659439426,436.0921049582564,0.1158485795052462,0.1235482253343231,10.588370911965958,0.0791666666666666,3584.3393839349405,5.953645833333333,0.9583333333333334,0.375,0.7741935483870968,0.2087912087912088,1.3097222222222222,0.2933333333333333,0.2760434389719299,0.3158210599963199,125.6335895277274,12.653362495489008,0.0891068390104933,0.0891068390104933,0.4097222222222222,risk_seed601_sr0.05_gap300_high_multi_objective_with_smurf_exposure_penalty,0.05,300,high,0.45,0.1,30,720,16,120,0.27796549871661563,0.270174656228198,0.23194444444444473,0.8584981570163901,0.5481401549448136,1.0777777777777775
risk_transfer,601,dynamic_k,nearest,risk_transfer,1056,0.6928006519851235,0.2498270182106271,333.7794283664693,419.57399807735567,0.1457383857060721,0.2332449675291477,51.18899138191366,0.0093276515151515,37.47877217928703,6.082575757575756,2.4027777777777777,1.4736111111111112,2.3508771929824563,0.8877551020408163,1.1513888888888888,0.61625,0.4504524311040317,0.4677002129491384,143.9518408731287,21.17929726127721,0.2236457382329929,0.2236457382329929,0.7111111111111111,risk_seed601_sr0.1_gap300_high_nearest,0.1,300,high,0.45,0.1,30,720,16,120,0.6690157509534485,0.0,0.0,0.0,0.6690157509534485,1.1513888888888888
risk_transfer,601,dynamic_k,multi_objective_with_smurf_exposure_penalty,risk_transfer,192,0.6958953889509866,0.2513686663165338,350.09666797118,435.9967438848087,0.1123550950580015,0.133749616920886,9.473068725280472,0.0809895833333333,2945.8947138892217,6.042708333333334,1.0416666666666667,0.375,0.6666666666666666,0.3186813186813186,1.3375,0.3118055555555555,0.3122579645860823,0.3491162875462199,126.26719451435712,10.96043331626555,0.0861485442024958,0.0861485442024958,0.3152777777777777,risk_seed601_sr0.05_gap300_low_multi_objective_with_smurf_exposure_penalty,0.05,300,low,0.08,0.1,30,720,16,120,0.32564489286341575,0.3745828126454345,0.5819444444444444,1.5535802092321045,0.7002277055088503,0.7555555555555555
risk_transfer,601,dynamic_k,nearest,risk_transfer,732,0.6927877655003255,0.2498211047013245,414.517633076982,553.2545964555095,0.1337399253059704,0.2213865506658924,46.40161240012709,0.0183743169398907,135.1993236376617,6.028961748633879,1.7527777777777778,0.8930555555555556,1.3220338983050848,0.673469387755102,0.5486111111111112,0.4987499999999999,0.4526433541091322,0.4700688851418683,197.4014154132184,18.603036532477315,0.1611981118721853,0.1611981118721853,0.5888888888888889,risk_seed601_sr0.1_gap700_low_nearest,0.1,700,low,0.08,0.1,30,720,16,120,0.45618932895727493,0.0,0.0,0.0,0.45618932895727493,0.5486111111111112
risk_transfer,601,dynamic_k,role_aware,risk_transfer,192,0.6948205476628889,0.2507359608142259,375.5648435876611,479.5422848913837,0.1118520015930539,0.1410493763161854,11.21621230393501,0.0130208333333333,9017.621995429428,6.004166666666667,1.0972222222222223,0.3805555555555555,0.7540983606557377,0.3846153846153846,0.9680555555555556,0.3013888888888889,0.3151202574155729,0.3552892140956847,149.9975239949066,11.199354184065898,0.0883852966034255,0.0883852966034255,0.3375,risk_seed601_sr0.05_gap700_low_role_aware,0.05,700,low,0.08,0.1,30,720,16,120,0.21660198940490488,0.45555276283391827,0.5944444444444444,1.3048860482076852,0.6721547522388231,0.3736111111111111
risk_transfer,601,dynamic_k,multi_objective_without_smurf_penalty,risk_transfer,192,0.699579819318147,0.2531683120859085,377.2639887741911,480.2183728648449,0.116632291375783,0.1319154743206353,11.93624853683136,0.0674479166666666,11418.475181878135,5.836979166666666,1.0277777777777777,0.4277777777777777,0.8923076923076924,0.2857142857142857,1.1291666666666669,0.2731944444444444,0.3122941209038548,0.3488920715469528,149.4638716557444,12.822655618823443,0.0923601733619098,0.0923601733619098,0.375,risk_seed601_sr0.05_gap700_high_multi_objective_without_smurf_penalty,0.05,700,high,0.45,0.1,30,720,16,120,0.2992820630822522,0.21010600291921894,0.7722222222222225,3.6753934275696287,0.5093880660014711,0.3569444444444444
risk_transfer,601,dynamic_k,multi_objective_with_smurf_exposure_penalty,risk_transfer,192,0.6935731637621932,0.2502208804582764,377.4553291994456,481.9677386275511,0.1155072615186447,0.1260935633815644,18.331084509690232,0.0848958333333333,9531.878990881503,5.906770833333333,0.9861111111111112,0.3819444444444444,1.0161290322580645,0.3296703296703296,1.2291666666666667,0.2875,0.2751831338200513,0.3351504286214906,149.70609059728167,11.224433319453444,0.0859729777950991,0.0859729777950991,0.3486111111111111,risk_seed601_sr0.05_gap700_high_multi_objective_with_smurf_exposure_penalty,0.05,700,high,0.45,0.1,30,720,16,120,0.314279451760028,0.19510861424144316,0.8722222222222223,4.470444452764469,0.5093880660014711,0.3569444444444444
risk_transfer,601,dynamic_k,multi_objective_without_smurf_penalty,risk_transfer,192,0.7018908726155177,0.2543205313715299,379.0101333487986,482.1409125474022,0.1126477987020462,0.1258733170844344,10.822709718190744,0.0598958333333333,10655.774243869304,6.058854166666666,0.9305555555555556,0.3180555555555555,0.59375,0.4175824175824176,1.2472222222222222,0.3069444444444444,0.2806754072342117,0.3217741555181953,149.8424704377976,10.480465472006015,0.0787665402878724,0.0787665402878724,0.3,risk_seed601_sr0.05_gap700_low_multi_objective_without_smurf_penalty,0.05,700,low,0.08,0.1,30,720,16,120,0.2649421248403764,0.40721262739844677,0.8736111111111111,2.1453438629650003,0.6721547522388231,0.3736111111111111
risk_transfer,601,dynamic_k,role_aware,risk_transfer,192,0.6983493736874458,0.252591664983762,379.4913598594113,482.0427584672655,0.1154213900606199,0.1318402316321546,11.7461792318984,0.015625,10373.503699087254,5.876562499999999,0.9305555555555556,0.3666666666666666,0.8387096774193549,0.2417582417582417,0.8125,0.2699999999999999,0.323640729620342,0.3527943103380855,149.47637626373134,11.845281225497065,0.0841578475380617,0.0841578475380617,0.3541666666666667,risk_seed601_sr0.05_gap700_high_role_aware,0.05,700,high,0.45,0.1,30,720,16,120,0.18221514509679956,0.32717292090467154,0.4555555555555556,1.3923999403614793,0.5093880660014711,0.3569444444444444
risk_transfer,601,dynamic_k,nearest,risk_transfer,1056,0.6938545592656616,0.2503530096708586,408.0641052188111,548.0503180881067,0.1457216042687068,0.2319506241853297,50.863074837785526,0.0101325757575757,91.33313713283506,6.082575757575756,2.4722222222222223,1.6125,2.280701754385965,0.9387755102040816,0.4458333333333333,0.61625,0.4537425203309442,0.4706976885716056,197.5099624429536,20.3543730673118,0.2313099603976291,0.2313099603976291,0.6805555555555556,risk_seed601_sr0.1_gap700_high_nearest,0.1,700,high,0.45,0.1,30,720,16,120,0.6455857746336316,0.0,0.0,0.0,0.6455857746336316,0.4458333333333333
risk_transfer,601,dynamic_k,role_aware,risk_transfer,192,0.6904175483585653,0.2486240120416224,348.82771183654893,438.266616877793,0.1145567925794002,0.1263923196096847,9.30685319089994,0.0197916666666666,4213.689355383262,5.9890625,0.9583333333333334,0.3902777777777778,0.5084745762711864,0.3775510204081632,1.7875,0.3030555555555555,0.3125939915729405,0.3434276241424143,144.33592788243462,11.600130330873348,0.0871065998890063,0.0871065998890063,0.3652777777777777,risk_seed601_sr0.1_gap300_high_role_aware,0.1,300,high,0.45,0.1,30,720,16,120,0.26061958827807874,0.4083961626753697,0.6361111111111113,1.5575834673469988,0.6690157509534485,1.1513888888888888
risk_transfer,601,dynamic_k,multi_objective_with_smurf_exposure_penalty,risk_transfer,192,0.7063501105875285,0.256538873718573,376.3858488543575,480.1195365798486,0.1130034112029469,0.1357947624826259,15.32553182240521,0.0877604166666666,8159.0781108923775,6.087500000000001,1.1111111111111112,0.425,0.7213114754098361,0.4395604395604395,1.2541666666666669,0.3241666666666666,0.2781615368326182,0.3248358773249681,149.27253837304363,11.203446008723626,0.0921967183954892,0.0921967183954892,0.3347222222222222,risk_seed601_sr0.05_gap700_low_multi_objective_with_smurf_exposure_penalty,0.05,700,low,0.08,0.1,30,720,16,120,0.33966280770497964,0.3324919445338435,0.8805555555555558,2.648351546652061,0.6721547522388231,0.3736111111111111
risk_transfer,601,dynamic_k,role_aware,risk_transfer,192,0.6910431772671765,0.2489488703894783,348.3926482080948,436.935501725334,0.1127207321537323,0.1307483312816687,8.528222833123515,0.015625,3669.464696746071,5.990104166666666,1.0416666666666667,0.3763888888888889,0.1896551724137931,0.3979591836734694,1.7027777777777775,0.3077777777777778,0.2940074713168012,0.3347658823060631,144.4532547530251,10.4148500433752,0.085505992207874,0.085505992207874,0.3236111111111111,risk_seed601_sr0.1_gap300_low_role_aware,0.1,300,low,0.08,0.1,30,720,16,120,0.22927062733692108,0.2951454607103834,0.3833333333333331,1.2987946093112561,0.5244160880473044,1.3194444444444444
risk_transfer,601,dynamic_k,nearest,risk_transfer,948,0.6927959688157808,0.24982684954468,366.470141216752,458.5532577946264,0.1418454939143683,0.2330958324408,49.86636066488746,0.0101793248945147,35.63411661166992,5.882594936708861,2.227777777777778,1.4625,2.236842105263158,0.8924731182795699,1.225,0.5336111111111111,0.4562992560440223,0.4743435905745099,143.20620289339362,19.78225336475132,0.2104449850522782,0.2104449850522782,0.5861111111111111,risk_seed601_sr0.15_gap300_low_nearest,0.15,300,low,0.08,0.1,30,720,16,120,0.6604076244056623,0.0,0.0,0.0,0.6604076244056623,1.225
risk_transfer,601,dynamic_k,multi_objective_with_smurf_exposure_penalty,risk_transfer,192,0.6949995239347687,0.2509029432042342,348.9971292334675,436.7911009198704,0.1148088930902148,0.1136784713254168,12.12637426153136,0.08984375,4393.928112077144,5.961979166666667,0.8194444444444444,0.2805555555555555,0.3728813559322034,0.4081632653061224,1.9819444444444445,0.2934722222222222,0.2843134247030642,0.3242595211211305,143.59687235205487,11.629347068557136,0.0774579494841668,0.0774579494841668,0.3833333333333333,risk_seed601_sr0.1_gap300_high_multi_objective_with_smurf_exposure_penalty,0.1,300,high,0.45,0.1,30,720,16,120,0.34127421553760157,0.3277415354158469,0.8305555555555557,2.5341785089940627,0.6690157509534485,1.1513888888888888
risk_transfer,601,dynamic_k,multi_objective_without_smurf_penalty,risk_transfer,192,0.6931516292224718,0.2500031598523645,349.35563669086906,437.4940395971107,0.1147576318554491,0.1266734690177964,7.704877149608201,0.07109375,4565.557754100152,5.945833333333333,0.9861111111111112,0.3819444444444444,0.3389830508474576,0.5204081632653061,1.9708333333333328,0.28375,0.2818293353911338,0.3063173963674497,144.06679086007594,12.173794029921671,0.0888875700664445,0.0888875700664445,0.4055555555555555,risk_seed601_sr0.1_gap300_high_multi_objective_without_smurf_penalty,0.1,300,high,0.45,0.1,30,720,16,120,0.3485118032477877,0.32050394770566076,0.819444444444444,2.5567374452341913,0.6690157509534485,1.1513888888888888
risk_transfer,601,dynamic_k,multi_objective_without_smurf_penalty,risk_transfer,192,0.6958498501861481,0.2513506040829478,350.98474397176085,437.7686581782528,0.113402938375804,0.1269301126097138,7.718770574787019,0.0622395833333333,4200.8418121246505,5.984895833333334,0.9166666666666666,0.3097222222222222,0.3166666666666666,0.336734693877551,1.9236111111111112,0.2977777777777778,0.2856759110366101,0.3411430174341912,144.31857441395726,10.936098942669576,0.0789122948800842,0.0789122948800842,0.3347222222222222,risk_seed601_sr0.1_gap300_low_multi_objective_without_smurf_penalty,0.1,300,low,0.08,0.1,30,720,16,120,0.2914838588363841,0.23293222921092033,0.6041666666666667,2.5937444067458495,0.5244160880473044,1.3194444444444444
risk_transfer,601,dynamic_k,multi_objective_with_smurf_exposure_penalty,risk_transfer,192,0.6932846083680979,0.2500715909016176,349.7683549691175,438.8068861449695,0.1131791499481138,0.1226183940465727,11.147065532892022,0.0947916666666666,4186.612922014851,6.055729166666666,0.9027777777777778,0.2958333333333333,0.2586206896551724,0.4183673469387755,1.9097222222222223,0.3204166666666667,0.2808137759335752,0.3235676979375921,144.45798650444237,11.054785987825694,0.0784942944864924,0.0784942944864924,0.3319444444444444,risk_seed601_sr0.1_gap300_low_multi_objective_with_smurf_exposure_penalty,0.1,300,low,0.08,0.1,30,720,16,120,0.3454543308394002,0.17896175720790425,0.5902777777777779,3.2983458979564992,0.5244160880473044,1.3194444444444444
risk_transfer,601,dynamic_k,nearest,risk_transfer,516,0.6921400846953556,0.2494990442909523,371.8023877049767,465.9910454316246,0.128586090294963,0.2126296216657405,39.71640015764531,0.0331395348837209,82.64104013317198,6.06375968992248,1.4833333333333334,0.7597222222222222,1.2266666666666666,0.5698924731182796,1.4041666666666666,0.4016666666666666,0.4367152344047031,0.4624131736642337,143.2341431443886,16.33551548031991,0.1397529270935546,0.1397529270935546,0.5333333333333333,risk_seed601_sr0.15_gap300_high_nearest,0.15,300,high,0.45,0.1,30,720,16,120,0.4747262662992023,0.0,0.0,0.0,0.4747262662992023,1.4041666666666666
risk_transfer,601,dynamic_k,role_aware,risk_transfer,192,0.698365799614583,0.2524765558916074,423.4306164945031,562.3651822415711,0.1131339320072591,0.1379705035608688,13.30037287314734,0.0158854166666666,13745.649643522003,6.032291666666666,1.0555555555555556,0.4388888888888889,0.3442622950819672,0.4285714285714285,1.0277777777777777,0.3143055555555555,0.3188268798364153,0.3457463884297066,196.883957693848,11.173929104472402,0.0920656806418982,0.0920656806418982,0.3680555555555556,risk_seed601_sr0.1_gap700_low_role_aware,0.1,700,low,0.08,0.1,30,720,16,120,0.21751332624818207,0.23867600270909287,0.4791666666666665,2.007603031841842,0.45618932895727493,0.5486111111111112
risk_transfer,601,dynamic_k,nearest,risk_transfer,948,0.6929472140300644,0.249905670492838,472.792711685404,632.3829204287667,0.141216695983177,0.2391072418139486,49.95708973045763,0.0107067510548523,77.69941433028434,5.882594936708861,2.238888888888889,1.3708333333333331,2.1298701298701297,0.8494623655913979,0.6027777777777777,0.5336111111111111,0.4682996721035188,0.4795387637131392,209.77610296984605,19.855710311849027,0.2061121520461334,0.2061121520461334,0.6263888888888889,risk_seed601_sr0.15_gap700_low_nearest,0.15,700,low,0.08,0.1,30,720,16,120,0.6057725043208303,0.0,0.0,0.0,0.6057725043208303,0.6027777777777777
risk_transfer,601,dynamic_k,multi_objective_without_smurf_penalty,risk_transfer,192,0.6960684687917742,0.2514522474518875,422.5217436000237,561.1380129751072,0.1137743570107227,0.1470272652734846,9.828498800231031,0.06640625,13326.494232574129,5.966666666666668,1.1111111111111112,0.4625,0.1967213114754098,0.4081632653061224,1.226388888888889,0.2934722222222222,0.3263407626198071,0.3634137316870842,197.36930203046376,10.775757567471995,0.0924131440935815,0.0924131440935815,0.3291666666666666,risk_seed601_sr0.1_gap700_low_multi_objective_without_smurf_penalty,0.1,700,low,0.08,0.1,30,720,16,120,0.31018639504966394,0.146002933907611,0.6777777777777778,4.642220259811134,0.45618932895727493,0.5486111111111112
risk_transfer,601,dynamic_k,nearest,risk_transfer,516,0.6913623169984315,0.2491121723110314,480.2159963145044,639.0606071813668,0.1277811604945868,0.2135119935399587,40.17283815608662,0.0331395348837209,195.774189644586,6.06375968992248,1.5944444444444446,0.775,0.9333333333333332,0.5268817204301075,0.5930555555555556,0.4016666666666667,0.4440401586022466,0.4676630654222977,209.56501813736983,16.71634968221597,0.1439221665214293,0.1439221665214293,0.5263888888888889,risk_seed601_sr0.15_gap700_high_nearest,0.15,700,high,0.45,0.1,30,720,16,120,0.4114184418244672,0.0,0.0,0.0,0.4114184418244672,0.5930555555555556
risk_transfer,601,dynamic_k,multi_objective_with_smurf_exposure_penalty,risk_transfer,192,0.7005623914370158,0.2536376835408226,422.2731556385062,560.6966004894899,0.1139167547291217,0.1336184590572603,16.22293956535098,0.0872395833333333,13891.625910136365,6.031770833333333,0.9583333333333334,0.3319444444444444,0.2333333333333333,0.3877551020408163,1.4208333333333334,0.30125,0.3016744754129685,0.3368775924267707,196.84383047516155,11.111634537010737,0.082995927146452,0.082995927146452,0.3777777777777777,risk_seed601_sr0.1_gap700_low_multi_objective_with_smurf_exposure_penalty,0.1,700,low,0.08,0.1,30,720,16,120,0.3145378583271351,0.14165147063013983,0.8722222222222222,6.157523238848998,0.45618932895727493,0.5486111111111112
risk_transfer,601,dynamic_k,role_aware,risk_transfer,192,0.6972405091547466,0.2520487388119936,421.5286625484071,560.5534162850934,0.1142360283217528,0.143523590953542,13.416850944013676,0.0229166666666666,12959.461817905903,5.9484375,1.1666666666666667,0.4930555555555556,0.5423728813559322,0.4693877551020408,0.9875,0.285,0.3022844500947233,0.373933909765222,197.25252271714325,11.448320771154254,0.0975364036929383,0.0975364036929383,0.3625,risk_seed601_sr0.1_gap700_high_role_aware,0.1,700,high,0.45,0.1,30,720,16,120,0.24393421253759642,0.40165156209603525,0.5416666666666667,1.3485984315359236,0.6455857746336316,0.4458333333333333
risk_transfer,601,dynamic_k,multi_objective_without_smurf_penalty,risk_transfer,192,0.6981816475126257,0.2524961127118911,423.0667275729523,561.3131209441975,0.1152081079946698,0.1400040062943996,11.539833606403802,0.0661458333333333,14995.345148904777,5.866666666666666,1.0555555555555556,0.4097222222222222,0.4745762711864407,0.4795918367346938,1.3444444444444446,0.2766666666666666,0.3093203439304353,0.3570773312115278,197.2397365811138,11.999570769902077,0.0909501484324517,0.0909501484324517,0.3819444444444444,risk_seed601_sr0.1_gap700_high_multi_objective_without_smurf_penalty,0.1,700,high,0.45,0.1,30,720,16,120,0.32254624276337224,0.3230395318702594,0.8986111111111112,2.781737287410432,0.6455857746336316,0.4458333333333333
risk_transfer,601,dynamic_k,multi_objective_with_smurf_exposure_penalty,risk_transfer,192,0.7057424879194555,0.2561856033636905,421.4557114053029,562.9689555713189,0.1147997696317836,0.130923338387888,22.109479799855496,0.09375,13702.550592142952,5.9640625,1.1111111111111112,0.4361111111111111,0.5087719298245614,0.4591836734693877,1.3291666666666666,0.2931944444444445,0.2864279858668364,0.3310574302779727,196.6417506104235,11.20276620125744,0.0926631740943416,0.0926631740943416,0.3652777777777777,risk_seed601_sr0.1_gap700_high_multi_objective_with_smurf_exposure_penalty,0.1,700,high,0.45,0.1,30,720,16,120,0.3537308350525747,0.29185493958105696,0.8833333333333333,3.0266177252347135,0.6455857746336316,0.4458333333333333
risk_transfer,602,dynamic_k,nearest,risk_transfer,948,0.6912222109533518,0.2490540470676076,334.2517776506374,419.4002425442533,0.1397601552331585,0.2156344968628218,50.431211220987066,0.0121308016877637,51.9879622137559,5.907278481012659,2.0694444444444446,1.0319444444444446,2.156862745098039,0.912087912087912,0.0,0.5265277777777778,0.4510354750392398,0.468527480816191,131.68621585150478,16.768997406275183,0.1738153606104548,0.1738153606104548,0.4805555555555555,risk_seed602_sr0.0_gap300_low_nearest,0.0,300,low,0.08,0.1,30,720,16,120,0.5217482872303475,0.0,0.0,0.0,0.5217482872303475,0.0
risk_transfer,601,dynamic_k,role_aware,risk_transfer,192,0.6940259441975716,0.250432135524798,379.98687752070657,473.80302246128014,0.1155706792363574,0.1448553201142345,8.913161323412346,0.0205729166666666,3965.258522502291,6.002083333333332,1.2361111111111112,0.6486111111111111,0.5974025974025974,0.4086021505376344,1.5777777777777775,0.2975,0.3277021646538836,0.3805084134160675,143.0236831605426,11.525314207523014,0.109603252525049,0.109603252525049,0.3680555555555556,risk_seed601_sr0.15_gap300_high_role_aware,0.15,300,high,0.45,0.1,30,720,16,120,0.3109138343634367,0.16381243193576556,0.17361111111111094,1.0598164562942796,0.4747262662992023,1.4041666666666666
risk_transfer,601,dynamic_k,multi_objective_with_smurf_exposure_penalty,risk_transfer,192,0.6908061436358647,0.2488460275886353,380.6118951595718,473.9958399102939,0.1160987998750315,0.1507978791527041,13.253590465264246,0.090625,4707.958613213014,6.063020833333333,1.2083333333333333,0.5694444444444444,0.5714285714285714,0.5161290322580645,1.7875,0.3118055555555555,0.3457135113127625,0.3718015698987436,143.07354690835123,12.713722468898798,0.1076871243734167,0.1076871243734167,0.4083333333333333,risk_seed601_sr0.15_gap300_high_multi_objective_with_smurf_exposure_penalty,0.15,300,high,0.45,0.1,30,720,16,120,0.4520555388947471,0.022670727404455193,0.3833333333333335,16.908735502593615,0.4747262662992023,1.4041666666666666
risk_transfer,601,dynamic_k,role_aware,risk_transfer,192,0.69515848574568,0.2509998795594693,380.0886638386335,472.9019598188656,0.1134083564064709,0.1354597183695563,7.306091910162952,0.01171875,3369.984289561848,5.8609375,1.0555555555555556,0.3833333333333333,0.2763157894736842,0.3870967741935484,1.5152777777777775,0.2697222222222222,0.3196370469331417,0.349753537302747,143.265830612017,11.408462513193284,0.0869139246134367,0.0869139246134367,0.3430555555555555,risk_seed601_sr0.15_gap300_low_role_aware,0.15,300,low,0.08,0.1,30,720,16,120,0.23100251262848404,0.4294051117771782,0.2902777777777774,0.6759998188573146,0.6604076244056623,1.225
risk_transfer,601,dynamic_k,multi_objective_without_smurf_penalty,risk_transfer,192,0.6908255542445717,0.2488600842450822,379.7760479017468,473.37842563841787,0.1136706759055103,0.1371087055566441,8.306892235268393,0.0622395833333333,4473.9975286168665,5.8375,1.125,0.4944444444444444,0.3333333333333333,0.4838709677419355,1.6458333333333333,0.2669444444444445,0.2969394276943473,0.3358199332458028,143.05671288846165,11.17982232603153,0.0950624047358931,0.0950624047358931,0.3458333333333333,risk_seed601_sr0.15_gap300_low_multi_objective_without_smurf_penalty,0.15,300,low,0.08,0.1,30,720,16,120,0.33661661429799106,0.3237910101076712,0.42083333333333317,1.2997066632374759,0.6604076244056623,1.225
risk_transfer,601,dynamic_k,multi_objective_without_smurf_penalty,risk_transfer,192,0.6928609236549444,0.2498618008628686,379.6776921804658,473.2238155215575,0.1156059452706206,0.1534757244293296,8.931262573513523,0.0653645833333333,4549.3210991357,5.979166666666667,1.3194444444444444,0.6263888888888889,0.5384615384615384,0.7204301075268817,1.6847222222222222,0.2997222222222222,0.3028912865106243,0.3472273450437877,142.98580387815332,12.573645222702297,0.1128417522622751,0.1128417522622751,0.3930555555555555,risk_seed601_sr0.15_gap300_high_multi_objective_without_smurf_penalty,0.15,300,high,0.45,0.1,30,720,16,120,0.42287826519830823,0.05184800110089405,0.28055555555555567,5.411116139455526,0.4747262662992023,1.4041666666666666
risk_transfer,601,dynamic_k,multi_objective_with_smurf_exposure_penalty,risk_transfer,192,0.6956928421268586,0.2512804331127464,380.4083037695242,472.1712576366356,0.1142929623298545,0.1401293648486841,10.882857421924376,0.0841145833333333,4162.989569021829,5.8921875,1.1388888888888888,0.4680555555555555,0.2162162162162162,0.4623655913978494,1.727777777777778,0.2801388888888889,0.3168343383232104,0.3513310888959939,143.21765671066063,11.00116665917173,0.0937404762455818,0.0937404762455818,0.3375,risk_seed601_sr0.15_gap300_low_multi_objective_with_smurf_exposure_penalty,0.15,300,low,0.08,0.1,30,720,16,120,0.3787589966490695,0.2816486277565928,0.502777777777778,1.7851241874762127,0.6604076244056623,1.225
risk_transfer,602,dynamic_k,nearest,risk_transfer,948,0.6919918189823429,0.2494398622833549,330.462499172535,416.9151445489383,0.1420613256856717,0.2290715546362599,50.30255580639692,0.0114451476793248,54.559681044426064,5.979430379746836,2.2888888888888888,1.3416666666666666,2.08,0.8131868131868132,0.0,0.5215277777777778,0.4506950415177171,0.4706483193412518,131.6706304963862,18.862619613568103,0.2021998069349398,0.2021998069349398,0.5583333333333333,risk_seed602_sr0.0_gap300_high_nearest,0.0,300,high,0.45,0.1,30,720,16,120,0.545743875316568,0.0,0.0,0.0,0.545743875316568,0.0
risk_transfer,602,dynamic_k,nearest,risk_transfer,948,0.6912222109533518,0.2490540470676076,334.2517776506374,419.4002425442533,0.1397601552331585,0.2156344968628218,50.431211220987066,0.0121308016877637,51.9879622137559,5.907278481012659,2.0694444444444446,1.0319444444444446,2.156862745098039,0.912087912087912,0.0,0.5265277777777778,0.4510354750392398,0.468527480816191,131.68621585150478,16.768997406275183,0.1738153606104548,0.1738153606104548,0.4805555555555555,risk_seed602_sr0.0_gap700_low_nearest,0.0,700,low,0.08,0.1,30,720,16,120,0.5217482872303475,0.0,0.0,0.0,0.5217482872303475,0.0
risk_transfer,601,dynamic_k,multi_objective_without_smurf_penalty,risk_transfer,192,0.689744102363897,0.2482934825834151,485.1407993089849,643.8944295319423,0.113012851986597,0.1572420507120625,10.61595270433851,0.0640625,13479.453455117406,5.799479166666667,1.25,0.5763888888888888,0.2597402597402597,0.5053763440860215,1.2208333333333334,0.2665277777777777,0.3405754095247072,0.3690189960905911,209.5671947398177,10.530101001060345,0.1021358760290221,0.1021358760290221,0.3569444444444444,risk_seed601_sr0.15_gap700_low_multi_objective_without_smurf_penalty,0.15,700,low,0.08,0.1,30,720,16,120,0.3552371988207096,0.2505353055001207,0.6180555555555557,2.4669399561143206,0.6057725043208303,0.6027777777777777
risk_transfer,601,dynamic_k,role_aware,risk_transfer,192,0.7007710980506442,0.2537838667005496,485.08837421783255,644.8256209972889,0.1124164850825609,0.147201292975069,13.016202509638424,0.01171875,12405.328564825488,5.8953125,1.125,0.3944444444444444,0.2,0.3763440860215054,0.9847222222222224,0.2773611111111111,0.3406301097732218,0.3607839075819335,209.3599115971649,10.622791260170189,0.0887086019252322,0.0887086019252322,0.3472222222222222,risk_seed601_sr0.15_gap700_low_role_aware,0.15,700,low,0.08,0.1,30,720,16,120,0.208419084168577,0.3973534201522533,0.38194444444444464,0.9612209813070077,0.6057725043208303,0.6027777777777777
risk_transfer,601,dynamic_k,multi_objective_with_smurf_exposure_penalty,risk_transfer,192,0.6962917984191236,0.2515664016811972,485.43860273727176,644.4685657912255,0.1142000701789945,0.1302955753762184,18.972850083673425,0.0817708333333333,13345.71575670019,5.891145833333333,1.0277777777777777,0.3694444444444444,0.3506493506493506,0.4193548387096774,1.3375,0.2747222222222222,0.3155498527268459,0.3450711197551315,209.5600625182556,11.192845983753156,0.0854682257294068,0.0854682257294068,0.3569444444444444,risk_seed601_sr0.15_gap700_low_multi_objective_with_smurf_exposure_penalty,0.15,700,low,0.08,0.1,30,720,16,120,0.3287829890956196,0.2769895152252107,0.7347222222222222,2.6525271962906056,0.6057725043208303,0.6027777777777777
risk_transfer,601,dynamic_k,role_aware,risk_transfer,192,0.6901998161781345,0.2485551847830588,486.9600078169942,644.6512805422813,0.1136820513449361,0.1524032378959576,13.421041082734243,0.0174479166666666,13179.874382972372,6.040104166666667,1.1944444444444444,0.5305555555555556,0.3376623376623376,0.4946236559139785,0.9625,0.3073611111111111,0.3436095953788156,0.3847822298613916,209.5357638630436,11.321957022248784,0.1023729136243962,0.1023729136243962,0.4,risk_seed601_sr0.15_gap700_high_role_aware,0.15,700,high,0.45,0.1,30,720,16,120,0.26095743048787745,0.15046101133658973,0.36944444444444446,2.4554164641228984,0.4114184418244672,0.5930555555555556
risk_transfer,602,dynamic_k,nearest,risk_transfer,948,0.6919918189823429,0.2494398622833549,330.462499172535,416.9151445489383,0.1420613256856717,0.2290715546362599,50.30255580639692,0.0114451476793248,54.559681044426064,5.979430379746836,2.2888888888888888,1.3416666666666666,2.08,0.8131868131868132,0.0,0.5215277777777778,0.4506950415177171,0.4706483193412518,131.6706304963862,18.862619613568103,0.2021998069349398,0.2021998069349398,0.5583333333333333,risk_seed602_sr0.0_gap700_high_nearest,0.0,700,high,0.45,0.1,30,720,16,120,0.545743875316568,0.0,0.0,0.0,0.545743875316568,0.0
risk_transfer,601,dynamic_k,multi_objective_without_smurf_penalty,risk_transfer,192,0.68840067519008,0.2476312638606957,486.21500655493526,646.559170023777,0.1144984420348216,0.1323277603033614,9.849066855895584,0.0669270833333333,13340.190228729793,5.965625,0.9444444444444444,0.3166666666666666,0.2727272727272727,0.4838709677419355,1.2375,0.29875,0.3269302346658895,0.3706108427784342,209.67239295521787,11.223933110042362,0.0814655598328814,0.0814655598328814,0.3527777777777778,risk_seed601_sr0.15_gap700_high_multi_objective_without_smurf_penalty,0.15,700,high,0.45,0.1,30,720,16,120,0.3020381524717734,0.10938028935269378,0.6444444444444445,5.891778566853584,0.4114184418244672,0.5930555555555556
risk_transfer,601,dynamic_k,multi_objective_with_smurf_exposure_penalty,risk_transfer,192,0.699694238708006,0.2531730240723441,485.9096098266355,645.1463961163498,0.1153529827564339,0.1426202738196186,18.04066400884471,0.0901041666666666,13523.021654812264,6.047395833333333,1.0833333333333333,0.4680555555555555,0.3506493506493506,0.5376344086021505,1.275,0.30625,0.3156177057937032,0.3522804703781891,209.68614432420665,11.18953701099965,0.0947731811798468,0.0947731811798468,0.3722222222222222,risk_seed601_sr0.15_gap700_high_multi_objective_with_smurf_exposure_penalty,0.15,700,high,0.45,0.1,30,720,16,120,0.3695752264785298,0.04184321534593738,0.6819444444444444,16.297610946159168,0.4114184418244672,0.5930555555555556
risk_transfer,602,dynamic_k,nearest,risk_transfer,840,0.6937204185580121,0.2502865078232347,342.35679301476495,426.8043586058696,0.1374728637260663,0.2223564593405161,47.91570582589931,0.0144047619047619,27.01104879357435,5.968452380952381,1.9277777777777776,1.0083333333333333,1.6607142857142858,0.9183673469387756,0.7097222222222223,0.5320833333333334,0.4544446384091479,0.4673838502393191,130.83383494323718,17.72920360829516,0.1695780372383203,0.1695780372383203,0.4819444444444444,risk_seed602_sr0.02_gap300_low_nearest,0.02,300,low,0.08,0.1,30,720,16,120,0.5420943580631765,0.0,0.0,0.0,0.5420943580631765,0.7097222222222223
risk_transfer,602,dynamic_k,role_aware,risk_transfer,192,0.6971898118928683,0.2520029464380202,342.7213557011979,430.2769496164237,0.1132071702664753,0.1237989226207397,8.724459202889026,0.0096354166666666,3055.567919024754,5.8484375,0.8055555555555556,0.2402777777777777,0.4259259259259259,0.3296703296703296,0.0,0.2724999999999999,0.2754625375153415,0.3096203992611422,130.85786329021676,10.88398495214578,0.070265998145416,0.070265998145416,0.3027777777777777,risk_seed602_sr0.0_gap300_low_role_aware,0.0,300,low,0.08,0.1,30,720,16,120,0.05764340918161081,0.4641048780487367,0.0,0.0,0.5217482872303475,0.0
risk_transfer,602,dynamic_k,multi_objective_without_smurf_penalty,risk_transfer,192,0.6953489925693569,0.2511000166133482,344.0714205725723,430.97553465018393,0.1128933726373106,0.1317385271278235,5.553497832514,0.0471354166666666,2752.5364103680354,5.731770833333333,1.0,0.3555555555555555,0.3571428571428571,0.4285714285714285,0.0,0.2551388888888888,0.3033179949390616,0.3483991157053074,130.6948996435483,10.761187187529863,0.0828277397685623,0.0828277397685623,0.3611111111111111,risk_seed602_sr0.0_gap300_low_multi_objective_without_smurf_penalty,0.0,300,low,0.08,0.1,30,720,16,120,0.17168422992141869,0.3500640573089288,0.0,0.0,0.5217482872303475,0.0
risk_transfer,602,dynamic_k,role_aware,risk_transfer,192,0.6990768842968379,0.252914218544572,341.72918012053776,428.56321391468,0.1152149144759623,0.1282817288231709,9.829117377624918,0.01796875,3607.980896441128,5.820833333333333,1.0277777777777777,0.4527777777777778,0.6470588235294118,0.4725274725274725,0.0,0.2638888888888889,0.2840866013418006,0.3047981409421475,130.22623343934976,12.059257037508702,0.0918787151731804,0.0918787151731804,0.3555555555555555,risk_seed602_sr0.0_gap300_high_role_aware,0.0,300,high,0.45,0.1,30,720,16,120,0.14598250059517798,0.39976137472139,0.0,0.0,0.545743875316568,0.0
risk_transfer,602,dynamic_k,multi_objective_with_smurf_exposure_penalty,risk_transfer,192,0.6927813972640372,0.2498171314324473,342.26420124584706,429.02945292523145,0.1148951163328038,0.1295191394712752,8.577871658152675,0.0609375,3502.1784659886403,5.822395833333334,1.0277777777777777,0.4375,0.6,0.4725274725274725,0.0,0.2806944444444444,0.3026046736900526,0.32492031624423,130.36454440979378,12.68088283093422,0.0934562137735833,0.0934562137735833,0.3944444444444444,risk_seed602_sr0.0_gap300_high_multi_objective_with_smurf_exposure_penalty,0.0,300,high,0.45,0.1,30,720,16,120,0.2206072970736908,0.32513657824287717,0.0,0.0,0.545743875316568,0.0
risk_transfer,602,dynamic_k,nearest,risk_transfer,1164,0.6934305068898867,0.2501410762840056,339.13833266175544,421.3688768708549,0.1485227049748982,0.2305420373182117,51.893275575517485,0.0076030927835051,19.801053182164203,5.972250859106529,2.6694444444444443,1.7180555555555554,2.4915254237288136,1.0816326530612246,0.4736111111111111,0.6404166666666667,0.4471851128465877,0.4685294880289181,130.03393533198377,21.249773112680952,0.2446211221438946,0.2446211221438946,0.6638888888888889,risk_seed602_sr0.02_gap300_high_nearest,0.02,300,high,0.45,0.1,30,720,16,120,0.6970404697513052,0.0,0.0,0.0,0.6970404697513052,0.4736111111111111
risk_transfer,602,dynamic_k,multi_objective_without_smurf_penalty,risk_transfer,192,0.6959874195335738,0.2514126458056823,343.2477600078114,429.4312530218454,0.1148589651082442,0.1227613935863398,6.801825082285158,0.0520833333333333,3315.4093540812555,5.745833333333333,0.8055555555555556,0.2083333333333333,0.4107142857142857,0.3186813186813186,0.0,0.2491666666666666,0.3056002231859299,0.3422557960985874,130.07054909730311,11.852281423786216,0.071245233202657,0.071245233202657,0.3777777777777777,risk_seed602_sr0.0_gap300_high_multi_objective_without_smurf_penalty,0.0,300,high,0.45,0.1,30,720,16,120,0.13734544947057534,0.4083984258459926,0.0,0.0,0.545743875316568,0.0
risk_transfer,602,dynamic_k,multi_objective_with_smurf_exposure_penalty,risk_transfer,192,0.6891109806037906,0.2479876505486255,341.5800437171492,430.3064815397293,0.1135783471438591,0.1229910790060206,6.794993845113109,0.0651041666666666,3305.513008353806,5.806770833333332,0.9583333333333334,0.2763888888888889,0.3518518518518518,0.3956043956043956,0.0,0.2659722222222222,0.2644895140093123,0.301165899821487,130.8581000380865,11.644745928711831,0.0778594559896617,0.0778594559896617,0.3319444444444444,risk_seed602_sr0.0_gap300_low_multi_objective_with_smurf_exposure_penalty,0.0,300,low,0.08,0.1,30,720,16,120,0.1577111496083301,0.3640371376220174,0.0,0.0,0.5217482872303475,0.0
risk_transfer,602,dynamic_k,nearest,risk_transfer,840,0.6942364270866346,0.2505049192692949,358.4472594584403,449.4577724159798,0.1377122148842657,0.2217999495743626,48.55750443626592,0.0154761904761904,125.50823522259088,5.968452380952381,2.083333333333333,1.1680555555555556,1.9322033898305084,0.8877551020408163,0.4222222222222222,0.5320833333333334,0.453727363360297,0.4702165534081048,139.50287245473467,17.527732192469877,0.1833027320195591,0.1833027320195591,0.5041666666666667,risk_seed602_sr0.02_gap700_low_nearest,0.02,700,low,0.08,0.1,30,720,16,120,0.5572970306677097,0.0,0.0,0.0,0.5572970306677097,0.4222222222222222
risk_transfer,602,dynamic_k,role_aware,risk_transfer,192,0.6971898118928683,0.2520029464380202,342.7213557011979,430.2769496164237,0.1132071702664753,0.1237989226207397,8.724459202889026,0.0096354166666666,3055.567919024754,5.8484375,0.8055555555555556,0.2402777777777777,0.4259259259259259,0.3296703296703296,0.0,0.2724999999999999,0.2754625375153415,0.3096203992611422,130.85786329021676,10.88398495214578,0.070265998145416,0.070265998145416,0.3027777777777777,risk_seed602_sr0.0_gap700_low_role_aware,0.0,700,low,0.08,0.1,30,720,16,120,0.05764340918161081,0.4641048780487367,0.0,0.0,0.5217482872303475,0.0
risk_transfer,602,dynamic_k,multi_objective_without_smurf_penalty,risk_transfer,192,0.6953489925693569,0.2511000166133482,344.0714205725723,430.97553465018393,0.1128933726373106,0.1317385271278235,5.553497832514,0.0471354166666666,2752.5364103680354,5.731770833333333,1.0,0.3555555555555555,0.3571428571428571,0.4285714285714285,0.0,0.2551388888888888,0.3033179949390616,0.3483991157053074,130.6948996435483,10.761187187529863,0.0828277397685623,0.0828277397685623,0.3611111111111111,risk_seed602_sr0.0_gap700_low_multi_objective_without_smurf_penalty,0.0,700,low,0.08,0.1,30,720,16,120,0.17168422992141869,0.3500640573089288,0.0,0.0,0.5217482872303475,0.0
risk_transfer,602,dynamic_k,role_aware,risk_transfer,192,0.6990768842968379,0.252914218544572,341.72918012053776,428.56321391468,0.1152149144759623,0.1282817288231709,9.829117377624918,0.01796875,3607.980896441128,5.820833333333333,1.0277777777777777,0.4527777777777778,0.6470588235294118,0.4725274725274725,0.0,0.2638888888888889,0.2840866013418006,0.3047981409421475,130.22623343934976,12.059257037508702,0.0918787151731804,0.0918787151731804,0.3555555555555555,risk_seed602_sr0.0_gap700_high_role_aware,0.0,700,high,0.45,0.1,30,720,16,120,0.14598250059517798,0.39976137472139,0.0,0.0,0.545743875316568,0.0
risk_transfer,602,dynamic_k,multi_objective_with_smurf_exposure_penalty,risk_transfer,192,0.6891109806037906,0.2479876505486255,341.5800437171492,430.3064815397293,0.1135783471438591,0.1229910790060206,6.794993845113109,0.0651041666666666,3305.513008353806,5.806770833333332,0.9583333333333334,0.2763888888888889,0.3518518518518518,0.3956043956043956,0.0,0.2659722222222222,0.2644895140093123,0.301165899821487,130.8581000380865,11.644745928711831,0.0778594559896617,0.0778594559896617,0.3319444444444444,risk_seed602_sr0.0_gap700_low_multi_objective_with_smurf_exposure_penalty,0.0,700,low,0.08,0.1,30,720,16,120,0.1577111496083301,0.3640371376220174,0.0,0.0,0.5217482872303475,0.0
risk_transfer,602,dynamic_k,multi_objective_without_smurf_penalty,risk_transfer,192,0.6959874195335738,0.2514126458056823,343.2477600078114,429.4312530218454,0.1148589651082442,0.1227613935863398,6.801825082285158,0.0520833333333333,3315.4093540812555,5.745833333333333,0.8055555555555556,0.2083333333333333,0.4107142857142857,0.3186813186813186,0.0,0.2491666666666666,0.3056002231859299,0.3422557960985874,130.07054909730311,11.852281423786216,0.071245233202657,0.071245233202657,0.3777777777777777,risk_seed602_sr0.0_gap700_high_multi_objective_without_smurf_penalty,0.0,700,high,0.45,0.1,30,720,16,120,0.13734544947057534,0.4083984258459926,0.0,0.0,0.545743875316568,0.0
risk_transfer,602,dynamic_k,multi_objective_with_smurf_exposure_penalty,risk_transfer,192,0.6927813972640372,0.2498171314324473,342.26420124584706,429.02945292523145,0.1148951163328038,0.1295191394712752,8.577871658152675,0.0609375,3502.1784659886403,5.822395833333334,1.0277777777777777,0.4375,0.6,0.4725274725274725,0.0,0.2806944444444444,0.3026046736900526,0.32492031624423,130.36454440979378,12.68088283093422,0.0934562137735833,0.0934562137735833,0.3944444444444444,risk_seed602_sr0.0_gap700_high_multi_objective_with_smurf_exposure_penalty,0.0,700,high,0.45,0.1,30,720,16,120,0.2206072970736908,0.32513657824287717,0.0,0.0,0.545743875316568,0.0
risk_transfer,602,dynamic_k,nearest,risk_transfer,1164,0.694339633419547,0.2505843507205226,355.7395979264381,444.8671534236816,0.1488723096181891,0.2363366948383113,51.91353431963136,0.0083762886597938,95.08743623130474,5.972250859106529,2.6694444444444443,1.7763888888888888,2.6,1.0918367346938775,0.2972222222222222,0.6404166666666667,0.4515858743954091,0.4695378055858311,139.39158741186048,22.21569120054053,0.2513047867211058,0.2513047867211058,0.7222222222222222,risk_seed602_sr0.02_gap700_high_nearest,0.02,700,high,0.45,0.1,30,720,16,120,0.7008051914276107,0.0,0.0,0.0,0.7008051914276107,0.2972222222222222
risk_transfer,602,dynamic_k,role_aware,risk_transfer,192,0.6963341811770132,0.251591697619872,353.53815281204646,439.2461427251378,0.1139745558114845,0.1384762460811798,7.473267369025703,0.0177083333333333,2489.8264893425226,5.944791666666667,1.0833333333333333,0.4416666666666666,0.2982456140350877,0.5102040816326531,1.0125,0.2855555555555555,0.310415141066709,0.3552532767511471,129.57772782043006,11.141928526188664,0.0923478659484115,0.0923478659484115,0.3736111111111111,risk_seed602_sr0.02_gap300_low_role_aware,0.02,300,low,0.08,0.1,30,720,16,120,0.22708283807766363,0.3150115199855129,0.3027777777777777,0.9611641434310154,0.5420943580631765,0.7097222222222223
risk_transfer,602,dynamic_k,nearest,risk_transfer,732,0.6935874538992279,0.250229309290471,339.4367492576427,421.45626194886654,0.1342584448942371,0.2165847675706744,46.1962500058328,0.0188524590163934,132.9617428129521,6.017622950819671,1.8305555555555555,0.9472222222222222,1.7384615384615385,0.6363636363636364,0.8513888888888889,0.4704166666666666,0.4459934651626466,0.4669965791445229,138.77622854143826,16.57751681525732,0.1612079108668505,0.1612079108668505,0.5194444444444445,risk_seed602_sr0.05_gap300_low_nearest,0.05,300,low,0.08,0.1,30,720,16,120,0.49842749853863594,0.0,0.0,0.0,0.49842749853863594,0.8513888888888889
risk_transfer,602,dynamic_k,multi_objective_without_smurf_penalty,risk_transfer,192,0.6954319437115352,0.2511412689991166,357.18029975283633,444.2557740708036,0.114374585063099,0.1416839222170732,6.220346785790017,0.0567708333333333,2327.205393436011,5.930208333333333,1.1388888888888888,0.4972222222222222,0.6290322580645161,0.5714285714285714,0.6263888888888889,0.2870833333333333,0.317167204057133,0.3530668485404898,129.6851275238821,11.930187833097383,0.0975248936238063,0.0975248936238063,0.3472222222222222,risk_seed602_sr0.02_gap300_low_multi_objective_without_smurf_penalty,0.02,300,low,0.08,0.1,30,720,16,120,0.2992101212925595,0.242884236770617,-0.08333333333333337,-0.3430989776913125,0.5420943580631765,0.7097222222222223
risk_transfer,602,dynamic_k,nearest,risk_transfer,732,0.6935016019135367,0.2501707319913621,340.43543144781864,424.1236729378938,0.1363654076058378,0.2191700545883849,46.1309851060357,0.0182377049180327,142.80870224571714,5.918442622950819,1.8166666666666669,1.0472222222222225,1.6363636363636365,0.7613636363636364,0.8444444444444444,0.4869444444444444,0.4470499324595219,0.4658467256300405,138.36238433894158,18.86530347925777,0.1723581574822845,0.1723581574822845,0.6055555555555555,risk_seed602_sr0.05_gap300_high_nearest,0.05,300,high,0.45,0.1,30,720,16,120,0.5211340361778746,0.0,0.0,0.0,0.5211340361778746,0.8444444444444444
risk_transfer,602,dynamic_k,multi_objective_with_smurf_exposure_penalty,risk_transfer,192,0.6955574663112284,0.2512053104420867,354.932740450526,441.52889048405547,0.1140786742607156,0.1308588549383662,8.110630513359224,0.0770833333333333,2508.0956261140577,5.966145833333333,1.0694444444444444,0.3875,0.4833333333333333,0.4693877551020408,0.5986111111111111,0.2951388888888889,0.2938895785825969,0.359019487305823,129.84207543879867,12.140757509990904,0.0905298274396807,0.0905298274396807,0.3666666666666666,risk_seed602_sr0.02_gap300_low_multi_objective_with_smurf_exposure_penalty,0.02,300,low,0.08,0.1,30,720,16,120,0.2744239267928297,0.26767043127034684,-0.11111111111111116,-0.41510416590949134,0.5420943580631765,0.7097222222222223
risk_transfer,602,dynamic_k,role_aware,risk_transfer,192,0.6935996101477094,0.2502085680615014,355.26915634928554,440.4750692975935,0.116032524540973,0.1424291007264423,8.09238556607973,0.0239583333333333,2612.046117593383,5.853645833333332,1.1388888888888888,0.5152777777777777,0.576271186440678,0.4387755102040816,0.9611111111111112,0.2743055555555556,0.3158176140855448,0.3489077434880008,130.01947039708628,12.20891179081844,0.098336983664328,0.098336983664328,0.3277777777777778,risk_seed602_sr0.02_gap300_high_role_aware,0.02,300,high,0.45,0.1,30,720,16,120,0.24916799727153796,0.44787247247976725,0.48750000000000016,1.0884794890403162,0.6970404697513052,0.4736111111111111
risk_transfer,602,dynamic_k,multi_objective_with_smurf_exposure_penalty,risk_transfer,192,0.6908640165697069,0.2488580079561775,355.6709091318831,442.0031610277652,0.115635069752381,0.1330904852343429,9.189231121300413,0.07890625,2578.731085466037,5.95,0.9861111111111112,0.3652777777777777,0.7666666666666667,0.4489795918367347,0.4986111111111111,0.29,0.3145450176736664,0.3460216159528641,129.24064075438733,11.85335464996462,0.0873425646137679,0.0873425646137679,0.3916666666666666,risk_seed602_sr0.02_gap300_high_multi_objective_with_smurf_exposure_penalty,0.02,300,high,0.45,0.1,30,720,16,120,0.2855531909791958,0.4114872787721094,0.025000000000000022,0.060755219637896915,0.6970404697513052,0.4736111111111111
risk_transfer,602,dynamic_k,multi_objective_without_smurf_penalty,risk_transfer,192,0.6929488442987132,0.2499010882003695,355.7917995212066,443.8586337221094,0.1159002433080698,0.1335550370506772,6.0812589443388285,0.06015625,2658.77050625786,5.874479166666667,0.9722222222222222,0.3277777777777778,0.5967741935483871,0.4489795918367347,0.6888888888888889,0.2747222222222222,0.297387898132091,0.3498401387883654,129.42328331264915,11.942314311399436,0.0841213455309159,0.0841213455309159,0.3861111111111111,risk_seed602_sr0.02_gap300_high_multi_objective_without_smurf_penalty,0.02,300,high,0.45,0.1,30,720,16,120,0.24631225821113914,0.45072821154016607,0.2152777777777778,0.47762215070177294,0.6970404697513052,0.4736111111111111
risk_transfer,602,dynamic_k,role_aware,risk_transfer,192,0.6948024118260571,0.2508004555625615,370.2503249414288,463.3317385825412,0.1137239403325138,0.1353392529997781,10.63891664174062,0.01796875,5249.202392067738,6.0015625,1.0833333333333333,0.4236111111111111,0.2758620689655172,0.3673469387755102,0.8847222222222222,0.3084722222222222,0.3103743037001044,0.3502215438676345,139.16355120629248,10.638728073120502,0.088964208044485,0.088964208044485,0.2930555555555555,risk_seed602_sr0.02_gap700_low_role_aware,0.02,700,low,0.08,0.1,30,720,16,120,0.19263854710339903,0.36465848356431074,0.46249999999999997,1.268309996463949,0.5572970306677097,0.4222222222222222
risk_transfer,602,dynamic_k,nearest,risk_transfer,732,0.6940667902422832,0.250464043909035,371.82553075400807,483.1649863133786,0.1341501046509139,0.2146941313611906,46.509474639218745,0.0187158469945355,262.28256776519044,6.017622950819671,1.7138888888888888,0.8430555555555556,1.553846153846154,0.6136363636363636,0.2402777777777777,0.4704166666666667,0.4509788902698193,0.4674811916812422,169.1178831395449,18.03079302016152,0.1567715548514737,0.1567715548514737,0.6055555555555555,risk_seed602_sr0.05_gap700_low_nearest,0.05,700,low,0.08,0.1,30,720,16,120,0.427672898583123,0.0,0.0,0.0,0.427672898583123,0.2402777777777777
risk_transfer,602,dynamic_k,multi_objective_without_smurf_penalty,risk_transfer,192,0.6937335402450668,0.2503009828160772,368.4345863713406,463.527238407608,0.1145767464046448,0.1366425189923414,8.573351109541628,0.0666666666666666,5833.562820706429,5.9296875,1.0277777777777777,0.4291666666666666,0.5245901639344263,0.4285714285714285,0.8125,0.2788888888888889,0.2943026122801762,0.3198632828146134,139.18259056999872,10.98647596519277,0.0883530071480709,0.0883530071480709,0.325,risk_seed602_sr0.02_gap700_low_multi_objective_without_smurf_penalty,0.02,700,low,0.08,0.1,30,720,16,120,0.2697343070408763,0.28756272362683344,0.3902777777777778,1.3571918253362922,0.5572970306677097,0.4222222222222222
risk_transfer,602,dynamic_k,nearest,risk_transfer,732,0.6929511710217343,0.2499187667628395,372.42423396844686,484.36380345143294,0.1364177154814586,0.2199617859556084,47.054196460091134,0.0193989071038251,352.4883615307116,5.918442622950819,1.836111111111111,1.1,1.9090909090909087,0.7840909090909091,0.1861111111111111,0.4869444444444444,0.4395418383555685,0.46289767221206,169.21658980748916,20.5418607036773,0.1800684847617331,0.1800684847617331,0.6569444444444444,risk_seed602_sr0.05_gap700_high_nearest,0.05,700,high,0.45,0.1,30,720,16,120,0.4944586017865501,0.0,0.0,0.0,0.4944586017865501,0.1861111111111111
risk_transfer,602,dynamic_k,multi_objective_without_smurf_penalty,risk_transfer,192,0.6971578306048322,0.2520054074620151,371.619762061878,466.2449751246537,0.1161091370811774,0.125904026786007,9.37522872002094,0.0744791666666666,5078.829373400867,5.846875,0.9722222222222222,0.3458333333333333,0.4032258064516129,0.3571428571428571,0.7472222222222222,0.2601388888888889,0.3002643838403422,0.3301604155919786,138.63400218463434,12.109786438035382,0.0839888619396291,0.0839888619396291,0.3569444444444444,risk_seed602_sr0.02_gap700_high_multi_objective_without_smurf_penalty,0.02,700,high,0.45,0.1,30,720,16,120,0.2519549317201844,0.44885025970742626,0.45,1.0025615230641132,0.7008051914276107,0.2972222222222222
risk_transfer,602,dynamic_k,multi_objective_with_smurf_exposure_penalty,risk_transfer,192,0.6985643003390153,0.2526830955761313,370.8641459623196,465.0458305430829,0.1160606788640943,0.144795437018518,10.772004927307776,0.0890625,4065.219384811311,5.9875,1.0833333333333333,0.4222222222222222,0.85,0.4897959183673469,0.6291666666666667,0.2991666666666667,0.3370244068268938,0.3750503212774519,138.52660114350488,11.995083760624713,0.0934976132581319,0.0934976132581319,0.3875,risk_seed602_sr0.02_gap700_high_multi_objective_with_smurf_exposure_penalty,0.02,700,high,0.45,0.1,30,720,16,120,0.34832038100194135,0.3524848104256693,0.33194444444444443,0.9417269471656954,0.7008051914276107,0.2972222222222222
risk_transfer,602,dynamic_k,multi_objective_with_smurf_exposure_penalty,risk_transfer,192,0.6950974347615908,0.2509713622344008,367.7156948469371,462.6864916841956,0.1145733263110402,0.1328725563002114,12.187640281636192,0.0877604166666666,3345.1539581805378,6.003645833333334,1.0277777777777777,0.4027777777777778,0.3559322033898305,0.4897959183673469,0.7208333333333333,0.3044444444444444,0.3002691575981939,0.3326091204580952,138.8770564247032,12.197318551046871,0.0899492999155366,0.0899492999155366,0.3486111111111111,risk_seed602_sr0.02_gap700_low_multi_objective_with_smurf_exposure_penalty,0.02,700,low,0.08,0.1,30,720,16,120,0.2991433299612565,0.25815370070645327,0.2986111111111111,1.156718305001802,0.5572970306677097,0.4222222222222222
risk_transfer,602,dynamic_k,role_aware,risk_transfer,192,0.6910082070231242,0.2489008418783532,370.69551136907313,463.3314924218223,0.1154350402609968,0.1451180431999476,11.78379402907688,0.0200520833333333,5858.204386602666,5.8859375,1.2083333333333333,0.5833333333333334,0.8666666666666667,0.5,0.8208333333333333,0.28875,0.3174041147867397,0.3629950700287161,139.11664106109464,12.327496365015673,0.1060029974158191,0.1060029974158191,0.375,risk_seed602_sr0.02_gap700_high_role_aware,0.02,700,high,0.45,0.1,30,720,16,120,0.26946333576707643,0.43134185566053423,0.523611111111111,1.2139121308069687,0.7008051914276107,0.2972222222222222
risk_transfer,602,dynamic_k,nearest,risk_transfer,948,0.6934691220175521,0.2501647980952515,340.6069066458634,430.1591748718981,0.1418131302237212,0.2328548590127192,49.70279653063946,0.0116561181434599,46.39914731260272,6.054430379746836,2.1972222222222224,1.227777777777778,1.7936507936507935,0.7894736842105263,1.1944444444444444,0.5444444444444444,0.4624888350653336,0.4777706910715357,149.21202914756648,17.686240630771167,0.193058362470916,0.193058362470916,0.5638888888888889,risk_seed602_sr0.1_gap300_low_nearest,0.1,300,low,0.08,0.1,30,720,16,120,0.6032582033291136,0.0,0.0,0.0,0.6032582033291136,1.1944444444444444
risk_transfer,602,dynamic_k,role_aware,risk_transfer,192,0.6979150753198192,0.2523607717161273,351.9929690233675,436.5265427806603,0.1165408091059695,0.136395935396922,9.791510046891291,0.01875,5624.662277178242,5.815104166666667,1.125,0.4833333333333333,0.7014925373134329,0.4204545454545454,1.227777777777778,0.2661111111111111,0.3099043715169043,0.3456514660539681,137.85376680981057,12.550298913928833,0.0977752537753226,0.0977752537753226,0.3861111111111111,risk_seed602_sr0.05_gap300_high_role_aware,0.05,300,high,0.45,0.1,30,720,16,120,0.25504642405445777,0.2660876121234168,0.38333333333333364,1.4406282587689045,0.5211340361778746,0.8444444444444444
risk_transfer,602,dynamic_k,role_aware,risk_transfer,192,0.6905680605351194,0.2487048301592808,349.70706310379586,433.6699089479202,0.1127766410894239,0.1364400781945321,11.760644675950212,0.0197916666666666,5369.288794715437,5.869270833333332,1.0833333333333333,0.3763888888888889,0.3076923076923077,0.3295454545454545,1.4125,0.2733333333333334,0.292278194766066,0.334095918150068,138.46835331875474,11.02402957818786,0.0860941074978859,0.0860941074978859,0.3138888888888889,risk_seed602_sr0.05_gap300_low_role_aware,0.05,300,low,0.08,0.1,30,720,16,120,0.21177137319722059,0.2866561253414154,0.5611111111111112,1.9574363200605338,0.49842749853863594,0.8513888888888889
risk_transfer,602,dynamic_k,multi_objective_without_smurf_penalty,risk_transfer,192,0.6951351140482579,0.2509891688520387,352.2479070941824,435.265921923334,0.1130593396986481,0.1170779901206821,7.536856530510076,0.0643229166666666,4044.8752833929098,5.8359375,0.7916666666666666,0.2555555555555555,0.2835820895522388,0.2613636363636363,1.522222222222222,0.2588888888888889,0.2802211371447467,0.3179539679012996,138.23342787845493,10.898181531354464,0.0709529361340397,0.0709529361340397,0.3222222222222222,risk_seed602_sr0.05_gap300_low_multi_objective_without_smurf_penalty,0.05,300,low,0.08,0.1,30,720,16,120,0.2346044077424851,0.26382309079615085,0.6708333333333331,2.542739270125784,0.49842749853863594,0.8513888888888889
risk_transfer,602,dynamic_k,multi_objective_with_smurf_exposure_penalty,risk_transfer,192,0.696699377190562,0.2517740262861322,350.1901232572325,433.88100503361454,0.1131849043473019,0.1285710565812463,11.100298755151094,0.09140625,4080.9804992852864,5.890104166666667,1.0277777777777777,0.3791666666666666,0.3181818181818182,0.3068181818181818,1.5194444444444444,0.2826388888888889,0.3035664548426222,0.3465467942301842,138.08493517831232,11.100782174853324,0.085348441683135,0.085348441683135,0.3194444444444444,risk_seed602_sr0.05_gap300_low_multi_objective_with_smurf_exposure_penalty,0.05,300,low,0.08,0.1,30,720,16,120,0.3296435935696695,0.16878390496896645,0.6680555555555555,3.9580524913106374,0.49842749853863594,0.8513888888888889
risk_transfer,602,dynamic_k,multi_objective_without_smurf_penalty,risk_transfer,192,0.6957991785510288,0.2513151324661819,352.87014523632126,437.8869702444363,0.1165630062374063,0.1386613348195328,9.103734543344864,0.0734375,5279.698719459063,5.863020833333333,1.0694444444444444,0.4555555555555555,0.4705882352941176,0.3522727272727273,1.4944444444444445,0.2694444444444444,0.3150712668518868,0.3290266648579988,137.41058345697587,11.934075781284362,0.0945658438679601,0.0945658438679601,0.4069444444444444,risk_seed602_sr0.05_gap300_high_multi_objective_without_smurf_penalty,0.05,300,high,0.45,0.1,30,720,16,120,0.33255863835247407,0.1885753978254005,0.65,3.4468971429763418,0.5211340361778746,0.8444444444444444
risk_transfer,602,dynamic_k,multi_objective_with_smurf_exposure_penalty,risk_transfer,192,0.6881877604603194,0.2475363637181063,350.69869160379307,436.1577038965985,0.1163460794733308,0.1221904073409179,12.127798271715434,0.084375,4354.501789790147,5.923958333333334,0.8472222222222222,0.2263888888888889,0.417910447761194,0.3295454545454545,1.2763888888888888,0.2809722222222222,0.289404659737949,0.3420141052921762,137.64876804664195,12.256996724768015,0.07617663658445,0.07617663658445,0.4111111111111111,risk_seed602_sr0.05_gap300_high_multi_objective_with_smurf_exposure_penalty,0.05,300,high,0.45,0.1,30,720,16,120,0.2731146691590991,0.24801936701877547,0.43194444444444435,1.7415754649988502,0.5211340361778746,0.8444444444444444
risk_transfer,602,dynamic_k,nearest,risk_transfer,1056,0.693004816130678,0.249931829232073,337.575699373122,429.60343548474617,0.1470420927874031,0.224459732384272,51.09119997444253,0.0102272727272727,41.224718574459565,6.137026515151515,2.1194444444444445,1.2805555555555554,2.353846153846154,0.7894736842105263,1.1458333333333333,0.6130555555555556,0.4574639590316464,0.4738626690275766,148.75644403010202,20.61098420990209,0.2049926341400944,0.2049926341400944,0.7166666666666667,risk_seed602_sr0.1_gap300_high_nearest,0.1,300,high,0.45,0.1,30,720,16,120,0.6197299078401358,0.0,0.0,0.0,0.6197299078401358,1.1458333333333333
risk_transfer,602,dynamic_k,nearest,risk_transfer,948,0.6940497738342596,0.2504351011007203,411.7128426774586,557.5118915976,0.1407038689586303,0.2341354121263428,50.104123105757886,0.0118143459915611,110.99833379716104,6.054430379746836,2.2111111111111112,1.3208333333333333,1.734375,0.9078947368421052,0.6152777777777778,0.5444444444444444,0.4741136955595244,0.4860297692312209,201.75414721512453,17.29250680221508,0.1978453476313108,0.1978453476313108,0.5375,risk_seed602_sr0.1_gap700_low_nearest,0.1,700,low,0.08,0.1,30,720,16,120,0.5962553462449147,0.0,0.0,0.0,0.5962553462449147,0.6152777777777778
risk_transfer,602,dynamic_k,multi_objective_without_smurf_penalty,risk_transfer,192,0.692910475394546,0.2498882161596346,381.9735003158856,494.6658491075771,0.1130648441019466,0.1322987236521862,10.95178431412383,0.0684895833333333,18870.21057173388,5.827083333333332,0.9444444444444444,0.3597222222222222,0.2686567164179104,0.2727272727272727,1.0791666666666666,0.2656944444444444,0.3114658175583256,0.3413218164117269,169.43333037235212,11.363350733320251,0.0824410586971303,0.0824410586971303,0.3361111111111111,risk_seed602_sr0.05_gap700_low_multi_objective_without_smurf_penalty,0.05,700,low,0.08,0.1,30,720,16,120,0.2526530352028447,0.1750198633802783,0.8388888888888889,4.793106751924348,0.427672898583123,0.2402777777777777
risk_transfer,602,dynamic_k,role_aware,risk_transfer,192,0.701044991211275,0.2540126444669539,382.0286348643573,494.6549109009607,0.1169030547580627,0.1363431107808505,21.32013316519944,0.0234375,18919.960956974955,5.908333333333332,1.0972222222222223,0.5013888888888889,0.9104477611940298,0.5,0.8777777777777778,0.28875,0.3193747908335025,0.3700026338341981,168.71148479265923,13.209976636699563,0.1010363123969895,0.1010363123969895,0.4180555555555555,risk_seed602_sr0.05_gap700_high_role_aware,0.05,700,high,0.45,0.1,30,720,16,120,0.2661310711987666,0.2283275305877835,0.6916666666666667,3.02927406470043,0.4944586017865501,0.1861111111111111
risk_transfer,602,dynamic_k,role_aware,risk_transfer,192,0.6933658751244312,0.2499983198993803,383.2913251713799,495.1639729804014,0.1121294788264038,0.1312676105149019,19.29411497753636,0.01875,18349.911315172347,5.844791666666666,1.0833333333333333,0.4486111111111111,0.2615384615384615,0.375,0.9902777777777778,0.2666666666666666,0.2978483868354152,0.3370425916050159,169.6968095562136,11.148746007489184,0.0913330393780571,0.0913330393780571,0.3430555555555555,risk_seed602_sr0.05_gap700_low_role_aware,0.05,700,low,0.08,0.1,30,720,16,120,0.19584888521675656,0.23182401336636646,0.7500000000000001,3.2352127336124004,0.427672898583123,0.2402777777777777
risk_transfer,602,dynamic_k,multi_objective_with_smurf_exposure_penalty,risk_transfer,192,0.7039724868019315,0.2552781119149416,383.3491263106876,495.0979110417511,0.1138998082630715,0.1365587239463769,21.656655321819105,0.09140625,16460.568082675276,5.903124999999999,1.0555555555555556,0.3694444444444444,0.2153846153846154,0.3409090909090909,1.288888888888889,0.2843055555555556,0.2908123671568413,0.3181856864775236,169.08998945027523,11.625611101358515,0.0865902769767856,0.0865902769767856,0.3222222222222222,risk_seed602_sr0.05_gap700_low_multi_objective_with_smurf_exposure_penalty,0.05,700,low,0.08,0.1,30,720,16,120,0.30686304461939035,0.12080985396373267,1.0486111111111112,8.679847518281962,0.427672898583123,0.2402777777777777
risk_transfer,602,dynamic_k,multi_objective_without_smurf_penalty,risk_transfer,192,0.6918595776778856,0.2493775369274093,382.203891231433,495.3421740423346,0.1165431671139623,0.1332372855328611,11.84291375032062,0.07734375,17943.675969975597,5.805208333333333,1.0416666666666667,0.3305555555555555,0.4705882352941176,0.375,0.9722222222222222,0.26375,0.2945705906734349,0.326187884294994,169.3234019137258,13.237630678731836,0.0882774039536117,0.0882774039536117,0.4097222222222222,risk_seed602_sr0.05_gap700_high_multi_objective_without_smurf_penalty,0.05,700,high,0.45,0.1,30,720,16,120,0.27842005191348745,0.21603854987306265,0.7861111111111111,3.6387538778287714,0.4944586017865501,0.1861111111111111
risk_transfer,602,dynamic_k,multi_objective_with_smurf_exposure_penalty,risk_transfer,192,0.7076485090114638,0.2572698866632905,384.5076932870688,496.4284059023352,0.117166029398094,0.1252258160810886,26.10474069253208,0.0880208333333333,14454.678834468694,5.920312499999999,1.0138888888888888,0.4111111111111111,0.7941176470588235,0.3522727272727273,1.1708333333333334,0.2963888888888889,0.2884480803808347,0.3281461066199972,168.64131870269884,12.333229733404286,0.0916558241116798,0.0916558241116798,0.3875,risk_seed602_sr0.05_gap700_high_multi_objective_with_smurf_exposure_penalty,0.05,700,high,0.45,0.1,30,720,16,120,0.32164208885712187,0.17281651292942823,0.9847222222222223,5.698079457397371,0.4944586017865501,0.1861111111111111
risk_transfer,602,dynamic_k,nearest,risk_transfer,1056,0.6916236857118309,0.2492669643559907,410.8877834285104,555.4834842723449,0.1467952157451202,0.2279045230508158,51.69360147357713,0.0115056818181818,95.198514434563,6.137026515151515,2.2444444444444445,1.3736111111111111,2.2794117647058822,0.6447368421052632,0.4847222222222222,0.6130555555555556,0.4575139437818686,0.4771166915360858,201.6544987751381,21.7814236986431,0.2162069817089936,0.2162069817089936,0.7513888888888889,risk_seed602_sr0.1_gap700_high_nearest,0.1,700,high,0.45,0.1,30,720,16,120,0.5662010252773667,0.0,0.0,0.0,0.5662010252773667,0.4847222222222222
risk_transfer,602,dynamic_k,role_aware,risk_transfer,192,0.7017886196389457,0.2542366293240417,353.1732448950015,445.56795108527433,0.115204864702774,0.1356264055793077,11.619037786553818,0.0140625,5516.016150615139,5.857291666666666,1.0555555555555556,0.3819444444444444,0.2941176470588235,0.4342105263157895,1.7208333333333334,0.2713888888888889,0.2929762271919517,0.3311464012611064,148.1057103358235,11.83080680850874,0.0883890098199486,0.0883890098199486,0.3736111111111111,risk_seed602_sr0.1_gap300_low_role_aware,0.1,300,low,0.08,0.1,30,720,16,120,0.23983331858843604,0.3634248847406776,0.526388888888889,1.4484117928922084,0.6032582033291136,1.1944444444444444
risk_transfer,602,dynamic_k,nearest,risk_transfer,732,0.6939572004035522,0.2503985918975319,362.4364562595516,465.75940558014224,0.1330241832297561,0.2198268982728567,45.95923088901563,0.0196721311475409,58.228578107089206,5.9711748633879775,1.7972222222222225,0.8777777777777778,1.1025641025641026,0.676923076923077,1.163888888888889,0.4763888888888888,0.4576325015817972,0.4754171187545744,153.7021777107118,15.87069515981542,0.1566945512621201,0.1566945512621201,0.5263888888888889,risk_seed602_sr0.15_gap300_low_nearest,0.15,300,low,0.08,0.1,30,720,16,120,0.49698143860022576,0.0,0.0,0.0,0.49698143860022576,1.163888888888889
risk_transfer,602,dynamic_k,multi_objective_without_smurf_penalty,risk_transfer,192,0.6881539633341726,0.2475260792650543,354.53330177135246,447.379736977401,0.114913132435593,0.1307887205091255,9.26329535293408,0.0674479166666666,5885.38446455809,5.793229166666666,0.9027777777777778,0.3013888888888889,0.1641791044776119,0.3815789473684211,1.9041666666666663,0.2572222222222222,0.3075324205961618,0.3634553302909011,148.54700378627382,12.520863286818392,0.0805314184031655,0.0805314184031655,0.3888888888888889,risk_seed602_sr0.1_gap300_low_multi_objective_without_smurf_penalty,0.1,300,low,0.08,0.1,30,720,16,120,0.31075870777571435,0.29249949555339927,0.7097222222222219,2.42640494432119,0.6032582033291136,1.1944444444444444
risk_transfer,602,dynamic_k,role_aware,risk_transfer,192,0.7020408494354333,0.2544207554212115,354.0817065656855,446.4428569360478,0.1164738909354862,0.1375289868573624,8.133761588779493,0.0213541666666666,4503.108425244501,5.763541666666666,1.0416666666666667,0.3777777777777777,0.5606060606060606,0.4605263157894737,1.6208333333333331,0.2490277777777777,0.3088804952916394,0.3381563736225733,148.32237112506493,11.873181540112665,0.0862921735130091,0.0862921735130091,0.3375,risk_seed602_sr0.1_gap300_high_role_aware,0.1,300,high,0.45,0.1,30,720,16,120,0.26992093808199125,0.3498089697581446,0.47499999999999987,1.3578839911635527,0.6197299078401358,1.1458333333333333
risk_transfer,602,dynamic_k,multi_objective_without_smurf_penalty,risk_transfer,192,0.6937964338728738,0.2503295735236582,354.31659187568465,445.9874628972216,0.116560738524333,0.1261078808919258,10.159024984815575,0.0744791666666666,5578.159540992895,5.660416666666666,0.9583333333333334,0.3513888888888888,0.3970588235294117,0.5394736842105263,1.823611111111111,0.2280555555555555,0.3053544801531739,0.3375494903568867,148.6901978397183,12.748806839040698,0.0845370037389458,0.0845370037389458,0.3833333333333333,risk_seed602_sr0.1_gap300_high_multi_objective_without_smurf_penalty,0.1,300,high,0.45,0.1,30,720,16,120,0.3597996148899743,0.2599302929501615,0.6777777777777778,2.6075366979551458,0.6197299078401358,1.1458333333333333
risk_transfer,602,dynamic_k,nearest,risk_transfer,840,0.6931801442933933,0.2500192083416523,356.0941360582671,460.1728769659153,0.1389298935356751,0.2341519287971163,48.16530253044806,0.015,47.50382799086554,5.830476190476191,2.102777777777778,1.225,1.7894736842105263,0.5692307692307692,1.1902777777777778,0.4855555555555555,0.4523128821408018,0.4683398706611859,153.47666450111652,18.37508764074985,0.1912413046597041,0.1912413046597041,0.6208333333333333,risk_seed602_sr0.15_gap300_high_nearest,0.15,300,high,0.45,0.1,30,720,16,120,0.5581227799576806,0.0,0.0,0.0,0.5581227799576806,1.1902777777777778
risk_transfer,602,dynamic_k,multi_objective_with_smurf_exposure_penalty,risk_transfer,192,0.7020395164030188,0.2544105283363487,356.0637502278949,449.24403980916793,0.1154874451685385,0.1297149453527348,12.246514619827304,0.0924479166666666,5378.0147948984,5.841145833333333,1.0138888888888888,0.4208333333333333,0.4090909090909091,0.5394736842105263,2.026388888888889,0.2679166666666667,0.2716817387085032,0.3211090808869201,148.38593654474164,10.984634279156024,0.0867007142438617,0.0867007142438617,0.3208333333333333,risk_seed602_sr0.1_gap300_low_multi_objective_with_smurf_exposure_penalty,0.1,300,low,0.08,0.1,30,720,16,120,0.3906027778651877,0.2126554254639259,0.8319444444444446,3.912171263110203,0.6032582033291136,1.1944444444444444
risk_transfer,602,dynamic_k,multi_objective_with_smurf_exposure_penalty,risk_transfer,192,0.7013427654261767,0.2540878203698975,355.42537303285525,448.51487504807056,0.1170600720774923,0.1277512155769861,13.711859816651751,0.0986979166666666,5157.700066197037,5.749479166666667,0.9583333333333334,0.3611111111111111,0.5074626865671642,0.4210526315789473,2.0055555555555555,0.2518055555555555,0.2869146008468272,0.3432482398299324,148.5531167129566,11.673371114464572,0.0836065735007963,0.0836065735007963,0.3527777777777778,risk_seed602_sr0.1_gap300_high_multi_objective_with_smurf_exposure_penalty,0.1,300,high,0.45,0.1,30,720,16,120,0.3846200280481232,0.23510987979201264,0.8597222222222223,3.6566826667716645,0.6197299078401358,1.1458333333333333
risk_transfer,602,dynamic_k,nearest,risk_transfer,732,0.6946625494600117,0.2507490373939123,459.1503264269121,631.2426872850026,0.1329376003314482,0.2278385177220438,45.74910140154537,0.0187841530054644,119.67634397081034,5.9711748633879775,1.9972222222222225,1.1458333333333333,1.0909090909090908,0.7692307692307693,0.6180555555555556,0.4763888888888888,0.4588719482547201,0.475188858868892,221.98546167457783,15.855805007266104,0.177322134369934,0.177322134369934,0.5111111111111111,risk_seed602_sr0.15_gap700_low_nearest,0.15,700,low,0.08,0.1,30,720,16,120,0.5119990191458743,0.0,0.0,0.0,0.5119990191458743,0.6180555555555556
risk_transfer,602,dynamic_k,multi_objective_without_smurf_penalty,risk_transfer,192,0.7019660910538056,0.2543990371271628,423.5383443711636,568.5735088364379,0.1152265321847286,0.1498410165707188,9.863911076569256,0.0708333333333333,18465.122631740927,5.752604166666667,1.3055555555555556,0.6805555555555556,0.2686567164179104,0.5394736842105263,1.275,0.2455555555555555,0.3256174677192702,0.3592187248486871,200.76844111758484,11.094082195927545,0.1098462654576846,0.1098462654576846,0.3569444444444444,risk_seed602_sr0.1_gap700_low_multi_objective_without_smurf_penalty,0.1,700,low,0.08,0.1,30,720,16,120,0.3792434084090897,0.217011937835825,0.6597222222222221,3.0400273312213755,0.5962553462449147,0.6152777777777778
risk_transfer,602,dynamic_k,role_aware,risk_transfer,192,0.7067465898456297,0.2566416284436674,425.40493434659874,570.0832189735245,0.1146068044351768,0.1417291426570162,17.127807818523607,0.0171874999999999,18733.393441169723,5.834895833333334,1.1388888888888888,0.5833333333333334,0.3283582089552239,0.3552631578947368,1.1319444444444444,0.26375,0.3241303301647859,0.3654213423307028,200.92773811790624,12.040527109877742,0.1025875500342765,0.1025875500342765,0.3694444444444444,risk_seed602_sr0.1_gap700_low_role_aware,0.1,700,low,0.08,0.1,30,720,16,120,0.23723867910265264,0.3590166671422621,0.5166666666666666,1.4391161022670151,0.5962553462449147,0.6152777777777778
risk_transfer,602,dynamic_k,multi_objective_with_smurf_exposure_penalty,risk_transfer,192,0.7081496702532468,0.2574059677570581,423.42371724534905,568.9605537587796,0.1154488850760595,0.1403278712851308,22.32854927389792,0.0890625,17125.383764089358,5.859895833333333,1.0277777777777777,0.3819444444444444,0.208955223880597,0.4342105263157895,1.5361111111111112,0.2681944444444444,0.3275088903087778,0.37880392468881,200.89780756331805,11.974580977334163,0.0877438295976503,0.0877438295976503,0.375,risk_seed602_sr0.1_gap700_low_multi_objective_with_smurf_exposure_penalty,0.1,700,low,0.08,0.1,30,720,16,120,0.3587051251759174,0.2375502210689973,0.9208333333333334,3.8763732956740715,0.5962553462449147,0.6152777777777778
risk_transfer,602,dynamic_k,nearest,risk_transfer,840,0.6939058406301994,0.250373877662209,458.0487043863525,631.2164757130565,0.1387729631450777,0.2405372265207719,48.22180169580603,0.014345238095238,97.10941770116668,5.830476190476191,2.213888888888889,1.3902777777777775,1.9230769230769231,0.7076923076923077,0.5527777777777778,0.4855555555555556,0.4533718122388107,0.4726751764506551,221.3922383787444,18.26981924928141,0.2029423784397064,0.2029423784397064,0.6041666666666666,risk_seed602_sr0.15_gap700_high_nearest,0.15,700,high,0.45,0.1,30,720,16,120,0.565137965353091,0.0,0.0,0.0,0.565137965353091,0.5527777777777778
risk_transfer,602,dynamic_k,role_aware,risk_transfer,192,0.6965549596696006,0.2515378092411177,424.1706558664594,567.8748149704359,0.1153253885052545,0.1417339942464764,14.007362168288433,0.0294270833333333,15358.792533665925,5.7296875,1.0555555555555556,0.4277777777777777,0.4264705882352941,0.4605263157894737,1.0277777777777777,0.2383333333333332,0.3314019047895314,0.3734478233304605,200.85228091172547,12.32865476536915,0.0921911707954596,0.0921911707954596,0.4083333333333333,risk_seed602_sr0.1_gap700_high_role_aware,0.1,700,high,0.45,0.1,30,720,16,120,0.25466684837965153,0.3115341768977152,0.5430555555555554,1.7431652634820056,0.5662010252773667,0.4847222222222222
risk_transfer,602,dynamic_k,multi_objective_without_smurf_penalty,risk_transfer,192,0.6978416416775803,0.2522969735326364,423.936728298895,567.7200963664382,0.1170022417921721,0.1431538855505463,12.00971489788268,0.0731770833333333,18775.27948505396,5.670833333333333,1.1805555555555556,0.5458333333333333,0.4705882352941176,0.6052631578947368,1.334722222222222,0.2291666666666666,0.3339989810511275,0.3714825060133448,200.69462388463413,12.490089402184877,0.1031135388575346,0.1031135388575346,0.4444444444444444,risk_seed602_sr0.1_gap700_high_multi_objective_without_smurf_penalty,0.1,700,high,0.45,0.1,30,720,16,120,0.3910000703873296,0.17520095489003712,0.8499999999999996,4.851571731064436,0.5662010252773667,0.4847222222222222
risk_transfer,602,dynamic_k,multi_objective_with_smurf_exposure_penalty,risk_transfer,192,0.6954381961562355,0.2510828759310975,426.4394460695256,570.9938637113287,0.1161009398981284,0.1305686059306144,25.051261671097294,0.09921875,17929.927464441236,5.764583333333334,1.0138888888888888,0.3194444444444444,0.3333333333333333,0.4605263157894737,1.5055555555555555,0.2504166666666667,0.2941790191462656,0.3528167085131337,201.04668761752896,11.79653548411268,0.0837939517108197,0.0837939517108197,0.3972222222222222,risk_seed602_sr0.1_gap700_high_multi_objective_with_smurf_exposure_penalty,0.1,700,high,0.45,0.1,30,720,16,120,0.35356247269658325,0.21263855258078346,1.0208333333333333,4.80079139433339,0.5662010252773667,0.4847222222222222
risk_transfer,603,dynamic_k,nearest,risk_transfer,1272,0.6931529097884871,0.2500015619361274,307.0098591062807,391.6684637375412,0.1485189300611678,0.2241351614578813,52.96699232603108,0.00625,18.740733335467187,5.931446540880503,2.488888888888889,1.4430555555555555,3.0821917808219177,0.7901234567901234,0.0,0.6527777777777778,0.4493306485575176,0.4619043762002502,133.3731670081082,20.42082109934877,0.2216180459339861,0.2216180459339861,0.6166666666666667,risk_seed603_sr0.0_gap300_low_nearest,0.0,300,low,0.08,0.1,30,720,16,120,0.6050195422429543,0.0,0.0,0.0,0.6050195422429543,0.0
risk_transfer,602,dynamic_k,role_aware,risk_transfer,192,0.6981832971088174,0.2524814308969816,370.5906535963325,474.9347583048638,0.1137566607579023,0.1294176541967637,9.52681628264657,0.0145833333333333,4973.67273143292,5.917708333333333,1.0138888888888888,0.35,0.2857142857142857,0.3846153846153846,1.4291666666666667,0.2815277777777777,0.2979728916154264,0.3273790685574325,152.60559910512342,11.500173416007245,0.0849639907379716,0.0849639907379716,0.3680555555555556,risk_seed602_sr0.15_gap300_low_role_aware,0.15,300,low,0.08,0.1,30,720,16,120,0.20888101103068343,0.28810042756954235,0.2652777777777777,0.9207823119725997,0.49698143860022576,1.163888888888889
risk_transfer,602,dynamic_k,multi_objective_without_smurf_penalty,risk_transfer,192,0.6912084902945158,0.2490156692903546,369.0002387665229,473.8187006269167,0.1137204785367665,0.1306847618957413,9.525205639846456,0.06875,5157.642402366083,5.901041666666667,0.9305555555555556,0.3069444444444444,0.0641025641025641,0.3076923076923077,1.7041666666666666,0.2830555555555555,0.3114140906482704,0.3567397537196388,153.3313515986946,10.998683139088076,0.0786043479268385,0.0786043479268385,0.3305555555555555,risk_seed602_sr0.15_gap300_low_multi_objective_without_smurf_penalty,0.15,300,low,0.08,0.1,30,720,16,120,0.2871597155063821,0.20982172309384367,0.5402777777777776,2.574937283953845,0.49698143860022576,1.163888888888889
risk_transfer,602,dynamic_k,role_aware,risk_transfer,192,0.6941699426907167,0.2505178053544333,369.2947027411448,474.08046056043736,0.1151215655864691,0.1340896840368602,11.00378860894662,0.02421875,5420.948960931778,5.853645833333334,1.0277777777777777,0.3402777777777778,0.3246753246753247,0.2769230769230769,1.55,0.2788888888888889,0.3042685070638533,0.3345734023818953,152.7574718957227,12.078542247939172,0.0865347401281259,0.0865347401281259,0.3888888888888889,risk_seed602_sr0.15_gap300_high_role_aware,0.15,300,high,0.45,0.1,30,720,16,120,0.22094617344614992,0.33717660651153064,0.3597222222222223,1.066865895424808,0.5581227799576806,1.1902777777777778
risk_transfer,602,dynamic_k,multi_objective_without_smurf_penalty,risk_transfer,192,0.6939912487654318,0.2504211999091126,368.647935889763,473.1252688868206,0.1156739194105228,0.1323150488611567,8.660637986109824,0.0684895833333333,5522.506232122473,5.761979166666667,1.0694444444444444,0.4319444444444444,0.240506329113924,0.3692307692307692,1.7527777777777778,0.2630555555555555,0.289339124684303,0.3322175277022725,152.24950692134763,12.370853351683818,0.0942173236212235,0.0942173236212235,0.4291666666666666,risk_seed602_sr0.15_gap300_high_multi_objective_without_smurf_penalty,0.15,300,high,0.45,0.1,30,720,16,120,0.31587956690475705,0.2422432130529235,0.5625,2.322046479284062,0.5581227799576806,1.1902777777777778
risk_transfer,603,dynamic_k,nearest,risk_transfer,840,0.6927036282700546,0.2497772461871033,316.48678998286954,401.2254997902041,0.1404402184335609,0.2067410712230916,48.37874406961738,0.0151785714285714,41.69349253135408,5.837261904761904,1.8722222222222225,1.0458333333333334,2.25,0.6296296296296297,0.0,0.4956944444444444,0.4376044975140768,0.462481192781472,133.15702921265094,17.67137755576118,0.1717960730405474,0.1717960730405474,0.5680555555555555,risk_seed603_sr0.0_gap300_high_nearest,0.0,300,high,0.45,0.1,30,720,16,120,0.46254430351232223,0.0,0.0,0.0,0.46254430351232223,0.0
risk_transfer,602,dynamic_k,multi_objective_with_smurf_exposure_penalty,risk_transfer,192,0.6953598191359354,0.2510907753165928,370.03492547834986,473.0815671894028,0.1141460725771466,0.132491622543546,11.637636433474327,0.09296875,4783.166596845936,5.899479166666667,1.0138888888888888,0.3791666666666666,0.3,0.3076923076923077,1.6902777777777778,0.2845833333333333,0.3074760681398718,0.3476520401248492,152.9337587179659,11.246567118883917,0.0869772488430148,0.0869772488430148,0.3861111111111111,risk_seed602_sr0.15_gap300_low_multi_objective_with_smurf_exposure_penalty,0.15,300,low,0.08,0.1,30,720,16,120,0.34488340392228073,0.15209803467794503,0.5263888888888888,3.4608526665283588,0.49698143860022576,1.163888888888889
risk_transfer,602,dynamic_k,multi_objective_with_smurf_exposure_penalty,risk_transfer,192,0.6952399770269242,0.2510425862578767,366.95697748999874,471.3985815030906,0.1157879561555545,0.1243664428160115,13.999758473789148,0.0921875,5159.260011414599,5.873958333333334,0.9861111111111112,0.4013888888888889,0.4487179487179487,0.4307692307692308,1.772222222222222,0.2809722222222222,0.2831474405472308,0.3249318288796914,153.03890983174517,12.647556082280609,0.0906352245054275,0.0906352245054275,0.4027777777777778,risk_seed602_sr0.15_gap300_high_multi_objective_with_smurf_exposure_penalty,0.15,300,high,0.45,0.1,30,720,16,120,0.36026629050207815,0.1978564894556024,0.5819444444444442,2.941245172425989,0.5581227799576806,1.1902777777777778
risk_transfer,603,dynamic_k,nearest,risk_transfer,1272,0.6931529097884871,0.2500015619361274,307.0098591062807,391.6684637375412,0.1485189300611678,0.2241351614578813,52.96699232603108,0.00625,18.740733335467187,5.931446540880503,2.488888888888889,1.4430555555555555,3.0821917808219177,0.7901234567901234,0.0,0.6527777777777778,0.4493306485575176,0.4619043762002502,133.3731670081082,20.42082109934877,0.2216180459339861,0.2216180459339861,0.6166666666666667,risk_seed603_sr0.0_gap700_low_nearest,0.0,700,low,0.08,0.1,30,720,16,120,0.6050195422429543,0.0,0.0,0.0,0.6050195422429543,0.0
risk_transfer,602,dynamic_k,role_aware,risk_transfer,192,0.6979680567645667,0.2524171304577278,468.2655848584103,639.2183430373349,0.1130517945269427,0.1456125149897439,13.594536801310817,0.02265625,14395.889564120109,5.8953125,1.1805555555555556,0.4861111111111111,0.2051282051282051,0.4307692307692308,0.8986111111111111,0.2779166666666666,0.3250824313906067,0.3542041738644103,221.5312316784272,11.014422007518036,0.0954410577787367,0.0954410577787367,0.3375,risk_seed602_sr0.15_gap700_low_role_aware,0.15,700,low,0.08,0.1,30,720,16,120,0.23052664650937738,0.28147237263649694,0.28055555555555556,0.9967427812813253,0.5119990191458743,0.6180555555555556
risk_transfer,602,dynamic_k,multi_objective_without_smurf_penalty,risk_transfer,192,0.6909944053239186,0.2489211431333985,468.6104170264143,640.4819966773018,0.1135870071889478,0.1404401041046921,10.424603196317682,0.06484375,17084.613603491885,5.802083333333333,1.0972222222222223,0.4458333333333333,0.2125,0.2615384615384615,1.2319444444444445,0.2569444444444444,0.3099821899847515,0.3484234780009099,221.93838859280527,10.755884151497114,0.089337362801287,0.089337362801287,0.3097222222222222,risk_seed602_sr0.15_gap700_low_multi_objective_without_smurf_penalty,0.15,700,low,0.08,0.1,30,720,16,120,0.27183505779043543,0.24016396135543888,0.6138888888888889,2.5561240971552057,0.5119990191458743,0.6180555555555556
risk_transfer,602,dynamic_k,role_aware,risk_transfer,192,0.6975638824028185,0.2521271930663712,464.0270594129745,636.8479783131875,0.114910006587996,0.1402417234597055,14.059865859773083,0.0208333333333333,16565.28408953853,5.902083333333334,1.0972222222222223,0.4986111111111111,0.131578947368421,0.2153846153846154,1.0986111111111112,0.2815277777777777,0.3197911387131463,0.3642619565784437,221.29265752425923,11.449337502422964,0.0965203275601204,0.0965203275601204,0.375,risk_seed602_sr0.15_gap700_high_role_aware,0.15,700,high,0.45,0.1,30,720,16,120,0.1947976881789142,0.37034027717417684,0.5458333333333334,1.4738697543195374,0.565137965353091,0.5527777777777778
risk_transfer,602,dynamic_k,multi_objective_with_smurf_exposure_penalty,risk_transfer,192,0.6879357919199377,0.2473533606966105,466.9176983637835,640.940145726679,0.1136044349171298,0.1257856853261762,20.540308606195808,0.0901041666666667,18008.76562377234,5.955208333333334,0.8888888888888888,0.3013888888888889,0.1139240506329113,0.2461538461538461,1.2916666666666667,0.2918055555555555,0.2855078540247006,0.3215406513771512,221.6120992982729,11.491987548838436,0.079654949568597,0.079654949568597,0.375,risk_seed602_sr0.15_gap700_low_multi_objective_with_smurf_exposure_penalty,0.15,700,low,0.08,0.1,30,720,16,120,0.26254656764451445,0.24945245150135986,0.6736111111111112,2.70035875397055,0.5119990191458743,0.6180555555555556
risk_transfer,603,dynamic_k,nearest,risk_transfer,840,0.6927036282700546,0.2497772461871033,316.48678998286954,401.2254997902041,0.1404402184335609,0.2067410712230916,48.37874406961738,0.0151785714285714,41.69349253135408,5.837261904761904,1.8722222222222225,1.0458333333333334,2.25,0.6296296296296297,0.0,0.4956944444444444,0.4376044975140768,0.462481192781472,133.15702921265094,17.67137755576118,0.1717960730405474,0.1717960730405474,0.5680555555555555,risk_seed603_sr0.0_gap700_high_nearest,0.0,700,high,0.45,0.1,30,720,16,120,0.46254430351232223,0.0,0.0,0.0,0.46254430351232223,0.0
risk_transfer,602,dynamic_k,multi_objective_without_smurf_penalty,risk_transfer,192,0.7003144338624967,0.2535764637364565,463.4573370122648,635.2766421480959,0.1160884157745629,0.148149896489229,11.639455441157883,0.06796875,19576.060303837963,5.784375,1.2222222222222223,0.6319444444444444,0.3875,0.3384615384615385,1.226388888888889,0.2563888888888889,0.3308591386826222,0.3649792065301604,221.3501840314476,13.022081638772134,0.109749742308149,0.109749742308149,0.4055555555555555,risk_seed602_sr0.15_gap700_high_multi_objective_without_smurf_penalty,0.15,700,high,0.45,0.1,30,720,16,120,0.33721277890413826,0.22792518644895277,0.6736111111111112,2.955404453566067,0.565137965353091,0.5527777777777778
risk_transfer,602,dynamic_k,multi_objective_with_smurf_exposure_penalty,risk_transfer,192,0.7005041340442273,0.2535591960565077,465.21445289805655,637.1247181406573,0.1152648970879728,0.1305469516306145,23.26593808916325,0.09140625,20070.630444730068,5.896354166666666,1.0138888888888888,0.4402777777777777,0.2692307692307692,0.3076923076923077,1.413888888888889,0.2723611111111111,0.3266179932408026,0.3667616827114627,221.1099002219068,12.478200114247768,0.0929310031769287,0.0929310031769287,0.3986111111111111,risk_seed602_sr0.15_gap700_high_multi_objective_with_smurf_exposure_penalty,0.15,700,high,0.45,0.1,30,720,16,120,0.33975123471165036,0.22538673064144066,0.8611111111111112,3.8205936465754973,0.565137965353091,0.5527777777777778
risk_transfer,603,dynamic_k,nearest,risk_transfer,624,0.6932879675841961,0.2500716097070348,336.57953258773364,423.7799471927042,0.1283663764592241,0.2216595659971115,43.28863275621001,0.0227564102564102,80.14180118389119,6.179967948717949,1.805555555555556,1.0375,1.3934426229508197,0.5747126436781609,0.8347222222222223,0.4745833333333334,0.451176730832152,0.4724114612875261,131.43309252144144,16.096329723722974,0.1631769452789724,0.1631769452789724,0.4847222222222222,risk_seed603_sr0.02_gap300_low_nearest,0.02,300,low,0.08,0.1,30,720,16,120,0.48668999812562935,0.0,0.0,0.0,0.48668999812562935,0.8347222222222223
risk_transfer,603,dynamic_k,role_aware,risk_transfer,192,0.6895173730050733,0.2481997165132786,325.0909874318938,411.567889901843,0.1135256040421453,0.1205876358332978,7.692448412231957,0.01484375,2952.499858398535,6.0078125,0.9583333333333334,0.2708333333333333,0.3866666666666666,0.382716049382716,0.0,0.306111111111111,0.2815035710567521,0.3209771791244991,133.1373675279393,11.737963466603818,0.0801315297882432,0.0801315297882432,0.3569444444444444,risk_seed603_sr0.0_gap300_low_role_aware,0.0,300,low,0.08,0.1,30,720,16,120,0.09076240293887974,0.5142571393040746,0.0,0.0,0.6050195422429543,0.0
risk_transfer,603,dynamic_k,multi_objective_without_smurf_penalty,risk_transfer,192,0.6954501518361957,0.2511490725221159,325.84090738999384,413.5686773269786,0.1143663299204645,0.1376530858743947,5.570058715554267,0.0453125,2567.525058396634,5.936458333333334,1.0555555555555556,0.4055555555555555,0.4430379746835443,0.3333333333333333,0.0,0.2795833333333333,0.298872867667545,0.3253057090601454,132.59934949917974,11.732877051500669,0.090173706351246,0.090173706351246,0.3638888888888889,risk_seed603_sr0.0_gap300_low_multi_objective_without_smurf_penalty,0.0,300,low,0.08,0.1,30,720,16,120,0.16339042953790267,0.4416291127050516,0.0,0.0,0.6050195422429543,0.0
risk_transfer,603,dynamic_k,multi_objective_without_smurf_penalty,risk_transfer,192,0.6904746897218376,0.2486666768245964,325.61352752329435,413.05308406016417,0.1164751550832582,0.1262924789364499,5.910737002890165,0.0614583333333333,2955.942972237528,5.646874999999999,1.0,0.4055555555555555,0.6666666666666666,0.4074074074074074,0.0,0.2420833333333333,0.2782178452664697,0.3141403405469345,132.4246772497842,12.257871167356734,0.0886151393530991,0.0886151393530991,0.3791666666666666,risk_seed603_sr0.0_gap300_high_multi_objective_without_smurf_penalty,0.0,300,high,0.45,0.1,30,720,16,120,0.19291487939501412,0.2696294241173081,0.0,0.0,0.46254430351232223,0.0
risk_transfer,603,dynamic_k,multi_objective_with_smurf_exposure_penalty,risk_transfer,192,0.6930980860581587,0.2499738920671178,324.3268736683152,411.8256543697557,0.1138365987020678,0.1202255046844848,6.966293319178356,0.0557291666666666,3251.3130196089537,5.98125,0.8472222222222222,0.3013888888888889,0.3544303797468354,0.2592592592592592,0.0,0.2998611111111111,0.2985962924344375,0.3390052542242899,132.32848894541814,10.78622876365364,0.0773867272879419,0.0773867272879419,0.3541666666666667,risk_seed603_sr0.0_gap300_low_multi_objective_with_smurf_exposure_penalty,0.0,300,low,0.08,0.1,30,720,16,120,0.13769709410073372,0.46732244814222057,0.0,0.0,0.6050195422429543,0.0
risk_transfer,603,dynamic_k,role_aware,risk_transfer,192,0.6955381396429757,0.2512024625972355,326.8905374886264,412.7014107134359,0.1164534841200458,0.1296438959359874,7.49016633413953,0.0184895833333333,3076.693822927304,5.708333333333333,0.9444444444444444,0.3680555555555556,0.5405405405405406,0.2592592592592592,0.0,0.2438888888888888,0.3029404408263904,0.3433410974102435,132.17452227634942,12.871294602175718,0.0874185608209339,0.0874185608209339,0.4277777777777777,risk_seed603_sr0.0_gap300_high_role_aware,0.0,300,high,0.45,0.1,30,720,16,120,0.10561972123477302,0.3569245822775492,0.0,0.0,0.46254430351232223,0.0
risk_transfer,603,dynamic_k,nearest,risk_transfer,624,0.693089727785225,0.2499737868000592,333.12683281474983,422.0248149452457,0.13104552917334,0.2140097084039422,43.4094402082409,0.0241987179487179,81.30981478926303,5.9750000000000005,1.5611111111111111,0.8305555555555556,1.1904761904761905,0.5517241379310345,0.7333333333333333,0.4790277777777777,0.4418614884113859,0.4665305373896637,131.16792700890505,17.631659053066674,0.1477802787344403,0.1477802787344403,0.4972222222222222,risk_seed603_sr0.02_gap300_high_nearest,0.02,300,high,0.45,0.1,30,720,16,120,0.4248409080914204,0.0,0.0,0.0,0.4248409080914204,0.7333333333333333
risk_transfer,603,dynamic_k,multi_objective_with_smurf_exposure_penalty,risk_transfer,192,0.6900385800018224,0.248447914199771,323.72434566949863,411.6671684585652,0.1163329995723686,0.127908306256366,6.366553053682435,0.0684895833333333,3128.814323686112,5.638020833333333,0.8888888888888888,0.25,0.5822784810126582,0.2592592592592592,0.0,0.2295833333333333,0.2900997887303638,0.3283566541559978,132.42474702674676,12.645802569073709,0.0777327536831059,0.0777327536831059,0.4263888888888889,risk_seed603_sr0.0_gap300_high_multi_objective_with_smurf_exposure_penalty,0.0,300,high,0.45,0.1,30,720,16,120,0.16097219202513388,0.3015721114871883,0.0,0.0,0.46254430351232223,0.0
risk_transfer,603,dynamic_k,nearest,risk_transfer,624,0.6944117921449092,0.2506257007032951,353.07318174594724,454.2334983127986,0.1284102930844416,0.2193036095740113,43.44081976652626,0.022275641025641,325.3261645515785,6.179967948717949,1.7944444444444445,1.023611111111111,1.403225806451613,0.5632183908045977,0.2625,0.4745833333333333,0.4427839851276212,0.4680119980608725,148.37257023253264,16.218433927765748,0.1626616981076715,0.1626616981076715,0.4986111111111111,risk_seed603_sr0.02_gap700_low_nearest,0.02,700,low,0.08,0.1,30,720,16,120,0.4365937290658031,0.0,0.0,0.0,0.4365937290658031,0.2625
risk_transfer,603,dynamic_k,role_aware,risk_transfer,192,0.6895173730050733,0.2481997165132786,325.0909874318938,411.567889901843,0.1135256040421453,0.1205876358332978,7.692448412231957,0.01484375,2952.499858398535,6.0078125,0.9583333333333334,0.2708333333333333,0.3866666666666666,0.382716049382716,0.0,0.306111111111111,0.2815035710567521,0.3209771791244991,133.1373675279393,11.737963466603818,0.0801315297882432,0.0801315297882432,0.3569444444444444,risk_seed603_sr0.0_gap700_low_role_aware,0.0,700,low,0.08,0.1,30,720,16,120,0.09076240293887974,0.5142571393040746,0.0,0.0,0.6050195422429543,0.0
risk_transfer,603,dynamic_k,role_aware,risk_transfer,192,0.6955381396429757,0.2512024625972355,326.8905374886264,412.7014107134359,0.1164534841200458,0.1296438959359874,7.49016633413953,0.0184895833333333,3076.693822927304,5.708333333333333,0.9444444444444444,0.3680555555555556,0.5405405405405406,0.2592592592592592,0.0,0.2438888888888888,0.3029404408263904,0.3433410974102435,132.17452227634942,12.871294602175718,0.0874185608209339,0.0874185608209339,0.4277777777777777,risk_seed603_sr0.0_gap700_high_role_aware,0.0,700,high,0.45,0.1,30,720,16,120,0.10561972123477302,0.3569245822775492,0.0,0.0,0.46254430351232223,0.0
risk_transfer,603,dynamic_k,multi_objective_without_smurf_penalty,risk_transfer,192,0.6954501518361957,0.2511490725221159,325.84090738999384,413.5686773269786,0.1143663299204645,0.1376530858743947,5.570058715554267,0.0453125,2567.525058396634,5.936458333333334,1.0555555555555556,0.4055555555555555,0.4430379746835443,0.3333333333333333,0.0,0.2795833333333333,0.298872867667545,0.3253057090601454,132.59934949917974,11.732877051500669,0.090173706351246,0.090173706351246,0.3638888888888889,risk_seed603_sr0.0_gap700_low_multi_objective_without_smurf_penalty,0.0,700,low,0.08,0.1,30,720,16,120,0.16339042953790267,0.4416291127050516,0.0,0.0,0.6050195422429543,0.0
risk_transfer,603,dynamic_k,multi_objective_without_smurf_penalty,risk_transfer,192,0.6904746897218376,0.2486666768245964,325.61352752329435,413.05308406016417,0.1164751550832582,0.1262924789364499,5.910737002890165,0.0614583333333333,2955.942972237528,5.646874999999999,1.0,0.4055555555555555,0.6666666666666666,0.4074074074074074,0.0,0.2420833333333333,0.2782178452664697,0.3141403405469345,132.4246772497842,12.257871167356734,0.0886151393530991,0.0886151393530991,0.3791666666666666,risk_seed603_sr0.0_gap700_high_multi_objective_without_smurf_penalty,0.0,700,high,0.45,0.1,30,720,16,120,0.19291487939501412,0.2696294241173081,0.0,0.0,0.46254430351232223,0.0
risk_transfer,603,dynamic_k,nearest,risk_transfer,624,0.6923677777182272,0.2496687053113878,349.8711425897724,453.7036964379208,0.130866701075818,0.2134843337318966,44.02715500255686,0.025801282051282,417.7864418275354,5.9750000000000005,1.6194444444444445,0.8305555555555556,1.096774193548387,0.6781609195402298,0.1208333333333333,0.4790277777777777,0.4434711297039308,0.4682204780266986,148.58603700656394,17.329680792789954,0.149513283107468,0.149513283107468,0.525,risk_seed603_sr0.02_gap700_high_nearest,0.02,700,high,0.45,0.1,30,720,16,120,0.4056720197727774,0.0,0.0,0.0,0.4056720197727774,0.1208333333333333
risk_transfer,603,dynamic_k,multi_objective_with_smurf_exposure_penalty,risk_transfer,192,0.6930980860581587,0.2499738920671178,324.3268736683152,411.8256543697557,0.1138365987020678,0.1202255046844848,6.966293319178356,0.0557291666666666,3251.3130196089537,5.98125,0.8472222222222222,0.3013888888888889,0.3544303797468354,0.2592592592592592,0.0,0.2998611111111111,0.2985962924344375,0.3390052542242899,132.32848894541814,10.78622876365364,0.0773867272879419,0.0773867272879419,0.3541666666666667,risk_seed603_sr0.0_gap700_low_multi_objective_with_smurf_exposure_penalty,0.0,700,low,0.08,0.1,30,720,16,120,0.13769709410073372,0.46732244814222057,0.0,0.0,0.6050195422429543,0.0
risk_transfer,603,dynamic_k,multi_objective_with_smurf_exposure_penalty,risk_transfer,192,0.6900385800018224,0.248447914199771,323.72434566949863,411.6671684585652,0.1163329995723686,0.127908306256366,6.366553053682435,0.0684895833333333,3128.814323686112,5.638020833333333,0.8888888888888888,0.25,0.5822784810126582,0.2592592592592592,0.0,0.2295833333333333,0.2900997887303638,0.3283566541559978,132.42474702674676,12.645802569073709,0.0777327536831059,0.0777327536831059,0.4263888888888889,risk_seed603_sr0.0_gap700_high_multi_objective_with_smurf_exposure_penalty,0.0,700,high,0.45,0.1,30,720,16,120,0.16097219202513388,0.3015721114871883,0.0,0.0,0.46254430351232223,0.0
risk_transfer,603,dynamic_k,nearest,risk_transfer,840,0.6946832862924518,0.2507611894231359,327.2272087414564,417.55019399545154,0.1377666220145744,0.2150348773073107,47.84865141114761,0.0145833333333333,66.42805271657917,5.948690476190476,1.761111111111111,0.9666666666666668,2.115942028985508,0.7195121951219512,0.775,0.5183333333333334,0.4510528037374643,0.4712696646477863,132.37251610040033,18.83822369500385,0.1679260543392148,0.1679260543392148,0.6166666666666667,risk_seed603_sr0.05_gap300_low_nearest,0.05,300,low,0.08,0.1,30,720,16,120,0.5176313235932899,0.0,0.0,0.0,0.5176313235932899,0.775
risk_transfer,603,dynamic_k,role_aware,risk_transfer,192,0.6936825073127926,0.2502667136987503,344.75513258279386,434.2701944565416,0.1128539584922608,0.1394588876866728,8.124956448021287,0.0205729166666666,2707.549678581326,5.854166666666667,1.0694444444444444,0.4291666666666666,0.5396825396825397,0.367816091954023,0.8986111111111111,0.2684722222222222,0.3272129533249101,0.3611215586432705,131.01982709736106,10.990479521683648,0.0896758302962818,0.0896758302962818,0.3472222222222222,risk_seed603_sr0.02_gap300_low_role_aware,0.02,300,low,0.08,0.1,30,720,16,120,0.22074129346293697,0.2659487046626924,0.06388888888888888,0.240230118698718,0.48668999812562935,0.8347222222222223
risk_transfer,603,dynamic_k,multi_objective_without_smurf_penalty,risk_transfer,192,0.6944969715217377,0.2506756130049049,343.2680366674944,432.195716426235,0.113373322728563,0.1429262152139116,7.179883888673477,0.0658854166666666,2965.2063280910584,5.853125000000001,1.2361111111111112,0.5930555555555556,0.6029411764705882,0.4367816091954023,1.1069444444444445,0.2695833333333333,0.2988588248011875,0.3454171274142338,131.03010956664224,10.9073839074319,0.1031244180712254,0.1031244180712254,0.3375,risk_seed603_sr0.02_gap300_low_multi_objective_without_smurf_penalty,0.02,300,low,0.08,0.1,30,720,16,120,0.3281009708364078,0.15858902728922153,0.27222222222222225,1.716526211651238,0.48668999812562935,0.8347222222222223
risk_transfer,603,dynamic_k,multi_objective_with_smurf_exposure_penalty,risk_transfer,192,0.6923266922138609,0.2495858552625044,344.2903941473027,433.4819438668477,0.1133591393690549,0.1309383495698162,10.244711979645428,0.0815104166666666,2826.924257653362,5.891666666666666,1.0833333333333333,0.4444444444444444,0.5454545454545454,0.3218390804597701,1.0041666666666669,0.2752777777777778,0.3021345499166846,0.338777244542848,130.7120435029415,11.243752374276731,0.0920626675059038,0.0920626675059038,0.3652777777777777,risk_seed603_sr0.02_gap300_low_multi_objective_with_smurf_exposure_penalty,0.02,300,low,0.08,0.1,30,720,16,120,0.3005527528022674,0.18613724532336196,0.16944444444444462,0.9103199316723625,0.48668999812562935,0.8347222222222223
risk_transfer,603,dynamic_k,nearest,risk_transfer,516,0.6918333974875595,0.2493614774421979,336.46213609912905,427.6756917289313,0.128796771136066,0.1989896674655371,39.79233217170873,0.0326550387596899,126.0979063811338,6.01937984496124,1.477777777777778,0.7138888888888889,1.408450704225352,0.3902439024390244,0.8763888888888889,0.4213888888888889,0.4462964816049569,0.4676303892335459,132.27197820178168,17.125876675843674,0.1367290395826687,0.1367290395826687,0.5180555555555556,risk_seed603_sr0.05_gap300_high_nearest,0.05,300,high,0.45,0.1,30,720,16,120,0.4180643059727873,0.0,0.0,0.0,0.4180643059727873,0.8763888888888889
risk_transfer,603,dynamic_k,role_aware,risk_transfer,192,0.6944539788384808,0.2506597623834705,344.1571677112648,432.7475994853258,0.1145677969349631,0.138872939587906,7.231361544363673,0.02265625,3083.285429686373,5.820833333333333,1.0833333333333333,0.4138888888888888,0.7313432835820896,0.3448275862068966,1.0527777777777778,0.2640277777777777,0.2800101145741887,0.3258457346559724,130.573362544117,11.6287834976001,0.0905586703700066,0.0905586703700066,0.3569444444444444,risk_seed603_sr0.02_gap300_high_role_aware,0.02,300,high,0.45,0.1,30,720,16,120,0.2086781931277319,0.2161627149636885,0.31944444444444453,1.4777962263200919,0.4248409080914204,0.7333333333333333
risk_transfer,603,dynamic_k,multi_objective_with_smurf_exposure_penalty,risk_transfer,192,0.6905335493858473,0.2486967430852122,346.19569078659225,434.3198985703146,0.1142409165358079,0.1297039598651252,8.111482016476305,0.0830729166666666,2851.679826894652,5.847916666666667,1.0416666666666667,0.4180555555555555,0.6031746031746031,0.3908045977011494,0.7819444444444444,0.2729166666666666,0.2936085420098695,0.3270386181563516,130.9845631319752,12.079220903526544,0.0923619406053828,0.0923619406053828,0.4083333333333333,risk_seed603_sr0.02_gap300_high_multi_objective_with_smurf_exposure_penalty,0.02,300,high,0.45,0.1,30,720,16,120,0.28998803552712094,0.13485287256429945,0.04861111111111116,0.360475162202665,0.4248409080914204,0.7333333333333333
risk_transfer,603,dynamic_k,multi_objective_without_smurf_penalty,risk_transfer,192,0.6958785419032729,0.2513627137127833,345.3004690866206,434.0232459342554,0.1143241117795446,0.1191447329960317,6.940737099307907,0.0690104166666666,2831.849209376884,5.83125,0.8472222222222222,0.2736111111111111,0.3432835820895522,0.2758620689655172,0.9222222222222224,0.26625,0.2867214175205208,0.3140424828038788,130.97570184288895,11.784382925797072,0.0760106590435708,0.0760106590435708,0.3430555555555555,risk_seed603_sr0.02_gap300_high_multi_objective_without_smurf_penalty,0.02,300,high,0.45,0.1,30,720,16,120,0.21486884162979986,0.20997206646162053,0.1888888888888891,0.8995905601729881,0.4248409080914204,0.7333333333333333
risk_transfer,603,dynamic_k,nearest,risk_transfer,840,0.6931631116798267,0.2500287918845704,353.6559999755326,471.238769899625,0.1379909637597298,0.2154221459961044,48.4421106290933,0.0147023809523809,178.29155673311934,5.948690476190476,1.9861111111111112,1.1430555555555555,2.101449275362319,0.7926829268292683,0.3236111111111111,0.5183333333333334,0.4501184572315836,0.4719725000353468,157.61540297261374,18.13413902371672,0.1825418790563477,0.1825418790563477,0.5986111111111111,risk_seed603_sr0.05_gap700_low_nearest,0.05,700,low,0.08,0.1,30,720,16,120,0.529736154138945,0.0,0.0,0.0,0.529736154138945,0.3236111111111111
risk_transfer,603,dynamic_k,role_aware,risk_transfer,192,0.7003765763807323,0.2535073797195894,359.1651962793115,462.7019682027516,0.1132493434603022,0.1386598406282493,12.778668565277815,0.0135416666666666,10064.963420061687,5.902083333333335,1.1666666666666667,0.4208333333333333,0.5,0.3563218390804598,0.7333333333333333,0.2797222222222222,0.2974979421693507,0.334644799080604,147.8180568903571,11.296967696204094,0.0918728225345976,0.0918728225345976,0.3277777777777778,risk_seed603_sr0.02_gap700_low_role_aware,0.02,700,low,0.08,0.1,30,720,16,120,0.1815873789742828,0.25500635009152034,0.47083333333333327,1.8463592501298647,0.4365937290658031,0.2625
risk_transfer,603,dynamic_k,multi_objective_without_smurf_penalty,risk_transfer,192,0.6934782716504907,0.2501652629085347,360.4527802060833,464.0970732663189,0.1133600842068074,0.1334467782300542,8.627100679352829,0.0713541666666666,9580.849325045336,5.952083333333333,1.0277777777777777,0.3097222222222222,0.4776119402985074,0.3218390804597701,0.8111111111111111,0.2894444444444444,0.285018046490813,0.3303483633703035,148.5328727847454,11.938891538290802,0.0832540194324267,0.0832540194324267,0.3402777777777778,risk_seed603_sr0.02_gap700_low_multi_objective_without_smurf_penalty,0.02,700,low,0.08,0.1,30,720,16,120,0.24034111731061422,0.1962526117551889,0.5486111111111112,2.7954334273801376,0.4365937290658031,0.2625
risk_transfer,603,dynamic_k,role_aware,risk_transfer,192,0.7013210434691336,0.2540393580365394,360.3710974632005,462.71746732322896,0.1142837476589839,0.1330421049920739,14.833049582971944,0.0249999999999999,9922.806162874893,5.855208333333334,1.0555555555555556,0.4305555555555556,0.6923076923076923,0.3908045977011494,0.6736111111111112,0.2801388888888889,0.3105739926768196,0.3536800698733516,147.7873862696037,11.244625193446865,0.091156900687838,0.091156900687838,0.3722222222222222,risk_seed603_sr0.02_gap700_high_role_aware,0.02,700,high,0.45,0.1,30,720,16,120,0.21072803399808343,0.19494398577469396,0.5527777777777778,2.83557235982981,0.4056720197727774,0.1208333333333333
risk_transfer,603,dynamic_k,multi_objective_with_smurf_exposure_penalty,risk_transfer,192,0.695325174187874,0.2510636991033785,363.8211773666152,463.6958462648939,0.1138398115342904,0.1299063981077728,15.572983446450936,0.0973958333333333,5674.4122029093005,5.881770833333333,1.0694444444444444,0.4888888888888889,0.5606060606060606,0.264367816091954,0.675,0.2801388888888889,0.2905362741340651,0.3202862373141546,148.1826637351124,11.832684695705852,0.0951172627956633,0.0951172627956633,0.3458333333333333,risk_seed603_sr0.02_gap700_high_multi_objective_with_smurf_exposure_penalty,0.02,700,high,0.45,0.1,30,720,16,120,0.2885325238825483,0.1171394958902291,0.5541666666666667,4.730826801457075,0.4056720197727774,0.1208333333333333
risk_transfer,603,dynamic_k,nearest,risk_transfer,516,0.6926596177366305,0.2497667558086614,360.6817572680518,480.1727929162246,0.1284466708471101,0.2041567269835307,39.88021807297596,0.0312015503875969,365.6888498993047,6.01937984496124,1.5277777777777777,0.7652777777777777,1.4305555555555556,0.5487804878048781,0.3208333333333333,0.4213888888888888,0.4380474314010406,0.4668779974257008,157.604479607286,17.001693569216382,0.1402774515829851,0.1402774515829851,0.4972222222222222,risk_seed603_sr0.05_gap700_high_nearest,0.05,700,high,0.45,0.1,30,720,16,120,0.40642906335113477,0.0,0.0,0.0,0.40642906335113477,0.3208333333333333
risk_transfer,603,dynamic_k,multi_objective_with_smurf_exposure_penalty,risk_transfer,192,0.7029374330127277,0.2548052445426356,359.83742754889965,462.9040562855887,0.1138737947615697,0.1347497107002026,14.478186768360056,0.0893229166666666,7144.65559142104,5.923958333333334,1.125,0.45,0.6461538461538462,0.4137931034482758,0.7597222222222222,0.2783333333333333,0.3228414961693799,0.3457024324153285,148.08748871966674,10.864786265365732,0.0915642494931589,0.0915642494931589,0.3180555555555555,risk_seed603_sr0.02_gap700_low_multi_objective_with_smurf_exposure_penalty,0.02,700,low,0.08,0.1,30,720,16,120,0.33231693344522456,0.10427679562057857,0.4972222222222222,4.768292113917792,0.4365937290658031,0.2625
risk_transfer,603,dynamic_k,multi_objective_without_smurf_penalty,risk_transfer,192,0.6924736361507507,0.2496695955830563,360.549156613575,462.2897465981052,0.1142989143318193,0.1276621097392704,7.80903994658544,0.0765625,8164.741253957315,5.836458333333333,0.9305555555555556,0.3333333333333333,0.4461538461538462,0.3333333333333333,0.7013888888888888,0.2636111111111111,0.3055610727584817,0.3473529000774514,148.11366342389744,11.450460941854509,0.0814587381292623,0.0814587381292623,0.3583333333333333,risk_seed603_sr0.02_gap700_high_multi_objective_without_smurf_penalty,0.02,700,high,0.45,0.1,30,720,16,120,0.24929323616168172,0.15637878361109567,0.5805555555555555,3.7124956605325767,0.4056720197727774,0.1208333333333333
risk_transfer,603,dynamic_k,nearest,risk_transfer,732,0.6954381663572556,0.2511124328052442,349.59991939973884,446.6993943367626,0.1325132924590387,0.2344148390079502,45.91076821918564,0.0186475409836065,105.0503668770331,6.163251366120218,2.0166666666666666,1.227777777777778,1.5,0.8505747126436781,1.4013888888888888,0.5584722222222223,0.4612755393831899,0.4785830156087891,145.17245260059963,17.08546911307008,0.1855047038836853,0.1855047038836853,0.5152777777777777,risk_seed603_sr0.1_gap300_low_nearest,0.1,300,low,0.08,0.1,30,720,16,120,0.6100290469107218,0.0,0.0,0.0,0.6100290469107218,1.4013888888888888
risk_transfer,603,dynamic_k,role_aware,risk_transfer,192,0.6938382611100838,0.2503551038143272,340.6285338693979,433.697484736856,0.113651838480771,0.1227234620474721,8.563267000365743,0.0130208333333333,3517.489613482129,5.879166666666667,0.8611111111111112,0.2875,0.4647887323943662,0.2804878048780488,1.2152777777777777,0.2802777777777778,0.2819472046357869,0.3048012055651379,132.27248718026914,11.165863928366557,0.0761162710763431,0.0761162710763431,0.325,risk_seed603_sr0.05_gap300_low_role_aware,0.05,300,low,0.08,0.1,30,720,16,120,0.15515192278404122,0.3624794008092487,0.44027777777777766,1.2146284086622336,0.5176313235932899,0.775
risk_transfer,603,dynamic_k,multi_objective_without_smurf_penalty,risk_transfer,192,0.6931826262012012,0.2500247083200233,339.00488569529,432.6857174507755,0.1138389939761373,0.1263002466229094,7.741651956529434,0.0635416666666666,3702.837898187539,5.860937499999999,0.9861111111111112,0.3138888888888889,0.6164383561643836,0.3414634146341463,1.5180555555555555,0.2701388888888889,0.273185214942086,0.3171647926872214,132.4762094148291,11.116721973792794,0.0800912965506183,0.0800912965506183,0.3166666666666666,risk_seed603_sr0.05_gap300_low_multi_objective_without_smurf_penalty,0.05,300,low,0.08,0.1,30,720,16,120,0.2772892717802631,0.2403420518130268,0.7430555555555555,3.091658533953154,0.5176313235932899,0.775
risk_transfer,603,dynamic_k,role_aware,risk_transfer,192,0.6921288901947555,0.2495160072909856,339.5182408665172,433.12176113282817,0.1158153333159121,0.1312516532337698,8.259478396574796,0.0169270833333333,4071.896082825679,5.797395833333334,1.0555555555555556,0.4388888888888889,0.7746478873239436,0.2926829268292683,1.0583333333333331,0.2575,0.3058294189545847,0.3352765821697742,132.38907323349082,12.3920890522847,0.0924125920173562,0.0924125920173562,0.3736111111111111,risk_seed603_sr0.05_gap300_high_role_aware,0.05,300,high,0.45,0.1,30,720,16,120,0.21107920814850875,0.20698509782427857,0.18194444444444424,0.8790219506474193,0.4180643059727873,0.8763888888888889
risk_transfer,603,dynamic_k,nearest,risk_transfer,732,0.6916527767579211,0.2492644202838771,352.41572635105075,450.5737719323871,0.1353096000893393,0.2143992821073724,46.66666446477644,0.0198770491803278,103.44275482205695,6.184699453551913,1.772222222222222,1.0097222222222222,1.4794520547945205,0.7586206896551724,1.1888888888888889,0.5061111111111111,0.4408875478365883,0.4630810419440983,145.67233190984132,16.921285603037965,0.1649292263879015,0.1649292263879015,0.5055555555555555,risk_seed603_sr0.1_gap300_high_nearest,0.1,300,high,0.45,0.1,30,720,16,120,0.5291848430711389,0.0,0.0,0.0,0.5291848430711389,1.1888888888888889
risk_transfer,603,dynamic_k,multi_objective_without_smurf_penalty,risk_transfer,192,0.6918061433220624,0.2493292059031885,339.9035359641105,432.47429940003855,0.1164728960884834,0.147399577679119,7.47555059648754,0.0692708333333333,3744.37000587542,5.808333333333334,1.2083333333333333,0.5291666666666667,1.054054054054054,0.3658536585365853,1.1347222222222222,0.2570833333333334,0.3069464963681141,0.3268192110917256,131.7260219798896,13.11473847809951,0.1042069614956105,0.1042069614956105,0.4180555555555555,risk_seed603_sr0.05_gap300_high_multi_objective_without_smurf_penalty,0.05,300,high,0.45,0.1,30,720,16,120,0.3425404293917001,0.07552387658108722,0.2583333333333333,3.420551817887291,0.4180643059727873,0.8763888888888889
risk_transfer,603,dynamic_k,multi_objective_with_smurf_exposure_penalty,risk_transfer,192,0.6930796638500807,0.2499487449785277,339.4185878443961,433.8989794257393,0.1140373795885595,0.1283264292117474,11.222400172944733,0.0833333333333333,3313.0716514726773,5.9140625,0.9305555555555556,0.3555555555555555,0.5492957746478874,0.2682926829268293,1.3888888888888888,0.2891666666666666,0.2692630175475889,0.3240655177268595,132.21495060460109,11.308484866977624,0.0823877399398486,0.0823877399398486,0.3277777777777778,risk_seed603_sr0.05_gap300_low_multi_objective_with_smurf_exposure_penalty,0.05,300,low,0.08,0.1,30,720,16,120,0.28056785474414553,0.23706346884914437,0.6138888888888888,2.5895549907756465,0.5176313235932899,0.775
risk_transfer,603,dynamic_k,multi_objective_with_smurf_exposure_penalty,risk_transfer,192,0.691690653054212,0.2492935599080692,338.60208041836523,432.431706863205,0.1160617925678639,0.1244094815365811,10.824698275720763,0.0890625,3365.204005066211,5.832812499999999,0.9722222222222222,0.3763888888888889,0.8082191780821918,0.4390243902439024,1.084722222222222,0.2795833333333333,0.2945350288836977,0.3129006378440637,132.4655560217282,11.973025359984131,0.085891213140954,0.085891213140954,0.3416666666666667,risk_seed603_sr0.05_gap300_high_multi_objective_with_smurf_exposure_penalty,0.05,300,high,0.45,0.1,30,720,16,120,0.329560903682436,0.08850340229035131,0.20833333333333304,2.35395846873613,0.4180643059727873,0.8763888888888889
risk_transfer,603,dynamic_k,nearest,risk_transfer,732,0.6951468009016685,0.2509441191080816,406.6950647382389,546.8716780537719,0.1323752920007293,0.2341546607689901,46.31948098364983,0.0198770491803278,224.6741475875467,6.163251366120218,1.961111111111111,1.2291666666666667,1.5277777777777777,0.7126436781609196,0.4791666666666667,0.5584722222222223,0.4664284252365038,0.4795129281215138,192.248012549306,18.002320810045685,0.1855709448857464,0.1855709448857464,0.5236111111111111,risk_seed603_sr0.1_gap700_low_nearest,0.1,700,low,0.08,0.1,30,720,16,120,0.5252480559543977,0.0,0.0,0.0,0.5252480559543977,0.4791666666666667
risk_transfer,603,dynamic_k,role_aware,risk_transfer,192,0.7073566417256708,0.2569214603443035,365.3352685339535,483.87680540164376,0.11388721048039,0.1296863563850485,16.580178901026816,0.0119791666666666,12281.29686346819,5.927083333333333,1.0138888888888888,0.3527777777777778,0.5588235294117647,0.3536585365853658,0.9027777777777778,0.2797222222222222,0.2968687030813323,0.3331182102288642,157.16499446531444,11.64481570103304,0.084947184668671,0.084947184668671,0.3375,risk_seed603_sr0.05_gap700_low_role_aware,0.05,700,low,0.08,0.1,30,720,16,120,0.1752389401539213,0.35449721398502376,0.5791666666666666,1.6337693042945447,0.529736154138945,0.3236111111111111
risk_transfer,603,dynamic_k,multi_objective_without_smurf_penalty,risk_transfer,192,0.6966324611224518,0.2517372199164232,365.1150045280481,486.2193957976621,0.113991004035747,0.1217579198732211,9.706431575609244,0.0669270833333333,14039.952021997004,5.795312499999999,0.8333333333333334,0.2861111111111111,0.3888888888888889,0.3170731707317073,1.1083333333333334,0.2516666666666666,0.2716348046721811,0.3089712134421374,157.93643123165305,11.366341370811003,0.07427811018197,0.07427811018197,0.3166666666666666,risk_seed603_sr0.05_gap700_low_multi_objective_without_smurf_penalty,0.05,700,low,0.08,0.1,30,720,16,120,0.22373324228766078,0.30600291185128425,0.7847222222222223,2.564427303893085,0.529736154138945,0.3236111111111111
risk_transfer,603,dynamic_k,role_aware,risk_transfer,192,0.6986516444590182,0.2526640003149883,366.4106340503719,484.52590550379057,0.1160422395255738,0.1239078676355173,17.121393289130307,0.0169270833333333,12681.087417711104,5.824479166666666,0.9027777777777778,0.3555555555555555,0.726027397260274,0.3048780487804878,0.9972222222222222,0.26625,0.3109025923373864,0.3539453571450869,156.99741100290046,12.402574366940495,0.0845164651638629,0.0845164651638629,0.3930555555555555,risk_seed603_sr0.05_gap700_high_role_aware,0.05,700,high,0.45,0.1,30,720,16,120,0.19057753720139597,0.2158515261497388,0.6763888888888889,3.133584000789829,0.40642906335113477,0.3208333333333333
risk_transfer,603,dynamic_k,multi_objective_with_smurf_exposure_penalty,risk_transfer,192,0.6945204216487961,0.2506922805740769,363.3641431031002,485.70983130339147,0.1137986520082302,0.1285387030243859,19.804101055690605,0.0846354166666666,10830.749491831111,5.896875000000001,0.9444444444444444,0.3680555555555556,0.6428571428571429,0.4024390243902439,1.2430555555555556,0.2729166666666666,0.2949698696002031,0.3408994027215382,157.23909586651646,11.682071141844055,0.0852173086752995,0.0852173086752995,0.3777777777777777,risk_seed603_sr0.05_gap700_low_multi_objective_with_smurf_exposure_penalty,0.05,700,low,0.08,0.1,30,720,16,120,0.3175813150348202,0.21215483910412486,0.9194444444444445,4.333836778491696,0.529736154138945,0.3236111111111111
risk_transfer,603,dynamic_k,multi_objective_with_smurf_exposure_penalty,risk_transfer,192,0.6995273948213504,0.2530794662680521,365.0344887146283,485.429008730051,0.1165488941089824,0.1333356372795227,19.79158238548567,0.0973958333333333,9526.300737151376,5.804687499999999,0.9722222222222222,0.3236111111111111,0.8194444444444444,0.3170731707317073,1.051388888888889,0.25875,0.3312874193890269,0.3468322814847209,156.90340251073545,11.856290635700857,0.0828526055643072,0.0828526055643072,0.3736111111111111,risk_seed603_sr0.05_gap700_high_multi_objective_with_smurf_exposure_penalty,0.05,700,high,0.45,0.1,30,720,16,120,0.3402599659702098,0.06616909738092497,0.7305555555555556,11.040736302474606,0.40642906335113477,0.3208333333333333
risk_transfer,603,dynamic_k,multi_objective_without_smurf_penalty,risk_transfer,192,0.6987801680631742,0.2527881591285275,362.59936702705016,481.9125080224933,0.1162938875090383,0.1378227055138869,10.795576598278991,0.0744791666666666,11293.351533885963,5.800520833333333,1.1666666666666667,0.4583333333333333,1.0,0.3902439024390244,1.038888888888889,0.2565277777777777,0.3040650794588617,0.3310011606811848,157.44560882618836,12.153061758570525,0.0958560018045627,0.0958560018045627,0.3666666666666666,risk_seed603_sr0.05_gap700_high_multi_objective_without_smurf_penalty,0.05,700,high,0.45,0.1,30,720,16,120,0.3336551531286223,0.07277391022251245,0.7180555555555557,9.866936562293265,0.40642906335113477,0.3208333333333333
risk_transfer,603,dynamic_k,nearest,risk_transfer,732,0.6914668337555581,0.2491638340519368,407.5054545989362,550.8286168503544,0.1347570195276303,0.2273603757548946,47.01194493892175,0.0202185792349726,237.0391283708031,6.184699453551913,1.7361111111111112,0.9166666666666666,1.4657534246575343,0.6206896551724138,0.4291666666666666,0.5061111111111111,0.4558921110232878,0.4741215602776438,192.4665385221496,17.568441911097505,0.1608817701225352,0.1608817701225352,0.5625,risk_seed603_sr0.1_gap700_high_nearest,0.1,700,high,0.45,0.1,30,720,16,120,0.45189911860450044,0.0,0.0,0.0,0.45189911860450044,0.4291666666666666
risk_transfer,603,dynamic_k,nearest,risk_transfer,300,0.6931526756122002,0.2500019601812095,361.7517107676128,450.8589149695568,0.116516229657392,0.1797663171501805,23.28498735167597,0.0568333333333333,282.7161745530097,6.161333333333333,1.147222222222222,0.4972222222222222,0.3978494623655914,0.3253012048192771,1.5194444444444444,0.3604166666666666,0.4279172224180128,0.4596787133053357,140.1415317811529,12.59231623467924,0.100830800436167,0.100830800436167,0.3486111111111111,risk_seed603_sr0.15_gap300_low_nearest,0.15,300,low,0.08,0.1,30,720,16,120,0.38516522452359325,0.0,0.0,0.0,0.38516522452359325,1.5194444444444444
risk_transfer,603,dynamic_k,role_aware,risk_transfer,192,0.6918400285622215,0.2493734170953795,360.2137632938399,458.7157988049901,0.1129549962310025,0.1458174190839136,9.425538855244591,0.0184895833333333,4978.251197326734,5.8234375,1.1666666666666667,0.4972222222222222,0.2916666666666667,0.5172413793103449,1.665277777777778,0.2781944444444444,0.3267520814709301,0.3553315333567617,144.8161207322267,11.516432109121732,0.0970749640963325,0.0970749640963325,0.3486111111111111,risk_seed603_sr0.1_gap300_low_role_aware,0.1,300,low,0.08,0.1,30,720,16,120,0.297278507936721,0.3127505389740008,0.2638888888888893,0.8437679748037991,0.6100290469107218,1.4013888888888888
risk_transfer,603,dynamic_k,multi_objective_without_smurf_penalty,risk_transfer,192,0.6942774224178336,0.2505685997477731,361.4057549263806,458.9025599646929,0.1133981206313841,0.1320314826417979,9.11743978243956,0.0703125,5155.998689831596,5.813020833333333,0.9305555555555556,0.3097222222222222,0.1917808219178082,0.4827586206896552,1.897222222222222,0.2654166666666667,0.3107228515139387,0.3627318241035164,144.79994700363915,11.148915309725218,0.0778617329269834,0.0778617329269834,0.3166666666666666,risk_seed603_sr0.1_gap300_low_multi_objective_without_smurf_penalty,0.1,300,low,0.08,0.1,30,720,16,120,0.3373237816070761,0.2727052653036457,0.4958333333333331,1.8182022733636765,0.6100290469107218,1.4013888888888888
risk_transfer,603,dynamic_k,nearest,risk_transfer,732,0.6941823306500586,0.2505122559094807,354.906514362478,441.979875573985,0.135920246153794,0.2247267156278793,46.05304095154133,0.0176229508196721,64.91893422124075,6.003415300546448,1.8666666666666667,0.9791666666666666,1.6777777777777778,0.8674698795180723,1.3402777777777777,0.48625,0.4468587619593915,0.4695451296739475,139.76667926877116,16.943066251465623,0.1667918002583709,0.1667918002583709,0.5361111111111111,risk_seed603_sr0.15_gap300_high_nearest,0.15,300,high,0.45,0.1,30,720,16,120,0.5717243991853513,0.0,0.0,0.0,0.5717243991853513,1.3402777777777777
risk_transfer,603,dynamic_k,multi_objective_with_smurf_exposure_penalty,risk_transfer,192,0.6968615835371631,0.251850096281187,360.11910890988287,457.57106505658766,0.1139060701706848,0.1317902965040086,14.304849779761636,0.0895833333333333,5388.77452363911,5.922916666666667,0.9583333333333334,0.2569444444444444,0.2777777777777778,0.3563218390804598,2.0277777777777777,0.2815277777777777,0.3181704117248745,0.354929213918675,145.09180612691216,10.879526577290203,0.0752765744114404,0.0752765744114404,0.3097222222222222,risk_seed603_sr0.1_gap300_low_multi_objective_with_smurf_exposure_penalty,0.1,300,low,0.08,0.1,30,720,16,120,0.361967836527109,0.24806121038361278,0.6263888888888889,2.525138404026222,0.6100290469107218,1.4013888888888888
risk_transfer,603,dynamic_k,role_aware,risk_transfer,192,0.6989607779699053,0.2528759704994898,361.19619185019417,458.6577623905512,0.1162649951385371,0.1460646675337504,9.48779837140601,0.0182291666666666,4854.483593040794,5.9234375,1.1805555555555556,0.5597222222222222,0.726027397260274,0.4942528735632184,1.6666666666666667,0.2869444444444444,0.3155971512467296,0.3503543355447111,144.67990798757478,11.96157258392397,0.1032403692325059,0.1032403692325059,0.3652777777777777,risk_seed603_sr0.1_gap300_high_role_aware,0.1,300,high,0.45,0.1,30,720,16,120,0.3132079914669072,0.2159768516042317,0.47777777777777786,2.212171231448846,0.5291848430711389,1.1888888888888889
risk_transfer,603,dynamic_k,multi_objective_without_smurf_penalty,risk_transfer,192,0.6918699470687585,0.2493657531641419,360.56789974915375,458.0903267088952,0.1162200923685994,0.1342645877247261,8.918159769777544,0.0700520833333333,4244.336472698862,5.897916666666667,1.0833333333333333,0.4805555555555555,0.4794520547945205,0.4827586206896552,1.905555555555556,0.2763888888888889,0.3087340676684526,0.3455156843193305,145.28604067885755,12.433469346209083,0.0962801856052329,0.0962801856052329,0.3583333333333333,risk_seed603_sr0.1_gap300_high_multi_objective_without_smurf_penalty,0.1,300,high,0.45,0.1,30,720,16,120,0.37700178783766625,0.15218305523347264,0.716666666666667,4.709240891288377,0.5291848430711389,1.1888888888888889
risk_transfer,603,dynamic_k,multi_objective_with_smurf_exposure_penalty,risk_transfer,192,0.685299928808421,0.2461029289885727,359.1897318260781,458.5085532119562,0.1149738568807697,0.1314830611508867,13.34186984397418,0.0890625,5453.452381690849,5.977604166666666,0.9305555555555556,0.3319444444444444,0.4383561643835616,0.2758620689655172,1.925,0.2894444444444444,0.2949679338054361,0.3394707965123735,145.46913126110428,11.910551480658537,0.0834170008832835,0.0834170008832835,0.3708333333333333,risk_seed603_sr0.1_gap300_high_multi_objective_with_smurf_exposure_penalty,0.1,300,high,0.45,0.1,30,720,16,120,0.33792217230734384,0.19126267076379505,0.7361111111111112,3.8486920012749968,0.5291848430711389,1.1888888888888889
risk_transfer,603,dynamic_k,nearest,risk_transfer,300,0.6936619427979213,0.2502568285326816,445.6019117824847,576.1788490619467,0.1157439853793857,0.1836228985601404,23.14193423590032,0.059,551.7293873615203,6.161333333333333,1.1583333333333334,0.5666666666666667,0.4673913043478261,0.3012048192771084,0.7416666666666667,0.3604166666666666,0.4399134617564236,0.4676649283509109,199.7201275650203,13.382676269664817,0.1080176615724829,0.1080176615724829,0.3972222222222222,risk_seed603_sr0.15_gap700_low_nearest,0.15,700,low,0.08,0.1,30,720,16,120,0.34818026144489017,0.0,0.0,0.0,0.34818026144489017,0.7416666666666667
risk_transfer,603,dynamic_k,role_aware,risk_transfer,192,0.7069235185543553,0.2567036190484691,418.2564461741509,559.3620571813531,0.1130783201394727,0.1446347376697049,17.786646976291284,0.0197916666666666,18000.89576922909,5.842708333333334,1.125,0.4847222222222222,0.1285714285714285,0.5862068965517241,1.0180555555555555,0.2784722222222222,0.3326720568345732,0.3634680573727029,191.44741384204715,10.978511950759057,0.0942286047560238,0.0942286047560238,0.3333333333333333,risk_seed603_sr0.1_gap700_low_role_aware,0.1,700,low,0.08,0.1,30,720,16,120,0.25671676250343406,0.26853129345096366,0.5388888888888888,2.0068010769377795,0.5252480559543977,0.4791666666666667
risk_transfer,603,dynamic_k,multi_objective_without_smurf_penalty,risk_transfer,192,0.6962073395551259,0.2515219566708186,417.4412803533403,560.343043842437,0.1130832810095139,0.1423858392260734,10.52068043199188,0.0739583333333333,18014.499221036705,5.803645833333333,1.1944444444444444,0.525,0.3648648648648648,0.5172413793103449,1.2055555555555555,0.2615277777777778,0.3242376769698127,0.3591010378095655,191.6357006093189,10.552296989366612,0.0965997934476427,0.0965997934476427,0.3208333333333333,risk_seed603_sr0.1_gap700_low_multi_objective_without_smurf_penalty,0.1,700,low,0.08,0.1,30,720,16,120,0.3565748822673406,0.16867317368705714,0.7263888888888888,4.306487350718694,0.5252480559543977,0.4791666666666667
risk_transfer,603,dynamic_k,nearest,risk_transfer,732,0.6940886446160696,0.2504654708991865,443.2211066971613,573.4702743734229,0.1356732228575589,0.2234201225009833,46.147827547594325,0.0183743169398907,154.64898943252277,6.003415300546448,1.930555555555556,1.0152777777777775,1.6703296703296704,0.7469879518072289,0.5555555555555556,0.48625,0.4479377615602314,0.4693610643410979,199.0709357222037,17.098429439302414,0.1721447629629211,0.1721447629629211,0.5888888888888889,risk_seed603_sr0.15_gap700_high_nearest,0.15,700,high,0.45,0.1,30,720,16,120,0.5066136665008669,0.0,0.0,0.0,0.5066136665008669,0.5555555555555556
risk_transfer,603,dynamic_k,multi_objective_with_smurf_exposure_penalty,risk_transfer,192,0.7123175642395122,0.2593576550171974,415.4081297360506,556.8808935508271,0.1146805231537043,0.1521506298690481,25.744449406668465,0.0908854166666666,17002.376140974815,5.905208333333334,1.25,0.5208333333333334,0.2876712328767123,0.5632183908045977,1.3430555555555554,0.2897222222222222,0.3303733912526422,0.3769218763188124,191.03622035917587,11.227044326232818,0.1001361639735238,0.1001361639735238,0.3347222222222222,risk_seed603_sr0.1_gap700_low_multi_objective_with_smurf_exposure_penalty,0.1,700,low,0.08,0.1,30,720,16,120,0.4039514980040098,0.1212965579503879,0.8638888888888887,7.122122041107152,0.5252480559543977,0.4791666666666667
risk_transfer,603,dynamic_k,role_aware,risk_transfer,192,0.7048869865167261,0.255809657392575,417.42387565478793,558.7400262246754,0.1162409273353209,0.146292250650673,15.542200237229622,0.0192708333333333,14909.54425938546,5.906770833333333,1.2638888888888888,0.6069444444444444,0.5405405405405406,0.4827586206896552,0.9486111111111112,0.2816666666666667,0.3171451712902626,0.3548176348582824,191.0811950696853,12.898685997144009,0.1102832685190179,0.1102832685190179,0.4041666666666667,risk_seed603_sr0.1_gap700_high_role_aware,0.1,700,high,0.45,0.1,30,720,16,120,0.2652455850275695,0.18665353357693093,0.5194444444444446,2.7829338908837262,0.45189911860450044,0.4291666666666666
risk_transfer,603,dynamic_k,multi_objective_without_smurf_penalty,risk_transfer,192,0.6996845623862499,0.2532454131845446,417.5721852435488,558.370315760163,0.1161851086385104,0.1499634950958196,10.37521535337478,0.0692708333333333,15938.02777142879,5.869270833333334,1.1944444444444444,0.5791666666666667,0.527027027027027,0.4022988505747126,1.1791666666666667,0.275,0.3176447592275741,0.3673994566170251,191.49866704264744,12.502586709792546,0.1062342947899863,0.1062342947899863,0.4069444444444444,risk_seed603_sr0.1_gap700_high_multi_objective_without_smurf_penalty,0.1,700,high,0.45,0.1,30,720,16,120,0.33717848401912154,0.1147206345853789,0.7500000000000001,6.537620740249874,0.45189911860450044,0.4291666666666666
risk_transfer,603,dynamic_k,multi_objective_with_smurf_exposure_penalty,risk_transfer,192,0.7058350850669348,0.2562053023993964,416.2446998384178,556.5132649713468,0.1164611735117327,0.1518351863523216,20.25002899510737,0.0963541666666666,15006.48073225393,5.972395833333334,1.3055555555555556,0.6708333333333333,0.6301369863013698,0.5632183908045977,1.2777777777777777,0.30125,0.3185198036673362,0.3566344577521436,191.45911426831543,12.699885787225805,0.1153010249858214,0.1153010249858214,0.3833333333333333,risk_seed603_sr0.1_gap700_high_multi_objective_with_smurf_exposure_penalty,0.1,700,high,0.45,0.1,30,720,16,120,0.43403774348138474,0.017861375123115697,0.8486111111111111,47.51096179671307,0.45189911860450044,0.4291666666666666
risk_transfer,604,dynamic_k,nearest,risk_transfer,624,0.6934286884929108,0.2501399407943796,324.67558052731937,408.28003826351033,0.1302867517109804,0.2128757637301551,43.23014233052834,0.0225160256410256,54.02443724609015,6.067788461538462,1.663888888888889,0.8944444444444445,1.6296296296296295,0.7530864197530864,0.0,0.4484722222222222,0.452271989819379,0.4707151910945278,126.4222501799653,16.145235206737667,0.1511826465071034,0.1511826465071034,0.4944444444444444,risk_seed604_sr0.0_gap300_low_nearest,0.0,300,low,0.08,0.1,30,720,16,120,0.44446277402104906,0.0,0.0,0.0,0.44446277402104906,0.0
risk_transfer,603,dynamic_k,role_aware,risk_transfer,192,0.6923991468367334,0.2496350350081325,364.45962443697306,455.0711581004571,0.1125706544708379,0.1333109559891234,9.645415029984589,0.009375,4230.834263574691,5.965625,1.1388888888888888,0.4375,0.3846153846153846,0.4337349397590361,1.5916666666666666,0.3090277777777778,0.2881193117215735,0.3292985021158775,140.07594144866053,10.544207703144236,0.0909232916379563,0.0909232916379563,0.2958333333333333,risk_seed603_sr0.15_gap300_low_role_aware,0.15,300,low,0.08,0.1,30,720,16,120,0.23593400145562896,0.1492312230679643,0.07222222222222219,0.48396187297433096,0.38516522452359325,1.5194444444444444
risk_transfer,603,dynamic_k,multi_objective_without_smurf_penalty,risk_transfer,192,0.6902126214203351,0.2485324331665668,365.2508390849316,455.1990880051987,0.1133820298813337,0.1454133731043886,9.164036158363176,0.0614583333333333,4276.462950762599,5.921875,1.2361111111111112,0.5083333333333333,0.4408602150537634,0.4578313253012048,1.773611111111111,0.2819444444444444,0.302536979040256,0.3454223223507225,139.70085288242998,11.057285817147331,0.0987705115622971,0.0987705115622971,0.3416666666666667,risk_seed603_sr0.15_gap300_low_multi_objective_without_smurf_penalty,0.15,300,low,0.08,0.1,30,720,16,120,0.3587066360561885,0.02645858846740473,0.25416666666666665,9.60620658126882,0.38516522452359325,1.5194444444444444
risk_transfer,603,dynamic_k,role_aware,risk_transfer,192,0.6882247843503156,0.2475607954825401,366.3856546079997,453.75044740385306,0.1160460418422763,0.1424237304296674,9.632349263293472,0.0200520833333333,4564.972667042604,5.869270833333334,1.1388888888888888,0.5430555555555555,0.6153846153846154,0.3975903614457831,1.6083333333333334,0.2815277777777777,0.3147950159835275,0.3652144165599701,139.65293854606276,12.1422257015717,0.101092269305568,0.101092269305568,0.3666666666666666,risk_seed603_sr0.15_gap300_high_role_aware,0.15,300,high,0.45,0.1,30,720,16,120,0.28580700597831943,0.2859173932070319,0.2680555555555557,0.9375279780949091,0.5717243991853513,1.3402777777777777
risk_transfer,603,dynamic_k,multi_objective_with_smurf_exposure_penalty,risk_transfer,192,0.6961530657860622,0.2515001459006043,361.48191204936745,450.9643219184692,0.1137860573242199,0.1443455840643664,14.176032646888366,0.08203125,4791.526693108986,6.041145833333334,1.1527777777777777,0.4597222222222222,0.6483516483516484,0.3855421686746988,1.7875,0.3025,0.3315441467497699,0.3560252719808567,139.40255261544195,11.631843064477724,0.0955726649676989,0.0955726649676989,0.3458333333333333,risk_seed603_sr0.15_gap300_low_multi_objective_with_smurf_exposure_penalty,0.15,300,low,0.08,0.1,30,720,16,120,0.3977939396952498,-0.012628715171656535,0.2680555555555557,21.225877051782007,0.38516522452359325,1.5194444444444444
risk_transfer,604,dynamic_k,nearest,risk_transfer,840,0.6927656809751995,0.249808444013743,315.82867889383004,399.4285401923804,0.1394135934719879,0.2206113029504337,48.25813658394995,0.0142857142857142,34.38241887172642,6.075595238095239,2.0083333333333333,1.1666666666666667,2.171052631578948,0.7407407407407407,0.0,0.5065277777777778,0.4514934695106643,0.4715059411695324,126.00442426270348,19.28842725336488,0.1853074153490702,0.1853074153490702,0.575,risk_seed604_sr0.0_gap300_high_nearest,0.0,300,high,0.45,0.1,30,720,16,120,0.5059378474184926,0.0,0.0,0.0,0.5059378474184926,0.0
risk_transfer,603,dynamic_k,multi_objective_without_smurf_penalty,risk_transfer,192,0.6947734598355823,0.2508131502764583,364.22894595692327,451.3486467960766,0.1168292536358954,0.1328861050783,9.52263023814175,0.0690104166666666,4815.528746107278,5.871354166666666,1.1111111111111112,0.4833333333333333,0.5376344086021505,0.5662650602409639,1.8722222222222225,0.27375,0.2684655685523965,0.3133297571044798,139.34337479190864,12.96100980936322,0.0984011440461699,0.0984011440461699,0.3902777777777778,risk_seed603_sr0.15_gap300_high_multi_objective_without_smurf_penalty,0.15,300,high,0.45,0.1,30,720,16,120,0.3651145432057693,0.20660985597958204,0.5319444444444448,2.5746324729881884,0.5717243991853513,1.3402777777777777
risk_transfer,603,dynamic_k,multi_objective_with_smurf_exposure_penalty,risk_transfer,192,0.6934465747525586,0.2501506423618087,364.5958137283264,452.7807161969128,0.1163792668992316,0.1342993494518027,11.68501545289159,0.0880208333333333,4598.508919530241,5.891145833333333,1.0833333333333333,0.3722222222222222,0.6521739130434783,0.4698795180722891,1.897222222222222,0.2833333333333333,0.299767414413541,0.3271831013297731,139.26223694787393,11.846678593419933,0.0887808556101056,0.0887808556101056,0.3625,risk_seed603_sr0.15_gap300_high_multi_objective_with_smurf_exposure_penalty,0.15,300,high,0.45,0.1,30,720,16,120,0.3943321222389319,0.17739227694641946,0.5569444444444442,3.139620585695886,0.5717243991853513,1.3402777777777777
risk_transfer,604,dynamic_k,nearest,risk_transfer,624,0.6934286884929108,0.2501399407943796,324.67558052731937,408.28003826351033,0.1302867517109804,0.2128757637301551,43.23014233052834,0.0225160256410256,54.02443724609015,6.067788461538462,1.663888888888889,0.8944444444444445,1.6296296296296295,0.7530864197530864,0.0,0.4484722222222222,0.452271989819379,0.4707151910945278,126.4222501799653,16.145235206737667,0.1511826465071034,0.1511826465071034,0.4944444444444444,risk_seed604_sr0.0_gap700_low_nearest,0.0,700,low,0.08,0.1,30,720,16,120,0.44446277402104906,0.0,0.0,0.0,0.44446277402104906,0.0
risk_transfer,603,dynamic_k,role_aware,risk_transfer,192,0.697750974464285,0.2522571586916212,450.444728702498,581.4789604700724,0.1130376089568521,0.1334727222623475,13.757432580282824,0.0098958333333333,14782.361136902276,6.0203125,1.0277777777777777,0.3430555555555555,0.2307692307692307,0.4698795180722891,1.101388888888889,0.3004166666666666,0.2972890668347425,0.3529016481175909,199.066186110846,11.019879462429635,0.0846959419190094,0.0846959419190094,0.3583333333333333,risk_seed603_sr0.15_gap700_low_role_aware,0.15,700,low,0.08,0.1,30,720,16,120,0.1897520413228124,0.15842822012207777,0.3597222222222223,2.2705691065962634,0.34818026144489017,0.7416666666666667
risk_transfer,603,dynamic_k,role_aware,risk_transfer,192,0.694282572811432,0.2505394518487526,451.1108226723918,580.227723936009,0.1160283650786115,0.1450032223512949,14.250329401319163,0.0161458333333333,15091.237640576064,5.921875,1.1527777777777777,0.5111111111111111,0.6813186813186813,0.3734939759036144,1.0625,0.2909722222222222,0.3164905950635865,0.3597943504535623,199.0809559787604,11.605522843835622,0.0988717497161681,0.0988717497161681,0.3583333333333333,risk_seed603_sr0.15_gap700_high_role_aware,0.15,700,high,0.45,0.1,30,720,16,120,0.23983827885351836,0.26677538764734854,0.5069444444444444,1.900266920854694,0.5066136665008669,0.5555555555555556
risk_transfer,603,dynamic_k,multi_objective_without_smurf_penalty,risk_transfer,192,0.6991785451607818,0.252997755058326,450.1312274046133,580.9367878565508,0.1132768856763437,0.1328344681238921,11.579127011858205,0.0653645833333333,14435.94336117644,5.918749999999999,1.0416666666666667,0.3666666666666666,0.2127659574468085,0.3734939759036144,1.2013888888888888,0.28625,0.2899350725983671,0.3292916525622767,198.99425371707613,10.67088193623144,0.0850664670671791,0.0850664670671791,0.3430555555555555,risk_seed603_sr0.15_gap700_low_multi_objective_without_smurf_penalty,0.15,700,low,0.08,0.1,30,720,16,120,0.2639416947714884,0.0842385666734018,0.45972222222222214,5.457384193211573,0.34818026144489017,0.7416666666666667
risk_transfer,603,dynamic_k,multi_objective_without_smurf_penalty,risk_transfer,192,0.6976565092242021,0.2522351729753058,449.9214345898694,578.4913010287424,0.116766525121716,0.1447534046146043,11.905898629708505,0.06328125,17170.143854329322,5.845833333333334,1.1666666666666667,0.5722222222222222,0.6914893617021277,0.4578313253012048,1.325,0.2711111111111111,0.3074710494792407,0.3292304577370077,198.5832647837348,12.736494942888765,0.1051014154510737,0.1051014154510737,0.3958333333333333,risk_seed603_sr0.15_gap700_high_multi_objective_without_smurf_penalty,0.15,700,high,0.45,0.1,30,720,16,120,0.3455590126844142,0.16105465381645273,0.7694444444444444,4.777536235130145,0.5066136665008669,0.5555555555555556
risk_transfer,603,dynamic_k,multi_objective_with_smurf_exposure_penalty,risk_transfer,192,0.6954799857404877,0.2511950872243455,449.5933176159791,579.2227063016169,0.1165505777366235,0.1335707898183449,21.05562984746254,0.0838541666666666,14827.176786441834,5.888020833333333,0.9861111111111112,0.4444444444444444,0.5806451612903226,0.4216867469879518,1.3694444444444445,0.2791666666666667,0.3091842066773527,0.3407962689249008,199.0469534703758,13.00772678760331,0.0933718805343458,0.0933718805343458,0.3902777777777778,risk_seed603_sr0.15_gap700_high_multi_objective_with_smurf_exposure_penalty,0.15,700,high,0.45,0.1,30,720,16,120,0.34496160690140504,0.16165205959946188,0.8138888888888889,5.034819172149899,0.5066136665008669,0.5555555555555556
risk_transfer,604,dynamic_k,nearest,risk_transfer,840,0.6927656809751995,0.249808444013743,315.82867889383004,399.4285401923804,0.1394135934719879,0.2206113029504337,48.25813658394995,0.0142857142857142,34.38241887172642,6.075595238095239,2.0083333333333333,1.1666666666666667,2.171052631578948,0.7407407407407407,0.0,0.5065277777777778,0.4514934695106643,0.4715059411695324,126.00442426270348,19.28842725336488,0.1853074153490702,0.1853074153490702,0.575,risk_seed604_sr0.0_gap700_high_nearest,0.0,700,high,0.45,0.1,30,720,16,120,0.5059378474184926,0.0,0.0,0.0,0.5059378474184926,0.0
risk_transfer,603,dynamic_k,multi_objective_with_smurf_exposure_penalty,risk_transfer,192,0.703052421406781,0.2549108208462877,450.6324422683436,581.5298951613154,0.1142947721997168,0.1383375457645307,18.742090352121973,0.0783854166666666,13447.369312909776,6.047395833333334,1.0972222222222223,0.4763888888888888,0.3043478260869565,0.4578313253012048,1.2597222222222222,0.3031944444444444,0.3146297454664509,0.3546651300987969,198.99848120940945,10.89819717036125,0.0945326356504228,0.0945326356504228,0.3541666666666667,risk_seed603_sr0.15_gap700_low_multi_objective_with_smurf_exposure_penalty,0.15,700,low,0.08,0.1,30,720,16,120,0.3365537288692066,0.011626532575683579,0.5180555555555555,44.55804447140566,0.34818026144489017,0.7416666666666667
risk_transfer,604,dynamic_k,nearest,risk_transfer,948,0.6930433687100228,0.2499432766245764,316.34488233476475,396.4065500684151,0.1396079338923819,0.222334129462672,49.79628684447226,0.0117088607594936,50.02156454123616,6.0371308016877645,1.9777777777777776,1.2236111111111112,2.45,0.7191011235955056,0.4708333333333333,0.5561111111111111,0.4415719367509028,0.4625813902631747,134.22593669773698,19.358604981435004,0.1898040621010218,0.1898040621010218,0.5972222222222222,risk_seed604_sr0.02_gap300_low_nearest,0.02,300,low,0.08,0.1,30,720,16,120,0.5411685990666084,0.0,0.0,0.0,0.5411685990666084,0.4708333333333333
risk_transfer,604,dynamic_k,role_aware,risk_transfer,192,0.6943961385621238,0.2506205533104027,333.1353498665573,417.3321931327168,0.1137489729433283,0.1285852783931489,7.520773678339982,0.0174479166666666,2466.091153487076,5.858854166666667,1.0138888888888888,0.3402777777777778,0.5064935064935064,0.3703703703703703,0.0,0.2688888888888889,0.3066638612726629,0.3303663129449368,125.99336849135246,11.460267003273437,0.0833627751297166,0.0833627751297166,0.3375,risk_seed604_sr0.0_gap300_low_role_aware,0.0,300,low,0.08,0.1,30,720,16,120,0.12559192644194517,0.3188708475791039,0.0,0.0,0.44446277402104906,0.0
risk_transfer,604,dynamic_k,multi_objective_without_smurf_penalty,risk_transfer,192,0.6955166569172361,0.2511811469702836,332.50368624818566,418.3758761715621,0.1141896082182585,0.1346056788445022,5.125744343061761,0.05,2433.2275659296324,5.780729166666666,1.0416666666666667,0.3791666666666666,0.5301204819277109,0.4074074074074074,0.0,0.25375,0.3004622287002689,0.3439868509917971,125.92980880695094,11.569790111268476,0.0857874150874881,0.0857874150874881,0.3236111111111111,risk_seed604_sr0.0_gap300_low_multi_objective_without_smurf_penalty,0.0,300,low,0.08,0.1,30,720,16,120,0.184286613481593,0.260176160539456,0.0,0.0,0.44446277402104906,0.0
risk_transfer,604,dynamic_k,multi_objective_with_smurf_exposure_penalty,risk_transfer,192,0.6922527116556978,0.2495539957439978,333.1730418404738,418.6507109439127,0.1143899906766523,0.1227252886006758,6.855585239650232,0.0619791666666666,2659.4338599244898,5.7765625,1.0138888888888888,0.3638888888888889,0.5,0.5185185185185185,0.0,0.2568055555555555,0.2795438197958191,0.3153218723301927,126.1140746760546,11.257197606855266,0.0836327142692932,0.0836327142692932,0.325,risk_seed604_sr0.0_gap300_low_multi_objective_with_smurf_exposure_penalty,0.0,300,low,0.08,0.1,30,720,16,120,0.20193701977235076,0.2425257542486983,0.0,0.0,0.44446277402104906,0.0
risk_transfer,604,dynamic_k,role_aware,risk_transfer,192,0.6937323777323541,0.2503017037325383,330.70866209192656,415.81752767484767,0.1153742779088825,0.1326212573465512,8.949879525245388,0.0197916666666666,2970.182636465184,5.8796875,0.9722222222222222,0.35,0.7236842105263158,0.4074074074074074,0.0,0.2854166666666666,0.3106309048285862,0.3461680270930476,125.85131385601998,12.146114311038955,0.0852537134509754,0.0852537134509754,0.3597222222222222,risk_seed604_sr0.0_gap300_high_role_aware,0.0,300,high,0.45,0.1,30,720,16,120,0.14579874433184653,0.36013910308664604,0.0,0.0,0.5059378474184926,0.0
risk_transfer,604,dynamic_k,nearest,risk_transfer,732,0.6913526503321523,0.2491318477282702,319.8169705592725,398.6392156937442,0.1351846607883499,0.2145993077078691,46.68910767560551,0.0181693989071038,116.99065613553032,5.995765027322404,1.6277777777777778,0.8347222222222223,1.9344262295081969,0.7078651685393258,0.5138888888888888,0.4790277777777777,0.4470901378917684,0.4642253537183136,134.04652894439374,18.1810496549748,0.1524913955696904,0.1524913955696904,0.5625,risk_seed604_sr0.02_gap300_high_nearest,0.02,300,high,0.45,0.1,30,720,16,120,0.4694914731340881,0.0,0.0,0.0,0.4694914731340881,0.5138888888888888
risk_transfer,604,dynamic_k,multi_objective_with_smurf_exposure_penalty,risk_transfer,192,0.6905333006366616,0.2486937332848788,329.4254740967069,414.9417778899454,0.1153480515039767,0.1199696638145007,6.822374226357319,0.0692708333333333,2786.048254143232,5.814583333333332,0.9305555555555556,0.3055555555555556,0.5542168674698795,0.382716049382716,0.0,0.2680555555555555,0.2604734017516288,0.2946787345842529,125.88425848367062,11.700795295177953,0.0809038859092562,0.0809038859092562,0.3805555555555555,risk_seed604_sr0.0_gap300_high_multi_objective_with_smurf_exposure_penalty,0.0,300,high,0.45,0.1,30,720,16,120,0.1695015592648101,0.3364362881536825,0.0,0.0,0.5059378474184926,0.0
risk_transfer,604,dynamic_k,multi_objective_without_smurf_penalty,risk_transfer,192,0.6918236534804296,0.2493410176299613,329.346316119538,414.8287636583544,0.1154652654182089,0.1234609635424647,6.6613602382335,0.0643229166666666,2850.851598747533,5.768229166666667,0.9444444444444444,0.3138888888888889,0.6071428571428571,0.3950617283950617,0.0,0.2554166666666666,0.2951949550407914,0.3300699798759587,125.68149128342908,12.74872952636516,0.0828566046994833,0.0828566046994833,0.375,risk_seed604_sr0.0_gap300_high_multi_objective_without_smurf_penalty,0.0,300,high,0.45,0.1,30,720,16,120,0.19112514536094974,0.31481270205754286,0.0,0.0,0.5059378474184926,0.0
risk_transfer,604,dynamic_k,nearest,risk_transfer,948,0.6920327466858308,0.2494566595632786,328.02885512140097,413.3056278668985,0.1394766376859954,0.2219069528578684,50.212973477485214,0.0121308016877637,221.09822925980964,6.0371308016877645,2.2583333333333333,1.461111111111111,2.3389830508474576,0.7640449438202247,0.1694444444444444,0.5561111111111111,0.4380173737748123,0.4605827410111248,148.80186497283034,20.326984723758088,0.2124912036602665,0.2124912036602665,0.6041666666666666,risk_seed604_sr0.02_gap700_low_nearest,0.02,700,low,0.08,0.1,30,720,16,120,0.5632363463371367,0.0,0.0,0.0,0.5632363463371367,0.1694444444444444
risk_transfer,604,dynamic_k,role_aware,risk_transfer,192,0.6943961385621238,0.2506205533104027,333.1353498665573,417.3321931327168,0.1137489729433283,0.1285852783931489,7.520773678339982,0.0174479166666666,2466.091153487076,5.858854166666667,1.0138888888888888,0.3402777777777778,0.5064935064935064,0.3703703703703703,0.0,0.2688888888888889,0.3066638612726629,0.3303663129449368,125.99336849135246,11.460267003273437,0.0833627751297166,0.0833627751297166,0.3375,risk_seed604_sr0.0_gap700_low_role_aware,0.0,700,low,0.08,0.1,30,720,16,120,0.12559192644194517,0.3188708475791039,0.0,0.0,0.44446277402104906,0.0
risk_transfer,604,dynamic_k,role_aware,risk_transfer,192,0.6937323777323541,0.2503017037325383,330.70866209192656,415.81752767484767,0.1153742779088825,0.1326212573465512,8.949879525245388,0.0197916666666666,2970.182636465184,5.8796875,0.9722222222222222,0.35,0.7236842105263158,0.4074074074074074,0.0,0.2854166666666666,0.3106309048285862,0.3461680270930476,125.85131385601998,12.146114311038955,0.0852537134509754,0.0852537134509754,0.3597222222222222,risk_seed604_sr0.0_gap700_high_role_aware,0.0,700,high,0.45,0.1,30,720,16,120,0.14579874433184653,0.36013910308664604,0.0,0.0,0.5059378474184926,0.0
risk_transfer,604,dynamic_k,nearest,risk_transfer,732,0.6936963253560411,0.2502703527667705,330.5823464976926,415.8794021166602,0.1353980940954857,0.2230451203696872,46.380598756540806,0.0198770491803278,319.1095998708921,5.995765027322404,2.025,1.2375,2.25,0.8202247191011236,0.1986111111111111,0.4790277777777777,0.4533596708103548,0.4703094310599454,147.8562995545923,19.970154987932386,0.1912489490262061,0.1912489490262061,0.6430555555555556,risk_seed604_sr0.02_gap700_high_nearest,0.02,700,high,0.45,0.1,30,720,16,120,0.5540698322774196,0.0,0.0,0.0,0.5540698322774196,0.1986111111111111
risk_transfer,604,dynamic_k,multi_objective_without_smurf_penalty,risk_transfer,192,0.6918236534804296,0.2493410176299613,329.346316119538,414.8287636583544,0.1154652654182089,0.1234609635424647,6.6613602382335,0.0643229166666666,2850.851598747533,5.768229166666667,0.9444444444444444,0.3138888888888889,0.6071428571428571,0.3950617283950617,0.0,0.2554166666666666,0.2951949550407914,0.3300699798759587,125.68149128342908,12.74872952636516,0.0828566046994833,0.0828566046994833,0.375,risk_seed604_sr0.0_gap700_high_multi_objective_without_smurf_penalty,0.0,700,high,0.45,0.1,30,720,16,120,0.19112514536094974,0.31481270205754286,0.0,0.0,0.5059378474184926,0.0
risk_transfer,604,dynamic_k,multi_objective_without_smurf_penalty,risk_transfer,192,0.6955166569172361,0.2511811469702836,332.50368624818566,418.3758761715621,0.1141896082182585,0.1346056788445022,5.125744343061761,0.05,2433.2275659296324,5.780729166666666,1.0416666666666667,0.3791666666666666,0.5301204819277109,0.4074074074074074,0.0,0.25375,0.3004622287002689,0.3439868509917971,125.92980880695094,11.569790111268476,0.0857874150874881,0.0857874150874881,0.3236111111111111,risk_seed604_sr0.0_gap700_low_multi_objective_without_smurf_penalty,0.0,700,low,0.08,0.1,30,720,16,120,0.184286613481593,0.260176160539456,0.0,0.0,0.44446277402104906,0.0
risk_transfer,604,dynamic_k,multi_objective_with_smurf_exposure_penalty,risk_transfer,192,0.6922527116556978,0.2495539957439978,333.1730418404738,418.6507109439127,0.1143899906766523,0.1227252886006758,6.855585239650232,0.0619791666666666,2659.4338599244898,5.7765625,1.0138888888888888,0.3638888888888889,0.5,0.5185185185185185,0.0,0.2568055555555555,0.2795438197958191,0.3153218723301927,126.1140746760546,11.257197606855266,0.0836327142692932,0.0836327142692932,0.325,risk_seed604_sr0.0_gap700_low_multi_objective_with_smurf_exposure_penalty,0.0,700,low,0.08,0.1,30,720,16,120,0.20193701977235076,0.2425257542486983,0.0,0.0,0.44446277402104906,0.0
risk_transfer,604,dynamic_k,multi_objective_with_smurf_exposure_penalty,risk_transfer,192,0.6905333006366616,0.2486937332848788,329.4254740967069,414.9417778899454,0.1153480515039767,0.1199696638145007,6.822374226357319,0.0692708333333333,2786.048254143232,5.814583333333332,0.9305555555555556,0.3055555555555556,0.5542168674698795,0.382716049382716,0.0,0.2680555555555555,0.2604734017516288,0.2946787345842529,125.88425848367062,11.700795295177953,0.0809038859092562,0.0809038859092562,0.3805555555555555,risk_seed604_sr0.0_gap700_high_multi_objective_with_smurf_exposure_penalty,0.0,700,high,0.45,0.1,30,720,16,120,0.1695015592648101,0.3364362881536825,0.0,0.0,0.5059378474184926,0.0
risk_transfer,604,dynamic_k,nearest,risk_transfer,732,0.6930911822588446,0.249980827285622,334.9012945968574,419.4084897777273,0.1349772560991639,0.2263353509447923,46.173144637176605,0.0193306010928961,79.40212334235383,5.979371584699453,1.9361111111111111,1.1111111111111112,2.1052631578947367,1.032967032967033,0.9652777777777778,0.4741666666666666,0.4363615123624469,0.4619361158332328,132.20130400342228,16.565822473437613,0.1727650399612885,0.1727650399612885,0.4861111111111111,risk_seed604_sr0.05_gap300_low_nearest,0.05,300,low,0.08,0.1,30,720,16,120,0.605315938996327,0.0,0.0,0.0,0.605315938996327,0.9652777777777778
risk_transfer,604,dynamic_k,role_aware,risk_transfer,192,0.692873442489003,0.2498546697754258,328.6561672895046,409.5520533314438,0.1133035090808141,0.1282614253965441,8.511278462199632,0.0169270833333333,3520.1808186370654,5.927083333333333,1.0416666666666667,0.4152777777777778,0.6885245901639344,0.5168539325842697,0.8694444444444445,0.2823611111111111,0.288130868269519,0.3178422445590164,133.87054659487814,11.206128255085137,0.0883987562016113,0.0883987562016113,0.3375,risk_seed604_sr0.02_gap300_low_role_aware,0.02,300,low,0.08,0.1,30,720,16,120,0.215076578758665,0.3260920203079434,0.39861111111111114,1.2223884250055697,0.5411685990666084,0.4708333333333333
risk_transfer,604,dynamic_k,multi_objective_without_smurf_penalty,risk_transfer,192,0.6920744050824172,0.2494566737466726,331.0612688197484,412.4102828678708,0.1139670033173462,0.1344165415651786,7.372463202651473,0.06015625,3741.388289258796,5.857812499999999,0.9583333333333334,0.3097222222222222,0.6507936507936508,0.3595505617977528,0.7833333333333333,0.2715277777777777,0.3117374863450528,0.3446587241065316,133.67192206119088,11.415370317015356,0.0798605272990513,0.0798605272990513,0.3263888888888889,risk_seed604_sr0.02_gap300_low_multi_objective_without_smurf_penalty,0.02,300,low,0.08,0.1,30,720,16,120,0.24782107927572802,0.29334751979088036,0.3125,1.065289388581751,0.5411685990666084,0.4708333333333333
risk_transfer,604,dynamic_k,nearest,risk_transfer,516,0.6942103931260575,0.2505164553961367,337.05059437059566,423.89936582457045,0.1299071775909077,0.204565887040779,39.451726475675805,0.0318798449612403,189.5793942941669,5.977131782945736,1.4305555555555556,0.7111111111111111,1.6833333333333331,0.7362637362637363,0.9513888888888888,0.3936111111111111,0.4279566202325831,0.4542405961229137,131.26197263111146,16.870467494519307,0.1336533020545837,0.1336533020545837,0.4902777777777777,risk_seed604_sr0.05_gap300_high_nearest,0.05,300,high,0.45,0.1,30,720,16,120,0.47520062519130246,0.0,0.0,0.0,0.47520062519130246,0.9513888888888888
risk_transfer,604,dynamic_k,multi_objective_with_smurf_exposure_penalty,risk_transfer,192,0.6941597405583425,0.2505023143559721,329.5781503264818,409.8554131111721,0.1139200038083285,0.131900326556626,8.758964618967294,0.0791666666666666,3086.3588683885896,5.932291666666667,1.0277777777777777,0.3847222222222222,0.6612903225806451,0.5168539325842697,0.5361111111111111,0.2883333333333333,0.2812983009414725,0.3248444420013328,133.1983887569487,11.556945391483673,0.0881732688068408,0.0881732688068408,0.3638888888888889,risk_seed604_sr0.02_gap300_low_multi_objective_with_smurf_exposure_penalty,0.02,300,low,0.08,0.1,30,720,16,120,0.2775940376979986,0.2635745613686098,0.06527777777777777,0.2476634218371575,0.5411685990666084,0.4708333333333333
risk_transfer,604,dynamic_k,role_aware,risk_transfer,192,0.6912897061854011,0.2490668153342542,328.90944918849084,408.4559199924697,0.115462859256872,0.1254721444207902,9.724274708397266,0.0177083333333333,3549.445891241059,5.921875,1.0277777777777777,0.3888888888888889,0.8305084745762712,0.4269662921348314,0.8986111111111111,0.2830555555555555,0.2823699497834211,0.3167996590461089,133.6217083282493,12.110815692538308,0.0895867273793991,0.0895867273793991,0.3805555555555555,risk_seed604_sr0.02_gap300_high_role_aware,0.02,300,high,0.45,0.1,30,720,16,120,0.20324895897112424,0.26624251416296385,0.3847222222222223,1.4450067204020558,0.4694914731340881,0.5138888888888888
risk_transfer,604,dynamic_k,multi_objective_with_smurf_exposure_penalty,risk_transfer,192,0.6946905847129128,0.2507702267163681,328.1400306212953,408.1324161040628,0.1158851842691232,0.1234501553848961,9.079898961365844,0.0828125,2685.59555705955,5.9494791666666655,0.8333333333333334,0.2555555555555555,0.5409836065573771,0.4269662921348314,0.3486111111111111,0.28875,0.2999897283207786,0.3253437179369796,132.787675223943,12.448739919643302,0.077675119269003,0.077675119269003,0.3972222222222222,risk_seed604_sr0.02_gap300_high_multi_objective_with_smurf_exposure_penalty,0.02,300,high,0.45,0.1,30,720,16,120,0.2355220281414372,0.23396944499265093,-0.16527777777777775,-0.7064075301925394,0.4694914731340881,0.5138888888888888
risk_transfer,604,dynamic_k,multi_objective_without_smurf_penalty,risk_transfer,192,0.6920957058247786,0.2494782053239811,326.9571987555234,407.3216326885872,0.1155077678144397,0.1340624562109827,7.79086106341743,0.0658854166666666,3556.987303661216,5.888541666666666,1.0694444444444444,0.4333333333333333,0.6779661016949152,0.4382022471910112,0.6777777777777778,0.2773611111111111,0.2907188829916954,0.3221220323095898,133.6439713728466,11.983128415506396,0.092368490884658,0.092368490884658,0.3680555555555556,risk_seed604_sr0.02_gap300_high_multi_objective_without_smurf_penalty,0.02,300,high,0.45,0.1,30,720,16,120,0.26904558786202837,0.20044588527205975,0.16388888888888897,0.8176216172581794,0.4694914731340881,0.5138888888888888
risk_transfer,604,dynamic_k,nearest,risk_transfer,732,0.6914535246052158,0.2491846360654633,370.2492268856618,484.2493279695276,0.1344318902840106,0.2198241210640446,46.88113351213204,0.0202868852459016,245.56316068289607,5.979371584699453,1.897222222222222,1.0777777777777775,2.066666666666667,0.9230769230769232,0.4138888888888888,0.4741666666666667,0.4476246877222707,0.4682356979046715,161.6914163435081,16.472948555388193,0.1705302193609428,0.1705302193609428,0.5236111111111111,risk_seed604_sr0.05_gap700_low_nearest,0.05,700,low,0.08,0.1,30,720,16,120,0.5497710277708256,0.0,0.0,0.0,0.5497710277708256,0.4138888888888888
risk_transfer,604,dynamic_k,role_aware,risk_transfer,192,0.6861231078121938,0.2465330516487732,342.13719162769627,429.9974659187705,0.1129710309277346,0.1336392219968464,15.18639820917268,0.0158854166666666,8571.902521755625,5.8890625000000005,0.9583333333333334,0.2722222222222222,0.6065573770491803,0.3932584269662921,0.6666666666666666,0.2758333333333332,0.2889980209454605,0.3288933103824055,148.6887525096395,11.46502595547974,0.0773786238386282,0.0773786238386282,0.3152777777777777,risk_seed604_sr0.02_gap700_low_role_aware,0.02,700,low,0.08,0.1,30,720,16,120,0.15651469619501263,0.4067216501421241,0.49722222222222223,1.2225123055251024,0.5632363463371367,0.1694444444444444
risk_transfer,604,dynamic_k,nearest,risk_transfer,516,0.694431703586309,0.2505744016037025,372.2917694050464,487.7425623662015,0.1296718530043227,0.2071834245888468,39.69086839836759,0.0307170542635658,470.0407135854769,5.977131782945736,1.5333333333333334,0.7819444444444444,1.55,0.6483516483516484,0.4402777777777777,0.3936111111111111,0.4279602258378659,0.4588828985677379,160.9087762023848,16.71733575942442,0.1409171691734163,0.1409171691734163,0.5097222222222222,risk_seed604_sr0.05_gap700_high_nearest,0.05,700,high,0.45,0.1,30,720,16,120,0.4311473906699726,0.0,0.0,0.0,0.4311473906699726,0.4402777777777777
risk_transfer,604,dynamic_k,multi_objective_without_smurf_penalty,risk_transfer,192,0.6917339696862853,0.2492960287962059,342.9648449492104,431.0777476887064,0.113339730362004,0.1264076378090674,8.829147151793537,0.0677083333333333,6862.477335153265,5.846354166666667,0.9027777777777778,0.2930555555555555,0.532258064516129,0.3707865168539326,0.5680555555555555,0.2777777777777778,0.2948198968198914,0.3244954621657038,148.36776807169514,11.22122920065388,0.0775133455796737,0.0775133455796737,0.3305555555555555,risk_seed604_sr0.02_gap700_low_multi_objective_without_smurf_penalty,0.02,700,low,0.08,0.1,30,720,16,120,0.22355966242129527,0.33967668391584144,0.39861111111111114,1.173501538333056,0.5632363463371367,0.1694444444444444
risk_transfer,604,dynamic_k,role_aware,risk_transfer,192,0.6914728691289974,0.2491554987325148,339.9028253224838,428.5134193260924,0.115429498939156,0.1144981508134231,10.396950076152203,0.01796875,6778.044456122304,5.9375,0.8333333333333334,0.3555555555555555,0.7457627118644068,0.4157303370786517,0.4819444444444444,0.2951388888888889,0.2575890714271022,0.3070698149922319,148.27012163641507,11.577057628165594,0.0810170435180575,0.0810170435180575,0.3444444444444444,risk_seed604_sr0.02_gap700_high_role_aware,0.02,700,high,0.45,0.1,30,720,16,120,0.13428637835916074,0.41978345391825883,0.2833333333333333,0.6749511699155837,0.5540698322774196,0.1986111111111111
risk_transfer,604,dynamic_k,multi_objective_with_smurf_exposure_penalty,risk_transfer,192,0.6962777893210932,0.2515387355013881,339.27386881376714,427.6705043642584,0.1154697218995121,0.1230471875889764,11.54264396866211,0.0885416666666666,4130.245326282111,5.952604166666667,1.0,0.3722222222222222,0.6333333333333333,0.4719101123595505,0.2958333333333333,0.2820833333333333,0.302688800768034,0.3484831288243152,148.19198033620083,11.992920957638235,0.0866138911287789,0.0866138911287789,0.3541666666666667,risk_seed604_sr0.02_gap700_high_multi_objective_with_smurf_exposure_penalty,0.02,700,high,0.45,0.1,30,720,16,120,0.2773387886761846,0.27673104360123496,0.09722222222222218,0.3513238737404462,0.5540698322774196,0.1986111111111111
risk_transfer,604,dynamic_k,multi_objective_with_smurf_exposure_penalty,risk_transfer,192,0.6978495250242438,0.2523169191209494,340.18440452065965,428.4612704172664,0.1141110180619493,0.1330541051168533,11.024051011081434,0.0927083333333333,4815.213969913508,5.933854166666667,1.1111111111111112,0.4152777777777778,0.6935483870967742,0.4382022471910112,0.4777777777777778,0.29875,0.2907427540106363,0.3429233206990428,148.4001457547459,11.498593311911549,0.0906743826262465,0.0906743826262465,0.3138888888888889,risk_seed604_sr0.02_gap700_low_multi_objective_with_smurf_exposure_penalty,0.02,700,low,0.08,0.1,30,720,16,120,0.29845033266265586,0.26478601367448085,0.3083333333333334,1.1644623107336334,0.5632363463371367,0.1694444444444444
risk_transfer,604,dynamic_k,multi_objective_without_smurf_penalty,risk_transfer,192,0.6955583841095202,0.2511890549499119,340.6801696266839,428.59077774151496,0.1156435375769893,0.1360654539469996,9.140454707862792,0.0723958333333333,6230.173193834478,5.982291666666666,1.1527777777777777,0.5083333333333333,0.7903225806451613,0.5617977528089888,0.4125,0.29875,0.2696611255687128,0.304358459248478,148.14216351362083,11.70421517442926,0.0996311918225325,0.0996311918225325,0.3819444444444444,risk_seed604_sr0.02_gap700_high_multi_objective_without_smurf_penalty,0.02,700,high,0.45,0.1,30,720,16,120,0.2849533096637768,0.2691165226136428,0.21388888888888888,0.794781705751893,0.5540698322774196,0.1986111111111111
risk_transfer,604,dynamic_k,nearest,risk_transfer,840,0.6933808269426314,0.2501168433229791,334.1653585968475,423.4976358805124,0.1359665808927563,0.2272807122619846,48.16435254211289,0.0149404761904761,74.78474069146874,6.105476190476191,2.1194444444444445,1.2208333333333334,1.7924528301886793,0.8921568627450981,1.2930555555555556,0.5231944444444445,0.451621151571259,0.4684972910331068,146.40104674270688,15.826259477585436,0.1852499950506284,0.1852499950506284,0.5013888888888889,risk_seed604_sr0.1_gap300_low_nearest,0.1,300,low,0.08,0.1,30,720,16,120,0.6180872737506695,0.0,0.0,0.0,0.6180872737506695,1.2930555555555556
risk_transfer,604,dynamic_k,role_aware,risk_transfer,192,0.6909472884463392,0.2488937098603712,341.6300708740207,427.7880942856361,0.1168221528717755,0.1369966680208901,10.382869664906917,0.02421875,3819.998775034402,5.909895833333333,1.0972222222222223,0.4263888888888889,0.9344262295081968,0.4615384615384615,1.386111111111111,0.2809722222222222,0.3151929372988069,0.3471405242934091,131.08410883671635,12.718418754675524,0.0947890099599736,0.0947890099599736,0.3986111111111111,risk_seed604_sr0.05_gap300_high_role_aware,0.05,300,high,0.45,0.1,30,720,16,120,0.2884645272342012,0.18673609795710128,0.43472222222222223,2.328003139072182,0.47520062519130246,0.9513888888888888
risk_transfer,604,dynamic_k,role_aware,risk_transfer,192,0.6941024110657152,0.2504549951938409,341.92391694038656,427.8514273532502,0.1143024071896557,0.1373037403971012,8.648108443057742,0.0151041666666666,3598.192153738484,5.941666666666667,1.0833333333333333,0.4777777777777778,0.9016393442622952,0.4285714285714285,1.4875,0.29,0.318318103136346,0.3434510519854132,131.0975837165462,11.393246471782575,0.094171366584663,0.094171366584663,0.3416666666666667,risk_seed604_sr0.05_gap300_low_role_aware,0.05,300,low,0.08,0.1,30,720,16,120,0.2804035576332809,0.32491238136304607,0.5222222222222223,1.607270920336855,0.605315938996327,0.9652777777777778
risk_transfer,604,dynamic_k,multi_objective_with_smurf_exposure_penalty,risk_transfer,192,0.6925782457009478,0.2497206976219926,345.2135083437797,430.37843712558407,0.116315685091069,0.1393995527379271,10.422815154699098,0.0833333333333333,2954.243429012468,5.982812499999999,1.0972222222222223,0.4180555555555555,0.8983050847457628,0.4505494505494505,1.3041666666666667,0.2975,0.317398044114545,0.3538539021498796,130.97899761838335,12.733523572956344,0.0948541875617941,0.0948541875617941,0.4,risk_seed604_sr0.05_gap300_high_multi_objective_with_smurf_exposure_penalty,0.05,300,high,0.45,0.1,30,720,16,120,0.37073600966772463,0.10446461552357783,0.35277777777777786,3.3770073819699777,0.47520062519130246,0.9513888888888888
risk_transfer,604,dynamic_k,multi_objective_with_smurf_exposure_penalty,risk_transfer,192,0.6953108667004532,0.2510915326735328,340.0795191858528,427.8498611100086,0.1145894963160501,0.1424029204696565,10.667722307590346,0.0828125,2682.6837725553723,5.977604166666667,1.0972222222222223,0.3569444444444444,0.6610169491525424,0.5164835164835165,1.5125,0.2954166666666666,0.326794324187167,0.346551543676119,130.99749155602566,12.024092210277775,0.0888796611755658,0.0888796611755658,0.3638888888888889,risk_seed604_sr0.05_gap300_low_multi_objective_with_smurf_exposure_penalty,0.05,300,low,0.08,0.1,30,720,16,120,0.3846796568850049,0.22063628211132208,0.5472222222222222,2.4802005227142154,0.605315938996327,0.9652777777777778
risk_transfer,604,dynamic_k,nearest,risk_transfer,624,0.6936318199245723,0.2502239194854608,335.6654455417116,427.1099394674037,0.1314478270999988,0.2129694543030901,43.58690857477003,0.0266826923076923,122.82368051741447,6.081891025641026,1.6916666666666669,0.975,1.3272727272727274,0.7058823529411765,1.3125,0.4577777777777778,0.4387527202714011,0.4645706682432868,145.18269815522913,18.13075174854823,0.1619087278920243,0.1619087278920243,0.5722222222222222,risk_seed604_sr0.1_gap300_high_nearest,0.1,300,high,0.45,0.1,30,720,16,120,0.5219154721225157,0.0,0.0,0.0,0.5219154721225157,1.3125
risk_transfer,604,dynamic_k,multi_objective_without_smurf_penalty,risk_transfer,192,0.696335236834804,0.2515893224956647,341.5326934281363,428.3661265555602,0.115365167597077,0.1412933137058201,7.381132035691505,0.0674479166666666,3098.726509681313,5.897395833333333,1.1805555555555556,0.4847222222222222,0.4516129032258064,0.6483516483516484,1.5069444444444444,0.2698611111111111,0.2945259278377866,0.3312611309790012,130.90178883997885,11.789049452315728,0.0972266202487454,0.0972266202487454,0.3555555555555555,risk_seed604_sr0.05_gap300_low_multi_objective_without_smurf_penalty,0.05,300,low,0.08,0.1,30,720,16,120,0.36879144170966827,0.2365244972866587,0.5416666666666666,2.2901080982330013,0.605315938996327,0.9652777777777778
risk_transfer,604,dynamic_k,multi_objective_without_smurf_penalty,risk_transfer,192,0.6929654046193995,0.2499007919989726,345.164324228593,431.1968905092348,0.1169699357123986,0.1434589982740802,8.250606391635026,0.0703125,3345.416999045435,5.878125,1.125,0.4611111111111111,0.8852459016393442,0.5164835164835165,1.4472222222222222,0.27625,0.3085533782079868,0.3323889218962701,130.87516413299042,12.714616713506464,0.0973053287134785,0.0973053287134785,0.3958333333333333,risk_seed604_sr0.05_gap300_high_multi_objective_without_smurf_penalty,0.05,300,high,0.45,0.1,30,720,16,120,0.37105517129326543,0.10414545389803703,0.49583333333333335,4.760969536114135,0.47520062519130246,0.9513888888888888
risk_transfer,604,dynamic_k,nearest,risk_transfer,840,0.6940272287362445,0.250442693946699,394.3791365387544,539.7214292937798,0.1359809134615942,0.2306142028658217,48.19705036165306,0.0151190476190476,151.49079535204245,6.105476190476191,2.091666666666667,1.1791666666666667,1.8113207547169807,0.9215686274509804,0.6277777777777778,0.5231944444444445,0.4659961991465058,0.4805138780360116,195.3339582295705,16.060080626291843,0.1813471918552174,0.1813471918552174,0.4625,risk_seed604_sr0.1_gap700_low_nearest,0.1,700,low,0.08,0.1,30,720,16,120,0.5807190150139666,0.0,0.0,0.0,0.5807190150139666,0.6277777777777778
risk_transfer,604,dynamic_k,role_aware,risk_transfer,192,0.6946442402100083,0.2507297605531434,376.9465802393348,492.4746737661479,0.1142677673072483,0.1377783837763129,13.244633955564812,0.0138020833333333,13641.145719673952,5.967708333333333,1.0694444444444444,0.4069444444444444,0.4918032786885246,0.4725274725274725,0.9694444444444444,0.2936111111111111,0.3080608755890817,0.3625842849789927,160.3935576803572,11.152245797266694,0.0893005825908693,0.0893005825908693,0.35,risk_seed604_sr0.05_gap700_low_role_aware,0.05,700,low,0.08,0.1,30,720,16,120,0.21534044676454658,0.3344305810062791,0.5555555555555556,1.661198428337284,0.5497710277708256,0.4138888888888888
risk_transfer,604,dynamic_k,multi_objective_without_smurf_penalty,risk_transfer,192,0.695653282377811,0.2512492460452879,379.21434611399616,493.1465542392271,0.1149410430133703,0.1488433596718673,9.338585182956018,0.0739583333333333,14100.675048274608,5.875,1.2638888888888888,0.5680555555555555,0.4516129032258064,0.6263736263736264,1.3333333333333333,0.2875,0.3050053844909745,0.3419540650196061,160.32649065509372,11.3788793926204,0.1039720622855976,0.1039720622855976,0.3541666666666667,risk_seed604_sr0.05_gap700_low_multi_objective_without_smurf_penalty,0.05,700,low,0.08,0.1,30,720,16,120,0.38385490026033964,0.165916127510486,0.9194444444444445,5.541621891978735,0.5497710277708256,0.4138888888888888
risk_transfer,604,dynamic_k,nearest,risk_transfer,624,0.6941191965621432,0.2504744462090273,394.4201434705941,543.6685754836196,0.1311836975694168,0.2266993508819928,43.74585443833875,0.0236378205128205,285.3780846706867,6.081891025641026,1.7333333333333334,0.9805555555555556,1.5818181818181818,0.6666666666666666,0.6361111111111111,0.4577777777777777,0.4528555394086881,0.4733368203125851,194.36816290898216,18.027162369358376,0.1627749813010066,0.1627749813010066,0.5722222222222222,risk_seed604_sr0.1_gap700_high_nearest,0.1,700,high,0.45,0.1,30,720,16,120,0.4882700559322695,0.0,0.0,0.0,0.4882700559322695,0.6361111111111111
risk_transfer,604,dynamic_k,multi_objective_with_smurf_exposure_penalty,risk_transfer,192,0.7046839651365225,0.2556002487379564,375.3773765466861,490.3785712079389,0.1158496940422252,0.1426248896699904,19.410151008212832,0.084375,11625.23867139943,5.963020833333334,1.0833333333333333,0.4430555555555555,0.5737704918032787,0.6373626373626373,1.3708333333333331,0.2972222222222222,0.311756008536959,0.3602458846336248,160.2383619325057,12.168986470916447,0.0944503305392332,0.0944503305392332,0.3833333333333333,risk_seed604_sr0.05_gap700_low_multi_objective_with_smurf_exposure_penalty,0.05,700,low,0.08,0.1,30,720,16,120,0.38939265893885217,0.16037836883197348,0.9569444444444444,5.966792475904427,0.5497710277708256,0.4138888888888888
risk_transfer,604,dynamic_k,role_aware,risk_transfer,192,0.6905006671112437,0.2486629959850374,379.2197392942117,494.2209004031243,0.1162035647240968,0.1319693182629607,14.880968637322653,0.0192708333333333,13266.07104773363,5.944270833333333,1.0277777777777777,0.3680555555555556,0.6779661016949152,0.3626373626373626,0.8916666666666667,0.29375,0.2969599578678144,0.3535311181372683,160.43644100304562,12.370251783424887,0.0902152271901031,0.0902152271901031,0.4152777777777778,risk_seed604_sr0.05_gap700_high_role_aware,0.05,700,high,0.45,0.1,30,720,16,120,0.19526138864744674,0.23588600202252585,0.451388888888889,1.9135891278778967,0.4311473906699726,0.4402777777777777
risk_transfer,604,dynamic_k,multi_objective_without_smurf_penalty,risk_transfer,192,0.6944111400547874,0.2506256617645785,377.7913965119429,492.054340674014,0.1165805641491153,0.1482303608064077,11.010821224547309,0.0734375,13058.630283575394,5.83125,1.1805555555555556,0.5444444444444444,0.6935483870967742,0.4285714285714285,1.1680555555555556,0.2683333333333333,0.3283385251894998,0.362181333157572,160.00691077851215,12.901448143691075,0.1035432261171273,0.1035432261171273,0.3986111111111111,risk_seed604_sr0.05_gap700_high_multi_objective_without_smurf_penalty,0.05,700,high,0.45,0.1,30,720,16,120,0.35776611602894215,0.07338127464103045,0.7277777777777779,9.917758738015268,0.4311473906699726,0.4402777777777777
risk_transfer,604,dynamic_k,multi_objective_with_smurf_exposure_penalty,risk_transfer,192,0.7007344400737145,0.2537551527971459,380.1661819586251,494.1999403963235,0.1171538459453553,0.1328316367390269,22.181431065901386,0.0979166666666667,11290.2581544059,5.99375,1.0138888888888888,0.4361111111111111,0.6271186440677966,0.3736263736263736,1.2625,0.3002777777777777,0.3046713358435128,0.3313773720019498,160.14985935713156,12.686508696883012,0.0944642434693058,0.0944642434693058,0.4166666666666667,risk_seed604_sr0.05_gap700_high_multi_objective_with_smurf_exposure_penalty,0.05,700,high,0.45,0.1,30,720,16,120,0.35183725717326686,0.07931013349670574,0.8222222222222222,10.367177382904977,0.4311473906699726,0.4402777777777777
risk_transfer,604,dynamic_k,nearest,risk_transfer,732,0.693022499083173,0.2499347258714902,356.23238183568475,454.2294804934421,0.1325252339438437,0.2234855500239022,46.49367580417447,0.0186475409836065,110.89835892416576,5.979918032786886,1.8277777777777773,0.9402777777777778,1.5492957746478873,0.5660377358490566,1.3652777777777778,0.4927777777777778,0.454692443054257,0.4687474486697017,146.86603890665873,16.968819532501808,0.1622808618456747,0.1622808618456747,0.5277777777777778,risk_seed604_sr0.15_gap300_low_nearest,0.15,300,low,0.08,0.1,30,720,16,120,0.5188804234316108,0.0,0.0,0.0,0.5188804234316108,1.3652777777777778
risk_transfer,604,dynamic_k,role_aware,risk_transfer,192,0.6945969807988872,0.2507309307968215,343.2942900803725,434.4210361905188,0.1133592168350529,0.1541773849585773,8.960525304519871,0.0151041666666666,4858.849116015316,5.875,1.3194444444444444,0.6069444444444444,0.3392857142857143,0.5,1.7402777777777778,0.2695833333333333,0.3097341795187522,0.3420296331531259,145.20537741201994,10.938845414736113,0.1051362359407375,0.1051362359407375,0.3055555555555556,risk_seed604_sr0.1_gap300_low_role_aware,0.1,300,low,0.08,0.1,30,720,16,120,0.30721613601899783,0.3108711377316717,0.4472222222222222,1.4386096614998138,0.6180872737506695,1.2930555555555556
risk_transfer,604,dynamic_k,role_aware,risk_transfer,192,0.6934974488897732,0.2501691794185663,342.47086723405494,434.991357490092,0.115522290603028,0.1320750051153051,8.87329708376192,0.01875,4835.940723688406,5.815104166666667,1.125,0.4625,0.5789473684210527,0.4607843137254901,1.5319444444444446,0.26875,0.2877572926121491,0.3436514347151837,145.34970740778414,12.044957744888643,0.0946773017079179,0.0946773017079179,0.3472222222222222,risk_seed604_sr0.1_gap300_high_role_aware,0.1,300,high,0.45,0.1,30,720,16,120,0.2606888846913063,0.26122658743120936,0.21944444444444455,0.8400540182466396,0.5219154721225157,1.3125
risk_transfer,604,dynamic_k,multi_objective_without_smurf_penalty,risk_transfer,192,0.6901545018747018,0.2485116562292181,341.09648649195003,434.8195107579906,0.1128916023211839,0.1315744668810316,10.07923714310084,0.0708333333333333,5169.620806592987,5.828125,1.0138888888888888,0.3652777777777777,0.375,0.5,1.926388888888889,0.26875,0.3060819267442107,0.3384369146024206,145.1369993726618,10.667963546791896,0.0837198249603786,0.0837198249603786,0.3486111111111111,risk_seed604_sr0.1_gap300_low_multi_objective_without_smurf_penalty,0.1,300,low,0.08,0.1,30,720,16,120,0.35997982393563294,0.2581074498150366,0.6333333333333333,2.453758439700942,0.6180872737506695,1.2930555555555556
risk_transfer,604,dynamic_k,multi_objective_without_smurf_penalty,risk_transfer,192,0.6945792181840019,0.2507162090033549,345.69090518310384,438.90629562427233,0.1161620934511428,0.1258303943713886,8.90393192371277,0.0729166666666666,5304.27747508559,5.7562500000000005,0.9722222222222222,0.4097222222222222,0.3793103448275862,0.4313725490196078,1.7486111111111111,0.2391666666666666,0.2721983023131859,0.3415761111757575,144.74524059712147,11.7394194491354,0.0868523052659003,0.0868523052659003,0.3694444444444444,risk_seed604_sr0.1_gap300_high_multi_objective_without_smurf_penalty,0.1,300,high,0.45,0.1,30,720,16,120,0.3182819515433954,0.20363352057912026,0.4361111111111111,2.1416469639715503,0.5219154721225157,1.3125
risk_transfer,604,dynamic_k,multi_objective_with_smurf_exposure_penalty,risk_transfer,192,0.698281974649159,0.2525399936912387,341.9709385962845,435.3458479257083,0.1137700083017693,0.1349011068612482,14.34282969982913,0.0877604166666666,5171.812014669059,5.903125,1.1388888888888888,0.5430555555555555,0.4642857142857143,0.5196078431372549,1.926388888888889,0.2752777777777778,0.3031760098999179,0.3318114661764288,145.46352512295044,10.778100569672974,0.0975712857671956,0.0975712857671956,0.3333333333333333,risk_seed604_sr0.1_gap300_low_multi_objective_with_smurf_exposure_penalty,0.1,300,low,0.08,0.1,30,720,16,120,0.41717741520932655,0.20090985854134297,0.6333333333333333,3.152325813832609,0.6180872737506695,1.2930555555555556
risk_transfer,604,dynamic_k,multi_objective_with_smurf_exposure_penalty,risk_transfer,192,0.6955560018605856,0.2511663612715812,342.0795730801099,435.257610419638,0.1160328897838338,0.1292233584857308,12.59802144775808,0.09140625,4895.036783367893,5.835416666666667,0.9861111111111112,0.4347222222222222,0.5357142857142857,0.4607843137254901,1.9,0.2656944444444444,0.3060203667642174,0.351780552540874,145.11690806217177,12.204300526348447,0.0908584232004559,0.0908584232004559,0.3875,risk_seed604_sr0.1_gap300_high_multi_objective_with_smurf_exposure_penalty,0.1,300,high,0.45,0.1,30,720,16,120,0.39516915886044995,0.1267463132620657,0.5874999999999999,4.635243305146569,0.5219154721225157,1.3125
risk_transfer,604,dynamic_k,nearest,risk_transfer,840,0.6918487633230235,0.2494019520471144,351.90813174852417,450.9772191184982,0.138480185857191,0.2292328904962426,48.72623151931082,0.01375,72.32222048388286,6.012261904761905,2.1194444444444445,1.273611111111111,1.8805970149253728,0.7735849056603774,1.1958333333333333,0.5404166666666667,0.4579218955459969,0.4723668807299826,146.87200026769716,19.642155407311524,0.1973223748688887,0.1973223748688887,0.6277777777777778,risk_seed604_sr0.15_gap300_high_nearest,0.15,300,high,0.45,0.1,30,720,16,120,0.6033638953753622,0.0,0.0,0.0,0.6033638953753622,1.1958333333333333
risk_transfer,604,dynamic_k,role_aware,risk_transfer,192,0.7137165191751746,0.2601460041518132,402.25725632417374,549.0690982332121,0.1139138876921438,0.1432629926402766,16.403343096707783,0.0135416666666666,15051.411882351778,5.840625,1.1666666666666667,0.5027777777777778,0.2,0.392156862745098,1.0486111111111112,0.2630555555555555,0.318137313946516,0.3585551954299931,193.6134471185105,11.279035632172064,0.0964358404149272,0.0964358404149272,0.3486111111111111,risk_seed604_sr0.1_gap700_low_role_aware,0.1,700,low,0.08,0.1,30,720,16,120,0.21647877198491042,0.3642402430290562,0.4208333333333334,1.1553729753572635,0.5807190150139666,0.6277777777777778
risk_transfer,604,dynamic_k,multi_objective_without_smurf_penalty,risk_transfer,192,0.6956502308911431,0.2512501586921314,403.7645126165536,554.0019120642396,0.113375782112714,0.1277712127509447,12.482162421913705,0.0609375,18192.93627709462,5.775520833333334,0.9166666666666666,0.2694444444444444,0.0714285714285714,0.3529411764705882,1.3472222222222223,0.2598611111111111,0.3169455209447082,0.3575370586232966,194.1558287334484,10.642890930257446,0.0753193698607864,0.0753193698607864,0.3541666666666667,risk_seed604_sr0.1_gap700_low_multi_objective_without_smurf_penalty,0.1,700,low,0.08,0.1,30,720,16,120,0.25685160018578423,0.3238674148281824,0.7194444444444446,2.2214165782195874,0.5807190150139666,0.6277777777777778
risk_transfer,604,dynamic_k,nearest,risk_transfer,732,0.6925770514067227,0.24974628808579,437.1241746066266,600.7396321096829,0.1319484622550573,0.2290665319565571,46.78960715139034,0.0174863387978142,155.53409842166184,5.979918032786886,1.9555555555555555,1.086111111111111,1.2816901408450705,0.5943396226415094,0.7472222222222222,0.4927777777777777,0.4612432283394802,0.4766831755048462,203.8164019174632,15.55869216634381,0.1701374059884985,0.1701374059884985,0.4611111111111111,risk_seed604_sr0.15_gap700_low_nearest,0.15,700,low,0.08,0.1,30,720,16,120,0.49279507150203117,0.0,0.0,0.0,0.49279507150203117,0.7472222222222222
risk_transfer,604,dynamic_k,nearest,risk_transfer,840,0.6902315232744879,0.2485930209368473,432.7256993472124,597.3194227798575,0.1381661004332841,0.2335293749494965,49.2218758420616,0.01375,135.12022951679714,6.012261904761905,2.1777777777777776,1.4375,1.8088235294117647,0.7641509433962265,0.5944444444444444,0.5404166666666667,0.4637357796841543,0.47846160282151,203.6853246806984,19.6450640179978,0.2074807505625553,0.2074807505625553,0.6083333333333333,risk_seed604_sr0.15_gap700_high_nearest,0.15,700,high,0.45,0.1,30,720,16,120,0.5792772372430127,0.0,0.0,0.0,0.5792772372430127,0.5944444444444444
risk_transfer,604,dynamic_k,role_aware,risk_transfer,192,0.7069689639908425,0.2567183843212068,403.2835270752322,554.0579262965277,0.1159352218364896,0.1373959863516486,16.39243965720431,0.0166666666666666,16404.733467146954,5.824479166666666,1.1805555555555556,0.5083333333333333,0.6140350877192983,0.5098039215686274,0.9444444444444444,0.2629166666666666,0.2967871445792644,0.3315454484966443,194.04484330242084,11.87554211945592,0.0984894750653821,0.0984894750653821,0.3458333333333333,risk_seed604_sr0.1_gap700_high_role_aware,0.1,700,high,0.45,0.1,30,720,16,120,0.24004911079670835,0.24822094513556117,0.30833333333333335,1.2421729083536561,0.4882700559322695,0.6361111111111111
risk_transfer,604,dynamic_k,multi_objective_with_smurf_exposure_penalty,risk_transfer,192,0.7176586087789184,0.2620494859613703,402.1927058346526,549.3079218367565,0.1144370384740484,0.1462510459545867,23.68739551968909,0.090625,16308.961150459652,5.910416666666666,1.1388888888888888,0.3777777777777777,0.3214285714285714,0.5,1.5152777777777775,0.2697222222222222,0.3302658890692836,0.3790259311258173,193.4615139424669,11.448853519038137,0.0891827676500944,0.0891827676500944,0.3611111111111111,risk_seed604_sr0.1_gap700_low_multi_objective_with_smurf_exposure_penalty,0.1,700,low,0.08,0.1,30,720,16,120,0.385497899347118,0.19522111566684863,0.8874999999999997,4.546127077331882,0.5807190150139666,0.6277777777777778
risk_transfer,604,dynamic_k,multi_objective_without_smurf_penalty,risk_transfer,192,0.6939143178109398,0.2503832767374417,403.5544626856171,552.9298799706545,0.115093186089638,0.1362411138124848,9.742059973408066,0.0723958333333333,18177.981295343103,5.704687500000001,1.0277777777777777,0.4083333333333333,0.2280701754385964,0.4803921568627451,1.2763888888888888,0.2361111111111111,0.3110977275857983,0.3344504220403273,193.9357326671212,12.04534726905232,0.0887849192010405,0.0887849192010405,0.375,risk_seed604_sr0.1_gap700_high_multi_objective_without_smurf_penalty,0.1,700,high,0.45,0.1,30,720,16,120,0.31474987194836623,0.1735201839839033,0.6402777777777777,3.689932566214738,0.4882700559322695,0.6361111111111111
risk_transfer,604,dynamic_k,multi_objective_with_smurf_exposure_penalty,risk_transfer,192,0.7143244878432103,0.2604174838920035,401.2754010919042,550.5740721652899,0.1176657899367271,0.1427371409789088,25.495543852701644,0.09140625,16698.265126628325,5.833333333333333,1.1666666666666667,0.4833333333333333,0.5,0.4705882352941176,1.398611111111111,0.2638888888888889,0.3102204192909132,0.3380456459199745,193.42008670798324,12.510002280466678,0.0983708699214846,0.0983708699214846,0.375,risk_seed604_sr0.1_gap700_high_multi_objective_with_smurf_exposure_penalty,0.1,700,high,0.45,0.1,30,720,16,120,0.3806778759169497,0.10759218001531984,0.7625,7.08694628077458,0.4882700559322695,0.6361111111111111
risk_transfer,604,dynamic_k,role_aware,risk_transfer,192,0.7005603375636728,0.2536286165199641,361.77218197942216,460.2046538165511,0.1134072861574379,0.1365700757342488,10.775912679451968,0.01328125,4970.522292732124,5.958854166666666,1.0555555555555556,0.3555555555555555,0.3188405797101449,0.2830188679245283,1.6916666666666669,0.2966666666666667,0.3249004003204247,0.3650987016282601,146.48382775923503,11.415988424490454,0.0859664510413025,0.0859664510413025,0.3430555555555555,risk_seed604_sr0.15_gap300_low_role_aware,0.15,300,low,0.08,0.1,30,720,16,120,0.23194738306073398,0.2869330403708768,0.32638888888888906,1.1375089061441421,0.5188804234316108,1.3652777777777778
risk_transfer,604,dynamic_k,multi_objective_without_smurf_penalty,risk_transfer,192,0.6898693639619999,0.2483702018447128,365.11361869815295,464.6031060604307,0.1130518635060422,0.143225411681641,9.199944224520834,0.0658854166666666,5444.362061838301,5.935937499999999,1.2222222222222223,0.5,0.4225352112676056,0.4622641509433962,1.808333333333333,0.2859722222222222,0.311616275345895,0.3433426426601966,146.73349362687014,11.382817113321211,0.0985594736075501,0.0985594736075501,0.3486111111111111,risk_seed604_sr0.15_gap300_low_multi_objective_without_smurf_penalty,0.15,300,low,0.08,0.1,30,720,16,120,0.37197971996755136,0.14690070346405942,0.4430555555555551,3.0160206527802815,0.5188804234316108,1.3652777777777778
risk_transfer,604,dynamic_k,multi_objective_with_smurf_exposure_penalty,risk_transfer,192,0.7028220743031167,0.2547953466302817,364.3695777269648,463.8753832197471,0.1142485595229189,0.1337929973580353,14.877289039822529,0.0817708333333333,5700.387420755065,6.023958333333333,1.0138888888888888,0.3444444444444444,0.2352941176470588,0.3490566037735849,1.9111111111111112,0.3094444444444444,0.3096977305609326,0.3290775904880836,146.61993784319543,12.284103619497026,0.0858615313422074,0.0858615313422074,0.3375,risk_seed604_sr0.15_gap300_low_multi_objective_with_smurf_exposure_penalty,0.15,300,low,0.08,0.1,30,720,16,120,0.34516574781300563,0.17371467561860515,0.5458333333333334,3.1421256228905143,0.5188804234316108,1.3652777777777778
risk_transfer,604,dynamic_k,role_aware,risk_transfer,192,0.693377054662502,0.2500991382701983,362.8972821357412,464.2852345272416,0.1135616073595732,0.1367715688590969,11.036199335114006,0.01796875,4232.5169081086815,5.8828125,1.0,0.3986111111111111,0.3235294117647059,0.2924528301886792,1.6402777777777775,0.2791666666666667,0.311960410905633,0.3519952434148145,146.50284743996713,11.415728769743549,0.0872846736391371,0.0872846736391371,0.3486111111111111,risk_seed604_sr0.15_gap300_high_role_aware,0.15,300,high,0.45,0.1,30,720,16,120,0.2284366171105521,0.3749272782648101,0.4444444444444442,1.1854150663599738,0.6033638953753622,1.1958333333333333
risk_transfer,604,dynamic_k,multi_objective_without_smurf_penalty,risk_transfer,192,0.6892804836943475,0.2480814091713755,363.0784661021431,464.2328942360605,0.1138551431013147,0.1434531725627352,10.049552050659647,0.0697916666666666,5068.125461991156,5.840625,1.1111111111111112,0.5013888888888889,0.25,0.4528301886792453,1.870833333333333,0.2604166666666667,0.3060815314164076,0.3419983830573633,147.14556964488312,11.260516889634706,0.0945411068140768,0.0945411068140768,0.3263888888888889,risk_seed604_sr0.15_gap300_high_multi_objective_without_smurf_penalty,0.15,300,high,0.45,0.1,30,720,16,120,0.3607141005068534,0.2426497948685088,0.6749999999999996,2.781786814885956,0.6033638953753622,1.1958333333333333
risk_transfer,604,dynamic_k,multi_objective_with_smurf_exposure_penalty,risk_transfer,192,0.6886173195655179,0.2477301933655977,362.6960340375525,463.475889070166,0.1137176089508174,0.1445799148105733,14.981110737693228,0.0916666666666666,4869.482823944217,5.907291666666667,1.2222222222222223,0.5625,0.6086956521739131,0.4150943396226415,1.9444444444444444,0.2729166666666666,0.3173867238803471,0.3481874007198134,146.87790396424418,11.892217689184715,0.1030709969728005,0.1030709969728005,0.35,risk_seed604_sr0.15_gap300_high_multi_objective_with_smurf_exposure_penalty,0.15,300,high,0.45,0.1,30,720,16,120,0.4318664585927072,0.17149743678265494,0.7486111111111111,4.365144605979468,0.6033638953753622,1.1958333333333333
risk_transfer,604,dynamic_k,role_aware,risk_transfer,192,0.7046924929616872,0.2555907509566717,445.2986646263925,609.1230561504531,0.1131565405342265,0.14299960463587,14.14176006849487,0.0151041666666666,13603.194449134457,5.990104166666666,1.1388888888888888,0.425,0.1857142857142857,0.2830188679245283,1.2819444444444446,0.3015277777777778,0.3236960226782747,0.3636729768147103,203.4387420358252,10.887581117497504,0.0913967513259244,0.0913967513259244,0.3375,risk_seed604_sr0.15_gap700_low_role_aware,0.15,700,low,0.08,0.1,30,720,16,120,0.21145409035998747,0.2813409811420437,0.5347222222222223,1.900619739263123,0.49279507150203117,0.7472222222222222
risk_transfer,604,dynamic_k,multi_objective_without_smurf_penalty,risk_transfer,192,0.6916650556429077,0.2492696949883783,446.4766517831359,608.8807676985175,0.1127571354476156,0.1396209331138644,10.163615920795705,0.0614583333333333,15885.386836456995,5.916145833333334,1.0694444444444444,0.4236111111111111,0.1690140845070422,0.3396226415094339,1.3416666666666666,0.2826388888888889,0.3325538431737902,0.3828016871081666,203.3400656492389,10.846940945836703,0.0890271434852366,0.0890271434852366,0.3402777777777778,risk_seed604_sr0.15_gap700_low_multi_objective_without_smurf_penalty,0.15,700,low,0.08,0.1,30,720,16,120,0.2956912095125173,0.19710386198951385,0.5944444444444443,3.015894455056743,0.49279507150203117,0.7472222222222222
risk_transfer,604,dynamic_k,role_aware,risk_transfer,192,0.6924219989278358,0.249585950007019,443.5480883322004,608.1841909367324,0.1137173683515937,0.1466759173844824,13.330719902203148,0.0158854166666666,13776.003101873235,5.8671875,1.1805555555555556,0.5708333333333333,0.4285714285714285,0.330188679245283,1.1819444444444445,0.2779166666666666,0.3380512077138952,0.3652927211394528,203.0325298690737,11.301956592527189,0.1025563213290574,0.1025563213290574,0.375,risk_seed604_sr0.15_gap700_high_role_aware,0.15,700,high,0.45,0.1,30,720,16,120,0.25066306732738264,0.3286141699156301,0.5875,1.7878109156121829,0.5792772372430127,0.5944444444444444
risk_transfer,604,dynamic_k,multi_objective_with_smurf_exposure_penalty,risk_transfer,192,0.700866075685583,0.2538695875287386,444.3074532169464,608.6650927950823,0.1139100052208162,0.1424378690166897,18.67342930628068,0.0825520833333333,14699.349156779304,5.991666666666667,1.0694444444444444,0.4791666666666667,0.1857142857142857,0.2358490566037736,1.4347222222222222,0.3013888888888889,0.3140689683260495,0.3520129175374529,203.18701889861515,11.04322177586768,0.0929006631006458,0.0929006631006458,0.3333333333333333,risk_seed604_sr0.15_gap700_low_multi_objective_with_smurf_exposure_penalty,0.15,700,low,0.08,0.1,30,720,16,120,0.31152771319564393,0.18126735830638724,0.6875,3.7927402176731277,0.49279507150203117,0.7472222222222222
risk_transfer,604,dynamic_k,multi_objective_without_smurf_penalty,risk_transfer,192,0.697068036607202,0.2519462816104245,442.9131731600013,609.0762645516154,0.1140474595759156,0.1419766971538422,11.57082869036435,0.06953125,16516.53478012313,5.818229166666666,1.0972222222222223,0.425,0.2676056338028169,0.2830188679245283,1.3125,0.2536111111111111,0.3229247030006718,0.3551335762146214,202.98373208592784,11.927227875853324,0.0921368708999972,0.0921368708999972,0.3875,risk_seed604_sr0.15_gap700_high_multi_objective_without_smurf_penalty,0.15,700,high,0.45,0.1,30,720,16,120,0.29743759799379715,0.28183963924921557,0.7180555555555556,2.5477450846458747,0.5792772372430127,0.5944444444444444
risk_transfer,604,dynamic_k,multi_objective_with_smurf_exposure_penalty,risk_transfer,192,0.7038318189532028,0.2553055145105136,443.7577988153743,607.745728326104,0.1148134305973375,0.1452321873388243,22.141038794115577,0.0901041666666667,15245.967572703375,5.901041666666667,1.1805555555555556,0.4916666666666666,0.4347826086956521,0.4528301886792453,1.5666666666666669,0.2708333333333333,0.323546407852561,0.3577212204793566,203.49942189389327,11.234482884064104,0.0963877799484402,0.0963877799484402,0.3375,risk_seed604_sr0.15_gap700_high_multi_objective_with_smurf_exposure_penalty,0.15,700,high,0.45,0.1,30,720,16,120,0.39516474328450474,0.18411249395850798,0.9722222222222224,5.280587978137565,0.5792772372430127,0.5944444444444444
